using device: cuda | distributed=False | rank=0 | local_rank=0 | world_size=1
flat_metadata_index | path=/home/dannyahn/Jakal-Net/artifacts/wiki6m_hf16k/pretokenized_seq512 | shards=12 | workers=8
flat_metadata_ok | path=/home/dannyahn/Jakal-Net/artifacts/wiki6m_hf16k/pretokenized_seq512 | shards=12
loaded_pretokenized_dir | path=/home/dannyahn/Jakal-Net/artifacts/wiki6m_hf16k/pretokenized_seq512 | documents=5,782,048 | tokenizer=hf_auto
startup | split_train_val_flat_done
startup | summarize_flat_buckets_done
startup | estimate_steps_flat_done
startup | fixed_eval_documents_flat_done
startup | fixed_eval_sample_documents_flat_done
startup | model_init_done
model=causal_memory_doc | params=195,694,752 | dim=1024 | seq_len=512 | layers=10 | heads=8 | ff_mult=3 | dropout=0 | scan_backend=auto | scan_checkpoint_chunk_size=0 | knowledge_memory_size=4096 | knowledge_beta_dim=64 | knowledge_relation=full_dense | knowledge_activation=relu | feed_forward_layers=True | feed_forward_activation=gelu | optimizer=adamw_fused
runtime | compile_model=False | compile_mode=reduce-overhead
training_policy | forced_unit_norm_policy=respect_cli | forced_document_span_policy=all_stage_spans_fixed_to_1 | unit_norm_values=False | lowrank_lion_default_schedule_applied=False | replicate_global_batches=False | nomemory_lowrank_grad_scale=1.0 | lr_decay_start_step=20000 | lr_decay_steps=120000 | lr_min_ratio=0.1
curriculum_batches | stage1=batch8/ga8 (global=8) | stage2=batch8/ga8 (global=8) | stage3=batch8/ga8 (global=8) | data_batch_sizes=(8,8,8)
curriculum_spans | stage1=1 | stage2=1 | stage3=1
bucket_summary | train={'wiki': 5203843} | val={'wiki': 578205}
optimizer_groups | model:count=195,694,752,lr_scale=1.0000
startup | main_optimizer_done
startup | batcher_done
startup | prefetcher_done | mode=async | workers=0 | prefetch_workers=1 | block_size=16 | queued_blocks=4 | cache_dir=None | pin_memory=False
/home/dannyahn/Jakal-Net/scripts/train_causal_memory_lm.py:488: FutureWarning: You are using `torch.load` with `weights_only=False` (the current default value), which uses the default pickle module implicitly. It is possible to construct malicious pickle data which will execute arbitrary code during unpickling (See https://github.com/pytorch/pytorch/blob/main/SECURITY.md#untrusted-models for more details). In a future release, the default value for `weights_only` will be flipped to `True`. This limits the functions that could be executed during unpickling. Arbitrary objects will no longer be allowed to be loaded via this mode unless they are explicitly allowlisted by the user via `torch.serialization.add_safe_globals`. We recommend you start setting `weights_only=True` for any use case where you don't have full control of the loaded file. Please open an issue on GitHub for any issues related to this experimental feature.
  bundle = torch.load(self.path, map_location="cpu")
curriculum | step=1 | stage=stage1 | span=1 | batch_size=8 | grad_accum_steps=8 | freeze_memory=True | freeze_backbone=True | freeze_skip=True | bucket_weights={mixed_dialogue:1.000, arxiv:1.000, pubmed:1.000, dialogue:1.000, wiki:1.000, code:1.000, math:1.000, docs:1.000}
progress | opt_step=    1/172211 | micro_step=    8/1377681 | stage=stage1 | span=1 | train_loss=9.9574 | lr=0.0001 | cpu_batch_ms=186.2 | provider_batch_ms=42.4 | prefetch_q=100 | elapsed=6.3s
progress | opt_step=   25/172211 | micro_step=  200/1377681 | stage=stage1 | span=1 | train_loss=7.4875 | lr=0.00010481 | cpu_batch_ms=7.6 | provider_batch_ms=234.3 | prefetch_q=100 | elapsed=92.4s
progress | opt_step=   50/172211 | micro_step=  400/1377681 | stage=stage1 | span=1 | train_loss=7.4501 | lr=0.00010982 | cpu_batch_ms=4.0 | provider_batch_ms=271.9 | prefetch_q=98 | elapsed=183.3s
progress | opt_step=   75/172211 | micro_step=  600/1377681 | stage=stage1 | span=1 | train_loss=7.2927 | lr=0.00011483 | cpu_batch_ms=2.8 | provider_batch_ms=304.2 | prefetch_q=99 | elapsed=275.7s
progress | opt_step=  100/172211 | micro_step=  800/1377681 | stage=stage1 | span=1 | train_loss=7.0059 | lr=0.00011984 | cpu_batch_ms=2.2 | provider_batch_ms=314.4 | prefetch_q=99 | elapsed=366.6s
progress | opt_step=  125/172211 | micro_step= 1000/1377681 | stage=stage1 | span=1 | train_loss=6.7428 | lr=0.00012485 | cpu_batch_ms=1.8 | provider_batch_ms=218.3 | prefetch_q=100 | elapsed=459.7s
progress | opt_step=  150/172211 | micro_step= 1200/1377681 | stage=stage1 | span=1 | train_loss=6.6678 | lr=0.00012986 | cpu_batch_ms=1.5 | provider_batch_ms=281.4 | prefetch_q=100 | elapsed=551.4s
progress | opt_step=  175/172211 | micro_step= 1400/1377681 | stage=stage1 | span=1 | train_loss=6.6044 | lr=0.00013487 | cpu_batch_ms=1.4 | provider_batch_ms=296.0 | prefetch_q=98 | elapsed=641.7s
progress | opt_step=  200/172211 | micro_step= 1600/1377681 | stage=stage1 | span=1 | train_loss=6.5986 | lr=0.00013988 | cpu_batch_ms=1.3 | provider_batch_ms=309.1 | prefetch_q=100 | elapsed=733.1s
eval | opt_step=200 | micro_step=1600 | train_loss=6.5986 | val_loss=6.6880 | val_ppl=802.75
progress | opt_step=  225/172211 | micro_step= 1800/1377681 | stage=stage1 | span=1 | train_loss=6.3429 | lr=0.00014489 | cpu_batch_ms=1.2 | provider_batch_ms=224.3 | prefetch_q=95 | elapsed=848.2s
progress | opt_step=  250/172211 | micro_step= 2000/1377681 | stage=stage1 | span=1 | train_loss=6.4673 | lr=0.0001499 | cpu_batch_ms=1.1 | provider_batch_ms=287.4 | prefetch_q=92 | elapsed=939.4s
progress | opt_step=  275/172211 | micro_step= 2200/1377681 | stage=stage1 | span=1 | train_loss=6.3077 | lr=0.00015491 | cpu_batch_ms=1.0 | provider_batch_ms=310.0 | prefetch_q=100 | elapsed=1031.3s
progress | opt_step=  300/172211 | micro_step= 2400/1377681 | stage=stage1 | span=1 | train_loss=5.7743 | lr=0.00015992 | cpu_batch_ms=0.9 | provider_batch_ms=318.6 | prefetch_q=100 | elapsed=1122.1s
progress | opt_step=  325/172211 | micro_step= 2600/1377681 | stage=stage1 | span=1 | train_loss=6.3884 | lr=0.00016493 | cpu_batch_ms=0.9 | provider_batch_ms=216.9 | prefetch_q=99 | elapsed=1233.3s
progress | opt_step=  350/172211 | micro_step= 2800/1377681 | stage=stage1 | span=1 | train_loss=6.0846 | lr=0.00016994 | cpu_batch_ms=0.8 | provider_batch_ms=273.4 | prefetch_q=100 | elapsed=1324.7s
progress | opt_step=  375/172211 | micro_step= 3000/1377681 | stage=stage1 | span=1 | train_loss=6.1128 | lr=0.00017495 | cpu_batch_ms=0.8 | provider_batch_ms=299.9 | prefetch_q=100 | elapsed=1415.6s
progress | opt_step=  400/172211 | micro_step= 3200/1377681 | stage=stage1 | span=1 | train_loss=6.1046 | lr=0.00017996 | cpu_batch_ms=0.8 | provider_batch_ms=317.5 | prefetch_q=100 | elapsed=1506.8s
eval | opt_step=400 | micro_step=3200 | train_loss=6.1046 | val_loss=6.2878 | val_ppl=537.98
progress | opt_step=  425/172211 | micro_step= 3400/1377681 | stage=stage1 | span=1 | train_loss=6.0090 | lr=0.00018497 | cpu_batch_ms=1.0 | provider_batch_ms=248.9 | prefetch_q=94 | elapsed=1642.1s
progress | opt_step=  450/172211 | micro_step= 3600/1377681 | stage=stage1 | span=1 | train_loss=5.9851 | lr=0.00018998 | cpu_batch_ms=0.9 | provider_batch_ms=286.2 | prefetch_q=99 | elapsed=1733.0s
progress | opt_step=  475/172211 | micro_step= 3800/1377681 | stage=stage1 | span=1 | train_loss=5.8521 | lr=0.00019499 | cpu_batch_ms=0.9 | provider_batch_ms=303.4 | prefetch_q=100 | elapsed=1824.3s
progress | opt_step=  500/172211 | micro_step= 4000/1377681 | stage=stage1 | span=1 | train_loss=6.0764 | lr=0.0002 | cpu_batch_ms=0.9 | provider_batch_ms=318.1 | prefetch_q=100 | elapsed=1915.9s
progress | opt_step=  525/172211 | micro_step= 4200/1377681 | stage=stage1 | span=1 | train_loss=5.9891 | lr=0.0002 | cpu_batch_ms=0.9 | provider_batch_ms=234.1 | prefetch_q=100 | elapsed=2027.5s
progress | opt_step=  550/172211 | micro_step= 4400/1377681 | stage=stage1 | span=1 | train_loss=5.6946 | lr=0.0002 | cpu_batch_ms=0.8 | provider_batch_ms=292.2 | prefetch_q=100 | elapsed=2119.3s
progress | opt_step=  575/172211 | micro_step= 4600/1377681 | stage=stage1 | span=1 | train_loss=6.0327 | lr=0.0002 | cpu_batch_ms=0.8 | provider_batch_ms=313.4 | prefetch_q=96 | elapsed=2210.8s
progress | opt_step=  600/172211 | micro_step= 4800/1377681 | stage=stage1 | span=1 | train_loss=5.6163 | lr=0.0002 | cpu_batch_ms=0.8 | provider_batch_ms=331.8 | prefetch_q=93 | elapsed=2302.3s
eval | opt_step=600 | micro_step=4800 | train_loss=5.6163 | val_loss=5.9847 | val_ppl=397.30
progress | opt_step=  625/172211 | micro_step= 5000/1377681 | stage=stage1 | span=1 | train_loss=5.7180 | lr=0.0002 | cpu_batch_ms=1.9 | provider_batch_ms=240.3 | prefetch_q=99 | elapsed=2441.3s
progress | opt_step=  650/172211 | micro_step= 5200/1377681 | stage=stage1 | span=1 | train_loss=5.8016 | lr=0.0002 | cpu_batch_ms=1.8 | provider_batch_ms=289.7 | prefetch_q=97 | elapsed=2533.0s
progress | opt_step=  675/172211 | micro_step= 5400/1377681 | stage=stage1 | span=1 | train_loss=5.6610 | lr=0.0002 | cpu_batch_ms=1.7 | provider_batch_ms=301.1 | prefetch_q=97 | elapsed=2623.9s
progress | opt_step=  700/172211 | micro_step= 5600/1377681 | stage=stage1 | span=1 | train_loss=5.6500 | lr=0.0002 | cpu_batch_ms=1.7 | provider_batch_ms=313.8 | prefetch_q=100 | elapsed=2714.5s
progress | opt_step=  725/172211 | micro_step= 5800/1377681 | stage=stage1 | span=1 | train_loss=5.5637 | lr=0.0002 | cpu_batch_ms=1.7 | provider_batch_ms=214.9 | prefetch_q=100 | elapsed=2825.9s
progress | opt_step=  750/172211 | micro_step= 6000/1377681 | stage=stage1 | span=1 | train_loss=4.8502 | lr=0.0002 | cpu_batch_ms=1.6 | provider_batch_ms=284.6 | prefetch_q=99 | elapsed=2917.5s
progress | opt_step=  775/172211 | micro_step= 6200/1377681 | stage=stage1 | span=1 | train_loss=5.5740 | lr=0.0002 | cpu_batch_ms=1.6 | provider_batch_ms=312.3 | prefetch_q=100 | elapsed=3008.6s
progress | opt_step=  800/172211 | micro_step= 6400/1377681 | stage=stage1 | span=1 | train_loss=5.4814 | lr=0.0002 | cpu_batch_ms=1.5 | provider_batch_ms=322.0 | prefetch_q=96 | elapsed=3099.2s
eval | opt_step=800 | micro_step=6400 | train_loss=5.4814 | val_loss=5.6265 | val_ppl=277.69
progress | opt_step=  825/172211 | micro_step= 6600/1377681 | stage=stage1 | span=1 | train_loss=5.3678 | lr=0.0002 | cpu_batch_ms=1.9 | provider_batch_ms=256.3 | prefetch_q=100 | elapsed=3237.6s
progress | opt_step=  850/172211 | micro_step= 6800/1377681 | stage=stage1 | span=1 | train_loss=5.3814 | lr=0.0002 | cpu_batch_ms=1.8 | provider_batch_ms=284.1 | prefetch_q=100 | elapsed=3328.6s
progress | opt_step=  875/172211 | micro_step= 7000/1377681 | stage=stage1 | span=1 | train_loss=5.4348 | lr=0.0002 | cpu_batch_ms=1.8 | provider_batch_ms=305.5 | prefetch_q=96 | elapsed=3419.9s
progress | opt_step=  900/172211 | micro_step= 7200/1377681 | stage=stage1 | span=1 | train_loss=5.1981 | lr=0.0002 | cpu_batch_ms=1.8 | provider_batch_ms=312.8 | prefetch_q=100 | elapsed=3510.7s
progress | opt_step=  925/172211 | micro_step= 7400/1377681 | stage=stage1 | span=1 | train_loss=5.1637 | lr=0.0002 | cpu_batch_ms=1.7 | provider_batch_ms=256.4 | prefetch_q=99 | elapsed=3622.0s
progress | opt_step=  950/172211 | micro_step= 7600/1377681 | stage=stage1 | span=1 | train_loss=4.9524 | lr=0.0002 | cpu_batch_ms=1.7 | provider_batch_ms=286.5 | prefetch_q=100 | elapsed=3712.8s
progress | opt_step=  975/172211 | micro_step= 7800/1377681 | stage=stage1 | span=1 | train_loss=4.4035 | lr=0.0002 | cpu_batch_ms=1.6 | provider_batch_ms=311.2 | prefetch_q=98 | elapsed=3804.6s
progress | opt_step= 1000/172211 | micro_step= 8000/1377681 | stage=stage1 | span=1 | train_loss=5.3530 | lr=0.0002 | cpu_batch_ms=1.6 | provider_batch_ms=321.7 | prefetch_q=100 | elapsed=3895.1s
eval | opt_step=1000 | micro_step=8000 | train_loss=5.3530 | val_loss=5.3356 | val_ppl=207.60
progress | opt_step= 1025/172211 | micro_step= 8200/1377681 | stage=stage1 | span=1 | train_loss=5.4473 | lr=0.0002 | cpu_batch_ms=1.6 | provider_batch_ms=231.5 | prefetch_q=97 | elapsed=4031.2s
progress | opt_step= 1050/172211 | micro_step= 8400/1377681 | stage=stage1 | span=1 | train_loss=5.1735 | lr=0.0002 | cpu_batch_ms=1.5 | provider_batch_ms=288.2 | prefetch_q=100 | elapsed=4122.4s
progress | opt_step= 1075/172211 | micro_step= 8600/1377681 | stage=stage1 | span=1 | train_loss=5.2769 | lr=0.0002 | cpu_batch_ms=1.5 | provider_batch_ms=309.3 | prefetch_q=100 | elapsed=4213.9s
progress | opt_step= 1100/172211 | micro_step= 8800/1377681 | stage=stage1 | span=1 | train_loss=4.8932 | lr=0.0002 | cpu_batch_ms=1.5 | provider_batch_ms=321.5 | prefetch_q=96 | elapsed=4305.0s
progress | opt_step= 1125/172211 | micro_step= 9000/1377681 | stage=stage1 | span=1 | train_loss=5.2053 | lr=0.0002 | cpu_batch_ms=1.8 | provider_batch_ms=275.1 | prefetch_q=98 | elapsed=4419.6s
progress | opt_step= 1150/172211 | micro_step= 9200/1377681 | stage=stage1 | span=1 | train_loss=4.9239 | lr=0.0002 | cpu_batch_ms=1.8 | provider_batch_ms=308.7 | prefetch_q=100 | elapsed=4510.2s
progress | opt_step= 1175/172211 | micro_step= 9400/1377681 | stage=stage1 | span=1 | train_loss=4.9936 | lr=0.0002 | cpu_batch_ms=1.7 | provider_batch_ms=322.7 | prefetch_q=100 | elapsed=4601.4s
progress | opt_step= 1200/172211 | micro_step= 9600/1377681 | stage=stage1 | span=1 | train_loss=5.1801 | lr=0.0002 | cpu_batch_ms=1.7 | provider_batch_ms=322.1 | prefetch_q=100 | elapsed=4692.4s
eval | opt_step=1200 | micro_step=9600 | train_loss=5.1801 | val_loss=5.1865 | val_ppl=178.84
progress | opt_step= 1225/172211 | micro_step= 9800/1377681 | stage=stage1 | span=1 | train_loss=5.0732 | lr=0.0002 | cpu_batch_ms=1.7 | provider_batch_ms=246.8 | prefetch_q=100 | elapsed=4827.9s
progress | opt_step= 1250/172211 | micro_step=10000/1377681 | stage=stage1 | span=1 | train_loss=4.2887 | lr=0.0002 | cpu_batch_ms=1.7 | provider_batch_ms=287.2 | prefetch_q=98 | elapsed=4918.4s
progress | opt_step= 1275/172211 | micro_step=10200/1377681 | stage=stage1 | span=1 | train_loss=4.9812 | lr=0.0002 | cpu_batch_ms=1.6 | provider_batch_ms=304.7 | prefetch_q=100 | elapsed=5008.8s
progress | opt_step= 1300/172211 | micro_step=10400/1377681 | stage=stage1 | span=1 | train_loss=4.8694 | lr=0.0002 | cpu_batch_ms=1.6 | provider_batch_ms=322.0 | prefetch_q=94 | elapsed=5100.1s
progress | opt_step= 1325/172211 | micro_step=10600/1377681 | stage=stage1 | span=1 | train_loss=5.0284 | lr=0.0002 | cpu_batch_ms=1.6 | provider_batch_ms=244.5 | prefetch_q=96 | elapsed=5211.6s
progress | opt_step= 1350/172211 | micro_step=10800/1377681 | stage=stage1 | span=1 | train_loss=4.4423 | lr=0.0002 | cpu_batch_ms=1.6 | provider_batch_ms=283.0 | prefetch_q=100 | elapsed=5302.9s
progress | opt_step= 1375/172211 | micro_step=11000/1377681 | stage=stage1 | span=1 | train_loss=4.1194 | lr=0.0002 | cpu_batch_ms=1.5 | provider_batch_ms=310.0 | prefetch_q=100 | elapsed=5393.9s
progress | opt_step= 1400/172211 | micro_step=11200/1377681 | stage=stage1 | span=1 | train_loss=4.9832 | lr=0.0002 | cpu_batch_ms=1.5 | provider_batch_ms=321.5 | prefetch_q=99 | elapsed=5484.8s
eval | opt_step=1400 | micro_step=11200 | train_loss=4.9832 | val_loss=4.8826 | val_ppl=131.97
progress | opt_step= 1425/172211 | micro_step=11400/1377681 | stage=stage1 | span=1 | train_loss=4.5065 | lr=0.0002 | cpu_batch_ms=1.5 | provider_batch_ms=238.8 | prefetch_q=94 | elapsed=5622.8s
progress | opt_step= 1450/172211 | micro_step=11600/1377681 | stage=stage1 | span=1 | train_loss=4.5629 | lr=0.0002 | cpu_batch_ms=1.5 | provider_batch_ms=284.8 | prefetch_q=98 | elapsed=5713.9s
progress | opt_step= 1475/172211 | micro_step=11800/1377681 | stage=stage1 | span=1 | train_loss=4.3459 | lr=0.0002 | cpu_batch_ms=1.5 | provider_batch_ms=305.7 | prefetch_q=99 | elapsed=5804.7s
progress | opt_step= 1500/172211 | micro_step=12000/1377681 | stage=stage1 | span=1 | train_loss=4.6850 | lr=0.0002 | cpu_batch_ms=1.4 | provider_batch_ms=322.7 | prefetch_q=91 | elapsed=5895.9s
progress | opt_step= 1525/172211 | micro_step=12200/1377681 | stage=stage1 | span=1 | train_loss=4.4178 | lr=0.0002 | cpu_batch_ms=1.5 | provider_batch_ms=234.1 | prefetch_q=100 | elapsed=6007.9s
progress | opt_step= 1550/172211 | micro_step=12400/1377681 | stage=stage1 | span=1 | train_loss=4.3353 | lr=0.0002 | cpu_batch_ms=1.5 | provider_batch_ms=295.9 | prefetch_q=97 | elapsed=6098.6s
progress | opt_step= 1575/172211 | micro_step=12600/1377681 | stage=stage1 | span=1 | train_loss=3.8538 | lr=0.0002 | cpu_batch_ms=1.5 | provider_batch_ms=315.7 | prefetch_q=100 | elapsed=6189.0s
progress | opt_step= 1600/172211 | micro_step=12800/1377681 | stage=stage1 | span=1 | train_loss=4.4533 | lr=0.0002 | cpu_batch_ms=1.4 | provider_batch_ms=325.6 | prefetch_q=100 | elapsed=6279.6s
eval | opt_step=1600 | micro_step=12800 | train_loss=4.4533 | val_loss=4.6172 | val_ppl=101.21
progress | opt_step= 1625/172211 | micro_step=13000/1377681 | stage=stage1 | span=1 | train_loss=4.3021 | lr=0.0002 | cpu_batch_ms=1.4 | provider_batch_ms=225.8 | prefetch_q=98 | elapsed=6416.6s
progress | opt_step= 1650/172211 | micro_step=13200/1377681 | stage=stage1 | span=1 | train_loss=4.5670 | lr=0.0002 | cpu_batch_ms=1.4 | provider_batch_ms=285.9 | prefetch_q=97 | elapsed=6507.4s
progress | opt_step= 1675/172211 | micro_step=13400/1377681 | stage=stage1 | span=1 | train_loss=4.5112 | lr=0.0002 | cpu_batch_ms=1.4 | provider_batch_ms=307.7 | prefetch_q=100 | elapsed=6598.4s
progress | opt_step= 1700/172211 | micro_step=13600/1377681 | stage=stage1 | span=1 | train_loss=4.2840 | lr=0.0002 | cpu_batch_ms=1.4 | provider_batch_ms=319.9 | prefetch_q=97 | elapsed=6689.4s
progress | opt_step= 1725/172211 | micro_step=13800/1377681 | stage=stage1 | span=1 | train_loss=4.4754 | lr=0.0002 | cpu_batch_ms=1.4 | provider_batch_ms=224.8 | prefetch_q=100 | elapsed=6802.9s
progress | opt_step= 1750/172211 | micro_step=14000/1377681 | stage=stage1 | span=1 | train_loss=3.3896 | lr=0.0002 | cpu_batch_ms=1.4 | provider_batch_ms=280.6 | prefetch_q=98 | elapsed=6894.1s
progress | opt_step= 1775/172211 | micro_step=14200/1377681 | stage=stage1 | span=1 | train_loss=4.1224 | lr=0.0002 | cpu_batch_ms=1.4 | provider_batch_ms=309.0 | prefetch_q=98 | elapsed=6985.1s
progress | opt_step= 1800/172211 | micro_step=14400/1377681 | stage=stage1 | span=1 | train_loss=4.5119 | lr=0.0002 | cpu_batch_ms=1.4 | provider_batch_ms=317.4 | prefetch_q=99 | elapsed=7075.9s
eval | opt_step=1800 | micro_step=14400 | train_loss=4.5119 | val_loss=4.4345 | val_ppl=84.31
progress | opt_step= 1825/172211 | micro_step=14600/1377681 | stage=stage1 | span=1 | train_loss=4.2609 | lr=0.0002 | cpu_batch_ms=1.4 | provider_batch_ms=224.7 | prefetch_q=100 | elapsed=7210.5s
progress | opt_step= 1850/172211 | micro_step=14800/1377681 | stage=stage1 | span=1 | train_loss=3.8477 | lr=0.0002 | cpu_batch_ms=1.4 | provider_batch_ms=287.6 | prefetch_q=100 | elapsed=7301.7s
progress | opt_step= 1875/172211 | micro_step=15000/1377681 | stage=stage1 | span=1 | train_loss=4.1538 | lr=0.0002 | cpu_batch_ms=1.4 | provider_batch_ms=309.9 | prefetch_q=100 | elapsed=7392.3s
progress | opt_step= 1900/172211 | micro_step=15200/1377681 | stage=stage1 | span=1 | train_loss=4.3018 | lr=0.0002 | cpu_batch_ms=1.4 | provider_batch_ms=321.5 | prefetch_q=100 | elapsed=7482.9s
progress | opt_step= 1925/172211 | micro_step=15400/1377681 | stage=stage1 | span=1 | train_loss=4.0888 | lr=0.0002 | cpu_batch_ms=1.3 | provider_batch_ms=236.0 | prefetch_q=100 | elapsed=7594.2s
progress | opt_step= 1950/172211 | micro_step=15600/1377681 | stage=stage1 | span=1 | train_loss=4.3539 | lr=0.0002 | cpu_batch_ms=1.3 | provider_batch_ms=293.4 | prefetch_q=100 | elapsed=7685.4s
progress | opt_step= 1975/172211 | micro_step=15800/1377681 | stage=stage1 | span=1 | train_loss=3.5131 | lr=0.0002 | cpu_batch_ms=1.3 | provider_batch_ms=313.4 | prefetch_q=100 | elapsed=7776.3s
progress | opt_step= 2000/172211 | micro_step=16000/1377681 | stage=stage1 | span=1 | train_loss=3.9133 | lr=0.0002 | cpu_batch_ms=1.3 | provider_batch_ms=325.2 | prefetch_q=100 | elapsed=7867.3s
eval | opt_step=2000 | micro_step=16000 | train_loss=3.9133 | val_loss=4.3163 | val_ppl=74.91
progress | opt_step= 2025/172211 | micro_step=16200/1377681 | stage=stage1 | span=1 | train_loss=3.6104 | lr=0.0002 | cpu_batch_ms=1.8 | provider_batch_ms=250.4 | prefetch_q=100 | elapsed=8010.0s
progress | opt_step= 2050/172211 | micro_step=16400/1377681 | stage=stage1 | span=1 | train_loss=4.0498 | lr=0.0002 | cpu_batch_ms=1.8 | provider_batch_ms=291.1 | prefetch_q=100 | elapsed=8101.4s
progress | opt_step= 2075/172211 | micro_step=16600/1377681 | stage=stage1 | span=1 | train_loss=3.8766 | lr=0.0002 | cpu_batch_ms=1.7 | provider_batch_ms=308.0 | prefetch_q=100 | elapsed=8192.3s
progress | opt_step= 2100/172211 | micro_step=16800/1377681 | stage=stage1 | span=1 | train_loss=4.2861 | lr=0.0002 | cpu_batch_ms=1.7 | provider_batch_ms=315.9 | prefetch_q=99 | elapsed=8283.0s
progress | opt_step= 2125/172211 | micro_step=17000/1377681 | stage=stage1 | span=1 | train_loss=4.2070 | lr=0.0002 | cpu_batch_ms=1.7 | provider_batch_ms=250.1 | prefetch_q=99 | elapsed=8395.9s
progress | opt_step= 2150/172211 | micro_step=17200/1377681 | stage=stage1 | span=1 | train_loss=4.1070 | lr=0.0002 | cpu_batch_ms=1.7 | provider_batch_ms=299.3 | prefetch_q=99 | elapsed=8486.8s
progress | opt_step= 2175/172211 | micro_step=17400/1377681 | stage=stage1 | span=1 | train_loss=3.9697 | lr=0.0002 | cpu_batch_ms=1.7 | provider_batch_ms=322.4 | prefetch_q=100 | elapsed=8578.0s
progress | opt_step= 2200/172211 | micro_step=17600/1377681 | stage=stage1 | span=1 | train_loss=4.2422 | lr=0.0002 | cpu_batch_ms=1.7 | provider_batch_ms=327.8 | prefetch_q=100 | elapsed=8669.1s
eval | opt_step=2200 | micro_step=17600 | train_loss=4.2422 | val_loss=4.2282 | val_ppl=68.59
progress | opt_step= 2225/172211 | micro_step=17800/1377681 | stage=stage1 | span=1 | train_loss=4.0512 | lr=0.0002 | cpu_batch_ms=1.7 | provider_batch_ms=220.3 | prefetch_q=100 | elapsed=8801.3s
progress | opt_step= 2250/172211 | micro_step=18000/1377681 | stage=stage1 | span=1 | train_loss=4.0096 | lr=0.0002 | cpu_batch_ms=1.7 | provider_batch_ms=285.3 | prefetch_q=100 | elapsed=8892.8s
progress | opt_step= 2275/172211 | micro_step=18200/1377681 | stage=stage1 | span=1 | train_loss=3.2669 | lr=0.0002 | cpu_batch_ms=1.6 | provider_batch_ms=304.5 | prefetch_q=100 | elapsed=8983.6s
progress | opt_step= 2300/172211 | micro_step=18400/1377681 | stage=stage1 | span=1 | train_loss=3.7847 | lr=0.0002 | cpu_batch_ms=1.6 | provider_batch_ms=317.2 | prefetch_q=93 | elapsed=9074.1s
progress | opt_step= 2325/172211 | micro_step=18600/1377681 | stage=stage1 | span=1 | train_loss=3.4905 | lr=0.0002 | cpu_batch_ms=1.6 | provider_batch_ms=249.7 | prefetch_q=97 | elapsed=9187.0s
progress | opt_step= 2350/172211 | micro_step=18800/1377681 | stage=stage1 | span=1 | train_loss=3.4203 | lr=0.0002 | cpu_batch_ms=1.6 | provider_batch_ms=280.1 | prefetch_q=100 | elapsed=9277.5s
progress | opt_step= 2375/172211 | micro_step=19000/1377681 | stage=stage1 | span=1 | train_loss=4.3193 | lr=0.0002 | cpu_batch_ms=1.6 | provider_batch_ms=300.6 | prefetch_q=100 | elapsed=9368.6s
progress | opt_step= 2400/172211 | micro_step=19200/1377681 | stage=stage1 | span=1 | train_loss=4.0819 | lr=0.0002 | cpu_batch_ms=1.6 | provider_batch_ms=313.8 | prefetch_q=100 | elapsed=9459.2s
eval | opt_step=2400 | micro_step=19200 | train_loss=4.0819 | val_loss=4.1746 | val_ppl=65.01
progress | opt_step= 2425/172211 | micro_step=19400/1377681 | stage=stage1 | span=1 | train_loss=4.2019 | lr=0.0002 | cpu_batch_ms=1.6 | provider_batch_ms=241.1 | prefetch_q=100 | elapsed=9593.4s
progress | opt_step= 2450/172211 | micro_step=19600/1377681 | stage=stage1 | span=1 | train_loss=3.4496 | lr=0.0002 | cpu_batch_ms=1.6 | provider_batch_ms=292.1 | prefetch_q=100 | elapsed=9684.6s
progress | opt_step= 2475/172211 | micro_step=19800/1377681 | stage=stage1 | span=1 | train_loss=3.8564 | lr=0.0002 | cpu_batch_ms=1.5 | provider_batch_ms=309.4 | prefetch_q=100 | elapsed=9775.4s
progress | opt_step= 2500/172211 | micro_step=20000/1377681 | stage=stage1 | span=1 | train_loss=3.5090 | lr=0.0002 | cpu_batch_ms=1.5 | provider_batch_ms=321.0 | prefetch_q=100 | elapsed=9866.8s
progress | opt_step= 2525/172211 | micro_step=20200/1377681 | stage=stage1 | span=1 | train_loss=3.3668 | lr=0.0002 | cpu_batch_ms=1.5 | provider_batch_ms=239.8 | prefetch_q=100 | elapsed=9980.6s
progress | opt_step= 2550/172211 | micro_step=20400/1377681 | stage=stage1 | span=1 | train_loss=3.8680 | lr=0.0002 | cpu_batch_ms=1.5 | provider_batch_ms=292.8 | prefetch_q=98 | elapsed=10071.6s
progress | opt_step= 2575/172211 | micro_step=20600/1377681 | stage=stage1 | span=1 | train_loss=3.7765 | lr=0.0002 | cpu_batch_ms=1.5 | provider_batch_ms=319.1 | prefetch_q=100 | elapsed=10162.9s
progress | opt_step= 2600/172211 | micro_step=20800/1377681 | stage=stage1 | span=1 | train_loss=3.8901 | lr=0.0002 | cpu_batch_ms=1.5 | provider_batch_ms=327.9 | prefetch_q=100 | elapsed=10253.8s
eval | opt_step=2600 | micro_step=20800 | train_loss=3.8901 | val_loss=4.0910 | val_ppl=59.80
progress | opt_step= 2625/172211 | micro_step=21000/1377681 | stage=stage1 | span=1 | train_loss=3.9857 | lr=0.0002 | cpu_batch_ms=1.5 | provider_batch_ms=228.4 | prefetch_q=97 | elapsed=10389.0s
progress | opt_step= 2650/172211 | micro_step=21200/1377681 | stage=stage1 | span=1 | train_loss=3.9408 | lr=0.0002 | cpu_batch_ms=1.5 | provider_batch_ms=275.8 | prefetch_q=100 | elapsed=10480.1s
progress | opt_step= 2675/172211 | micro_step=21400/1377681 | stage=stage1 | span=1 | train_loss=4.0395 | lr=0.0002 | cpu_batch_ms=1.4 | provider_batch_ms=297.3 | prefetch_q=100 | elapsed=10571.1s
progress | opt_step= 2700/172211 | micro_step=21600/1377681 | stage=stage1 | span=1 | train_loss=4.0297 | lr=0.0002 | cpu_batch_ms=1.4 | provider_batch_ms=311.7 | prefetch_q=100 | elapsed=10662.1s
progress | opt_step= 2725/172211 | micro_step=21800/1377681 | stage=stage1 | span=1 | train_loss=3.4051 | lr=0.0002 | cpu_batch_ms=1.5 | provider_batch_ms=218.9 | prefetch_q=100 | elapsed=10774.3s
progress | opt_step= 2750/172211 | micro_step=22000/1377681 | stage=stage1 | span=1 | train_loss=3.8304 | lr=0.0002 | cpu_batch_ms=1.5 | provider_batch_ms=274.2 | prefetch_q=96 | elapsed=10864.9s
progress | opt_step= 2775/172211 | micro_step=22200/1377681 | stage=stage1 | span=1 | train_loss=3.8056 | lr=0.0002 | cpu_batch_ms=1.5 | provider_batch_ms=306.0 | prefetch_q=98 | elapsed=10955.7s
progress | opt_step= 2800/172211 | micro_step=22400/1377681 | stage=stage1 | span=1 | train_loss=3.6643 | lr=0.0002 | cpu_batch_ms=1.5 | provider_batch_ms=311.6 | prefetch_q=100 | elapsed=11046.7s
eval | opt_step=2800 | micro_step=22400 | train_loss=3.6643 | val_loss=4.0303 | val_ppl=56.28
progress | opt_step= 2825/172211 | micro_step=22600/1377681 | stage=stage1 | span=1 | train_loss=3.9352 | lr=0.0002 | cpu_batch_ms=1.5 | provider_batch_ms=240.0 | prefetch_q=100 | elapsed=11179.7s
progress | opt_step= 2850/172211 | micro_step=22800/1377681 | stage=stage1 | span=1 | train_loss=4.0148 | lr=0.0002 | cpu_batch_ms=1.4 | provider_batch_ms=290.0 | prefetch_q=100 | elapsed=11270.4s
progress | opt_step= 2875/172211 | micro_step=23000/1377681 | stage=stage1 | span=1 | train_loss=3.9332 | lr=0.0002 | cpu_batch_ms=1.4 | provider_batch_ms=313.8 | prefetch_q=100 | elapsed=11361.0s
progress | opt_step= 2900/172211 | micro_step=23200/1377681 | stage=stage1 | span=1 | train_loss=3.6727 | lr=0.0002 | cpu_batch_ms=1.4 | provider_batch_ms=325.7 | prefetch_q=100 | elapsed=11451.9s
progress | opt_step= 2925/172211 | micro_step=23400/1377681 | stage=stage1 | span=1 | train_loss=3.5317 | lr=0.0002 | cpu_batch_ms=1.4 | provider_batch_ms=239.6 | prefetch_q=100 | elapsed=11563.9s
progress | opt_step= 2950/172211 | micro_step=23600/1377681 | stage=stage1 | span=1 | train_loss=3.7810 | lr=0.0002 | cpu_batch_ms=1.4 | provider_batch_ms=275.2 | prefetch_q=99 | elapsed=11654.5s
progress | opt_step= 2975/172211 | micro_step=23800/1377681 | stage=stage1 | span=1 | train_loss=3.4650 | lr=0.0002 | cpu_batch_ms=1.4 | provider_batch_ms=300.2 | prefetch_q=96 | elapsed=11745.3s
progress | opt_step= 3000/172211 | micro_step=24000/1377681 | stage=stage1 | span=1 | train_loss=3.2002 | lr=0.0002 | cpu_batch_ms=1.4 | provider_batch_ms=309.5 | prefetch_q=99 | elapsed=11836.2s
eval | opt_step=3000 | micro_step=24000 | train_loss=3.2002 | val_loss=3.9811 | val_ppl=53.58
progress | opt_step= 3025/172211 | micro_step=24200/1377681 | stage=stage1 | span=1 | train_loss=3.9416 | lr=0.0002 | cpu_batch_ms=1.4 | provider_batch_ms=240.1 | prefetch_q=100 | elapsed=11969.9s
progress | opt_step= 3050/172211 | micro_step=24400/1377681 | stage=stage1 | span=1 | train_loss=3.4718 | lr=0.0002 | cpu_batch_ms=1.4 | provider_batch_ms=285.7 | prefetch_q=100 | elapsed=12060.9s
progress | opt_step= 3075/172211 | micro_step=24600/1377681 | stage=stage1 | span=1 | train_loss=3.9528 | lr=0.0002 | cpu_batch_ms=1.4 | provider_batch_ms=301.5 | prefetch_q=96 | elapsed=12151.4s
progress | opt_step= 3100/172211 | micro_step=24800/1377681 | stage=stage1 | span=1 | train_loss=3.5724 | lr=0.0002 | cpu_batch_ms=1.4 | provider_batch_ms=313.0 | prefetch_q=99 | elapsed=12242.9s
progress | opt_step= 3125/172211 | micro_step=25000/1377681 | stage=stage1 | span=1 | train_loss=3.3008 | lr=0.0002 | cpu_batch_ms=1.4 | provider_batch_ms=242.4 | prefetch_q=99 | elapsed=12356.5s
progress | opt_step= 3150/172211 | micro_step=25200/1377681 | stage=stage1 | span=1 | train_loss=3.6689 | lr=0.0002 | cpu_batch_ms=1.4 | provider_batch_ms=305.5 | prefetch_q=99 | elapsed=12447.9s
progress | opt_step= 3175/172211 | micro_step=25400/1377681 | stage=stage1 | span=1 | train_loss=3.7856 | lr=0.0002 | cpu_batch_ms=1.4 | provider_batch_ms=318.7 | prefetch_q=100 | elapsed=12538.5s
progress | opt_step= 3200/172211 | micro_step=25600/1377681 | stage=stage1 | span=1 | train_loss=3.4652 | lr=0.0002 | cpu_batch_ms=1.4 | provider_batch_ms=332.5 | prefetch_q=100 | elapsed=12629.7s
eval | opt_step=3200 | micro_step=25600 | train_loss=3.4652 | val_loss=3.9553 | val_ppl=52.21
progress | opt_step= 3225/172211 | micro_step=25800/1377681 | stage=stage1 | span=1 | train_loss=4.0439 | lr=0.0002 | cpu_batch_ms=1.4 | provider_batch_ms=231.6 | prefetch_q=99 | elapsed=12762.1s
progress | opt_step= 3250/172211 | micro_step=26000/1377681 | stage=stage1 | span=1 | train_loss=3.9661 | lr=0.0002 | cpu_batch_ms=1.4 | provider_batch_ms=278.0 | prefetch_q=100 | elapsed=12853.0s
progress | opt_step= 3275/172211 | micro_step=26200/1377681 | stage=stage1 | span=1 | train_loss=3.6187 | lr=0.0002 | cpu_batch_ms=1.3 | provider_batch_ms=303.8 | prefetch_q=96 | elapsed=12944.5s
progress | opt_step= 3300/172211 | micro_step=26400/1377681 | stage=stage1 | span=1 | train_loss=3.6622 | lr=0.0002 | cpu_batch_ms=1.3 | provider_batch_ms=324.6 | prefetch_q=91 | elapsed=13036.1s
progress | opt_step= 3325/172211 | micro_step=26600/1377681 | stage=stage1 | span=1 | train_loss=3.8572 | lr=0.0002 | cpu_batch_ms=1.4 | provider_batch_ms=222.6 | prefetch_q=99 | elapsed=13148.1s
progress | opt_step= 3350/172211 | micro_step=26800/1377681 | stage=stage1 | span=1 | train_loss=3.6877 | lr=0.0002 | cpu_batch_ms=1.4 | provider_batch_ms=275.4 | prefetch_q=100 | elapsed=13238.9s
progress | opt_step= 3375/172211 | micro_step=27000/1377681 | stage=stage1 | span=1 | train_loss=3.0251 | lr=0.0002 | cpu_batch_ms=1.4 | provider_batch_ms=300.4 | prefetch_q=99 | elapsed=13329.7s
progress | opt_step= 3400/172211 | micro_step=27200/1377681 | stage=stage1 | span=1 | train_loss=3.4967 | lr=0.0002 | cpu_batch_ms=1.4 | provider_batch_ms=318.4 | prefetch_q=98 | elapsed=13421.0s
eval | opt_step=3400 | micro_step=27200 | train_loss=3.4967 | val_loss=3.9081 | val_ppl=49.81
progress | opt_step= 3425/172211 | micro_step=27400/1377681 | stage=stage1 | span=1 | train_loss=3.5763 | lr=0.0002 | cpu_batch_ms=1.4 | provider_batch_ms=249.7 | prefetch_q=97 | elapsed=13554.8s
progress | opt_step= 3450/172211 | micro_step=27600/1377681 | stage=stage1 | span=1 | train_loss=4.0552 | lr=0.0002 | cpu_batch_ms=1.4 | provider_batch_ms=292.0 | prefetch_q=100 | elapsed=13646.0s
progress | opt_step= 3475/172211 | micro_step=27800/1377681 | stage=stage1 | span=1 | train_loss=3.9141 | lr=0.0002 | cpu_batch_ms=1.4 | provider_batch_ms=316.0 | prefetch_q=100 | elapsed=13737.6s
progress | opt_step= 3500/172211 | micro_step=28000/1377681 | stage=stage1 | span=1 | train_loss=3.6448 | lr=0.0002 | cpu_batch_ms=1.4 | provider_batch_ms=327.4 | prefetch_q=97 | elapsed=13828.4s
progress | opt_step= 3525/172211 | micro_step=28200/1377681 | stage=stage1 | span=1 | train_loss=3.3917 | lr=0.0002 | cpu_batch_ms=1.4 | provider_batch_ms=244.4 | prefetch_q=100 | elapsed=13939.2s
progress | opt_step= 3550/172211 | micro_step=28400/1377681 | stage=stage1 | span=1 | train_loss=3.9696 | lr=0.0002 | cpu_batch_ms=1.4 | provider_batch_ms=285.1 | prefetch_q=98 | elapsed=14029.8s
progress | opt_step= 3575/172211 | micro_step=28600/1377681 | stage=stage1 | span=1 | train_loss=3.9840 | lr=0.0002 | cpu_batch_ms=1.3 | provider_batch_ms=307.4 | prefetch_q=98 | elapsed=14120.9s
progress | opt_step= 3600/172211 | micro_step=28800/1377681 | stage=stage1 | span=1 | train_loss=3.2785 | lr=0.0002 | cpu_batch_ms=1.3 | provider_batch_ms=308.3 | prefetch_q=100 | elapsed=14211.1s
eval | opt_step=3600 | micro_step=28800 | train_loss=3.2785 | val_loss=3.8822 | val_ppl=48.53
progress | opt_step= 3625/172211 | micro_step=29000/1377681 | stage=stage1 | span=1 | train_loss=3.5502 | lr=0.0002 | cpu_batch_ms=1.3 | provider_batch_ms=244.6 | prefetch_q=99 | elapsed=14346.2s
progress | opt_step= 3650/172211 | micro_step=29200/1377681 | stage=stage1 | span=1 | train_loss=3.4961 | lr=0.0002 | cpu_batch_ms=1.3 | provider_batch_ms=286.7 | prefetch_q=100 | elapsed=14436.6s
progress | opt_step= 3675/172211 | micro_step=29400/1377681 | stage=stage1 | span=1 | train_loss=3.3166 | lr=0.0002 | cpu_batch_ms=1.3 | provider_batch_ms=299.2 | prefetch_q=100 | elapsed=14526.8s
progress | opt_step= 3700/172211 | micro_step=29600/1377681 | stage=stage1 | span=1 | train_loss=3.4548 | lr=0.0002 | cpu_batch_ms=1.3 | provider_batch_ms=309.8 | prefetch_q=100 | elapsed=14617.1s
progress | opt_step= 3725/172211 | micro_step=29800/1377681 | stage=stage1 | span=1 | train_loss=3.4690 | lr=0.0002 | cpu_batch_ms=1.3 | provider_batch_ms=230.6 | prefetch_q=100 | elapsed=14727.1s
progress | opt_step= 3750/172211 | micro_step=30000/1377681 | stage=stage1 | span=1 | train_loss=3.8088 | lr=0.0002 | cpu_batch_ms=1.3 | provider_batch_ms=272.5 | prefetch_q=97 | elapsed=14818.1s
progress | opt_step= 3775/172211 | micro_step=30200/1377681 | stage=stage1 | span=1 | train_loss=3.0723 | lr=0.0002 | cpu_batch_ms=1.3 | provider_batch_ms=297.6 | prefetch_q=95 | elapsed=14909.1s
progress | opt_step= 3800/172211 | micro_step=30400/1377681 | stage=stage1 | span=1 | train_loss=3.6677 | lr=0.0002 | cpu_batch_ms=1.3 | provider_batch_ms=310.7 | prefetch_q=100 | elapsed=14999.7s
eval | opt_step=3800 | micro_step=30400 | train_loss=3.6677 | val_loss=3.8167 | val_ppl=45.45
progress | opt_step= 3825/172211 | micro_step=30600/1377681 | stage=stage1 | span=1 | train_loss=3.7488 | lr=0.0002 | cpu_batch_ms=1.3 | provider_batch_ms=227.7 | prefetch_q=99 | elapsed=15131.3s
progress | opt_step= 3850/172211 | micro_step=30800/1377681 | stage=stage1 | span=1 | train_loss=3.7076 | lr=0.0002 | cpu_batch_ms=1.3 | provider_batch_ms=283.9 | prefetch_q=100 | elapsed=15222.2s
progress | opt_step= 3875/172211 | micro_step=31000/1377681 | stage=stage1 | span=1 | train_loss=3.6121 | lr=0.0002 | cpu_batch_ms=1.3 | provider_batch_ms=300.6 | prefetch_q=97 | elapsed=15312.8s
progress | opt_step= 3900/172211 | micro_step=31200/1377681 | stage=stage1 | span=1 | train_loss=3.8153 | lr=0.0002 | cpu_batch_ms=1.3 | provider_batch_ms=311.3 | prefetch_q=100 | elapsed=15403.9s
progress | opt_step= 3925/172211 | micro_step=31400/1377681 | stage=stage1 | span=1 | train_loss=2.6280 | lr=0.0002 | cpu_batch_ms=1.3 | provider_batch_ms=233.9 | prefetch_q=100 | elapsed=15514.1s
progress | opt_step= 3950/172211 | micro_step=31600/1377681 | stage=stage1 | span=1 | train_loss=3.4077 | lr=0.0002 | cpu_batch_ms=1.3 | provider_batch_ms=272.6 | prefetch_q=100 | elapsed=15604.5s
progress | opt_step= 3975/172211 | micro_step=31800/1377681 | stage=stage1 | span=1 | train_loss=3.2532 | lr=0.0002 | cpu_batch_ms=1.3 | provider_batch_ms=300.0 | prefetch_q=95 | elapsed=15695.3s
progress | opt_step= 4000/172211 | micro_step=32000/1377681 | stage=stage1 | span=1 | train_loss=3.7555 | lr=0.0002 | cpu_batch_ms=1.2 | provider_batch_ms=310.8 | prefetch_q=100 | elapsed=15785.9s
eval | opt_step=4000 | micro_step=32000 | train_loss=3.7555 | val_loss=3.8022 | val_ppl=44.80
progress | opt_step= 4025/172211 | micro_step=32200/1377681 | stage=stage1 | span=1 | train_loss=3.5215 | lr=0.0002 | cpu_batch_ms=1.3 | provider_batch_ms=238.9 | prefetch_q=100 | elapsed=15920.9s
progress | opt_step= 4050/172211 | micro_step=32400/1377681 | stage=stage1 | span=1 | train_loss=3.6251 | lr=0.0002 | cpu_batch_ms=1.3 | provider_batch_ms=287.0 | prefetch_q=100 | elapsed=16011.8s
progress | opt_step= 4075/172211 | micro_step=32600/1377681 | stage=stage1 | span=1 | train_loss=3.2842 | lr=0.0002 | cpu_batch_ms=1.3 | provider_batch_ms=307.0 | prefetch_q=100 | elapsed=16102.0s
progress | opt_step= 4100/172211 | micro_step=32800/1377681 | stage=stage1 | span=1 | train_loss=3.2044 | lr=0.0002 | cpu_batch_ms=1.3 | provider_batch_ms=316.2 | prefetch_q=99 | elapsed=16192.8s
progress | opt_step= 4125/172211 | micro_step=33000/1377681 | stage=stage1 | span=1 | train_loss=3.7285 | lr=0.0002 | cpu_batch_ms=1.4 | provider_batch_ms=250.3 | prefetch_q=100 | elapsed=16304.6s
progress | opt_step= 4150/172211 | micro_step=33200/1377681 | stage=stage1 | span=1 | train_loss=4.1361 | lr=0.0002 | cpu_batch_ms=1.4 | provider_batch_ms=288.5 | prefetch_q=98 | elapsed=16395.8s
progress | opt_step= 4175/172211 | micro_step=33400/1377681 | stage=stage1 | span=1 | train_loss=3.7251 | lr=0.0002 | cpu_batch_ms=1.4 | provider_batch_ms=306.1 | prefetch_q=100 | elapsed=16486.5s
progress | opt_step= 4200/172211 | micro_step=33600/1377681 | stage=stage1 | span=1 | train_loss=3.5457 | lr=0.0002 | cpu_batch_ms=1.4 | provider_batch_ms=316.5 | prefetch_q=98 | elapsed=16576.9s
eval | opt_step=4200 | micro_step=33600 | train_loss=3.5457 | val_loss=3.7586 | val_ppl=42.89
progress | opt_step= 4225/172211 | micro_step=33800/1377681 | stage=stage1 | span=1 | train_loss=3.6171 | lr=0.0002 | cpu_batch_ms=1.4 | provider_batch_ms=255.1 | prefetch_q=100 | elapsed=16713.8s
progress | opt_step= 4250/172211 | micro_step=34000/1377681 | stage=stage1 | span=1 | train_loss=3.3714 | lr=0.0002 | cpu_batch_ms=1.4 | provider_batch_ms=293.8 | prefetch_q=99 | elapsed=16804.2s
progress | opt_step= 4275/172211 | micro_step=34200/1377681 | stage=stage1 | span=1 | train_loss=3.3920 | lr=0.0002 | cpu_batch_ms=1.4 | provider_batch_ms=309.8 | prefetch_q=100 | elapsed=16895.0s
progress | opt_step= 4300/172211 | micro_step=34400/1377681 | stage=stage1 | span=1 | train_loss=3.8443 | lr=0.0002 | cpu_batch_ms=1.4 | provider_batch_ms=314.9 | prefetch_q=100 | elapsed=16985.6s
progress | opt_step= 4325/172211 | micro_step=34600/1377681 | stage=stage1 | span=1 | train_loss=3.7442 | lr=0.0002 | cpu_batch_ms=1.4 | provider_batch_ms=265.9 | prefetch_q=100 | elapsed=17095.3s
progress | opt_step= 4350/172211 | micro_step=34800/1377681 | stage=stage1 | span=1 | train_loss=3.6721 | lr=0.0002 | cpu_batch_ms=1.4 | provider_batch_ms=295.7 | prefetch_q=100 | elapsed=17186.3s
progress | opt_step= 4375/172211 | micro_step=35000/1377681 | stage=stage1 | span=1 | train_loss=3.4129 | lr=0.0002 | cpu_batch_ms=1.3 | provider_batch_ms=315.6 | prefetch_q=100 | elapsed=17277.5s
progress | opt_step= 4400/172211 | micro_step=35200/1377681 | stage=stage1 | span=1 | train_loss=3.6014 | lr=0.0002 | cpu_batch_ms=1.3 | provider_batch_ms=321.9 | prefetch_q=100 | elapsed=17368.3s
eval | opt_step=4400 | micro_step=35200 | train_loss=3.6014 | val_loss=3.7551 | val_ppl=42.74
progress | opt_step= 4425/172211 | micro_step=35400/1377681 | stage=stage1 | span=1 | train_loss=3.2128 | lr=0.0002 | cpu_batch_ms=1.4 | provider_batch_ms=251.2 | prefetch_q=100 | elapsed=17502.9s
progress | opt_step= 4450/172211 | micro_step=35600/1377681 | stage=stage1 | span=1 | train_loss=3.7219 | lr=0.0002 | cpu_batch_ms=1.4 | provider_batch_ms=297.4 | prefetch_q=96 | elapsed=17593.8s
progress | opt_step= 4475/172211 | micro_step=35800/1377681 | stage=stage1 | span=1 | train_loss=3.3241 | lr=0.0002 | cpu_batch_ms=1.4 | provider_batch_ms=315.0 | prefetch_q=100 | elapsed=17684.7s
progress | opt_step= 4500/172211 | micro_step=36000/1377681 | stage=stage1 | span=1 | train_loss=3.1393 | lr=0.0002 | cpu_batch_ms=1.4 | provider_batch_ms=325.9 | prefetch_q=99 | elapsed=17775.9s
progress | opt_step= 4525/172211 | micro_step=36200/1377681 | stage=stage1 | span=1 | train_loss=3.6611 | lr=0.0002 | cpu_batch_ms=1.4 | provider_batch_ms=225.3 | prefetch_q=100 | elapsed=17885.7s
progress | opt_step= 4550/172211 | micro_step=36400/1377681 | stage=stage1 | span=1 | train_loss=3.0459 | lr=0.0002 | cpu_batch_ms=1.3 | provider_batch_ms=279.7 | prefetch_q=100 | elapsed=17976.9s
progress | opt_step= 4575/172211 | micro_step=36600/1377681 | stage=stage1 | span=1 | train_loss=3.6041 | lr=0.0002 | cpu_batch_ms=1.3 | provider_batch_ms=299.2 | prefetch_q=99 | elapsed=18068.0s
progress | opt_step= 4600/172211 | micro_step=36800/1377681 | stage=stage1 | span=1 | train_loss=3.8564 | lr=0.0002 | cpu_batch_ms=1.3 | provider_batch_ms=311.8 | prefetch_q=99 | elapsed=18158.9s
eval | opt_step=4600 | micro_step=36800 | train_loss=3.8564 | val_loss=3.7206 | val_ppl=41.29
progress | opt_step= 4625/172211 | micro_step=37000/1377681 | stage=stage1 | span=1 | train_loss=3.3157 | lr=0.0002 | cpu_batch_ms=1.4 | provider_batch_ms=231.8 | prefetch_q=100 | elapsed=18293.3s
progress | opt_step= 4650/172211 | micro_step=37200/1377681 | stage=stage1 | span=1 | train_loss=3.8643 | lr=0.0002 | cpu_batch_ms=1.4 | provider_batch_ms=274.9 | prefetch_q=100 | elapsed=18383.7s
progress | opt_step= 4675/172211 | micro_step=37400/1377681 | stage=stage1 | span=1 | train_loss=3.4165 | lr=0.0002 | cpu_batch_ms=1.4 | provider_batch_ms=292.2 | prefetch_q=98 | elapsed=18474.7s
progress | opt_step= 4700/172211 | micro_step=37600/1377681 | stage=stage1 | span=1 | train_loss=3.5219 | lr=0.0002 | cpu_batch_ms=1.3 | provider_batch_ms=307.6 | prefetch_q=99 | elapsed=18566.2s
progress | opt_step= 4725/172211 | micro_step=37800/1377681 | stage=stage1 | span=1 | train_loss=3.6393 | lr=0.0002 | cpu_batch_ms=1.3 | provider_batch_ms=240.1 | prefetch_q=100 | elapsed=18677.1s
progress | opt_step= 4750/172211 | micro_step=38000/1377681 | stage=stage1 | span=1 | train_loss=3.7773 | lr=0.0002 | cpu_batch_ms=1.3 | provider_batch_ms=302.5 | prefetch_q=96 | elapsed=18768.5s
progress | opt_step= 4775/172211 | micro_step=38200/1377681 | stage=stage1 | span=1 | train_loss=3.6322 | lr=0.0002 | cpu_batch_ms=1.3 | provider_batch_ms=316.3 | prefetch_q=100 | elapsed=18859.1s
progress | opt_step= 4800/172211 | micro_step=38400/1377681 | stage=stage1 | span=1 | train_loss=3.1898 | lr=0.0002 | cpu_batch_ms=1.3 | provider_batch_ms=324.4 | prefetch_q=99 | elapsed=18949.7s
eval | opt_step=4800 | micro_step=38400 | train_loss=3.1898 | val_loss=3.7069 | val_ppl=40.73
progress | opt_step= 4825/172211 | micro_step=38600/1377681 | stage=stage1 | span=1 | train_loss=3.4771 | lr=0.0002 | cpu_batch_ms=1.3 | provider_batch_ms=259.8 | prefetch_q=100 | elapsed=19082.7s
progress | opt_step= 4850/172211 | micro_step=38800/1377681 | stage=stage1 | span=1 | train_loss=3.4841 | lr=0.0002 | cpu_batch_ms=1.3 | provider_batch_ms=304.5 | prefetch_q=93 | elapsed=19173.7s
progress | opt_step= 4875/172211 | micro_step=39000/1377681 | stage=stage1 | span=1 | train_loss=3.6010 | lr=0.0002 | cpu_batch_ms=1.3 | provider_batch_ms=308.5 | prefetch_q=98 | elapsed=19264.1s
progress | opt_step= 4900/172211 | micro_step=39200/1377681 | stage=stage1 | span=1 | train_loss=3.5553 | lr=0.0002 | cpu_batch_ms=1.3 | provider_batch_ms=317.0 | prefetch_q=99 | elapsed=19354.6s
progress | opt_step= 4925/172211 | micro_step=39400/1377681 | stage=stage1 | span=1 | train_loss=3.5435 | lr=0.0002 | cpu_batch_ms=1.3 | provider_batch_ms=224.3 | prefetch_q=100 | elapsed=19464.8s
progress | opt_step= 4950/172211 | micro_step=39600/1377681 | stage=stage1 | span=1 | train_loss=3.6501 | lr=0.0002 | cpu_batch_ms=1.3 | provider_batch_ms=282.1 | prefetch_q=100 | elapsed=19556.5s
progress | opt_step= 4975/172211 | micro_step=39800/1377681 | stage=stage1 | span=1 | train_loss=3.3021 | lr=0.0002 | cpu_batch_ms=1.3 | provider_batch_ms=302.6 | prefetch_q=100 | elapsed=19647.7s
progress | opt_step= 5000/172211 | micro_step=40000/1377681 | stage=stage1 | span=1 | train_loss=3.5691 | lr=0.0002 | cpu_batch_ms=1.3 | provider_batch_ms=310.8 | prefetch_q=97 | elapsed=19738.0s
eval | opt_step=5000 | micro_step=40000 | train_loss=3.5691 | val_loss=3.6712 | val_ppl=39.30
progress | opt_step= 5025/172211 | micro_step=40200/1377681 | stage=stage1 | span=1 | train_loss=3.2831 | lr=0.0002 | cpu_batch_ms=1.3 | provider_batch_ms=222.0 | prefetch_q=96 | elapsed=19869.0s
progress | opt_step= 5050/172211 | micro_step=40400/1377681 | stage=stage1 | span=1 | train_loss=3.4460 | lr=0.0002 | cpu_batch_ms=1.3 | provider_batch_ms=284.6 | prefetch_q=92 | elapsed=19959.9s
progress | opt_step= 5075/172211 | micro_step=40600/1377681 | stage=stage1 | span=1 | train_loss=3.3177 | lr=0.0002 | cpu_batch_ms=1.3 | provider_batch_ms=299.1 | prefetch_q=99 | elapsed=20051.2s
progress | opt_step= 5100/172211 | micro_step=40800/1377681 | stage=stage1 | span=1 | train_loss=3.2358 | lr=0.0002 | cpu_batch_ms=1.3 | provider_batch_ms=307.9 | prefetch_q=96 | elapsed=20141.4s
progress | opt_step= 5125/172211 | micro_step=41000/1377681 | stage=stage1 | span=1 | train_loss=3.5757 | lr=0.0002 | cpu_batch_ms=1.3 | provider_batch_ms=223.0 | prefetch_q=98 | elapsed=20251.5s
progress | opt_step= 5150/172211 | micro_step=41200/1377681 | stage=stage1 | span=1 | train_loss=3.5553 | lr=0.0002 | cpu_batch_ms=1.3 | provider_batch_ms=274.3 | prefetch_q=100 | elapsed=20342.4s
progress | opt_step= 5175/172211 | micro_step=41400/1377681 | stage=stage1 | span=1 | train_loss=2.8550 | lr=0.0002 | cpu_batch_ms=1.3 | provider_batch_ms=297.7 | prefetch_q=96 | elapsed=20433.0s
progress | opt_step= 5200/172211 | micro_step=41600/1377681 | stage=stage1 | span=1 | train_loss=3.2645 | lr=0.0002 | cpu_batch_ms=1.3 | provider_batch_ms=320.1 | prefetch_q=94 | elapsed=20523.8s
eval | opt_step=5200 | micro_step=41600 | train_loss=3.2645 | val_loss=3.6609 | val_ppl=38.89
progress | opt_step= 5225/172211 | micro_step=41800/1377681 | stage=stage1 | span=1 | train_loss=3.6459 | lr=0.0002 | cpu_batch_ms=1.3 | provider_batch_ms=228.2 | prefetch_q=100 | elapsed=20655.4s
progress | opt_step= 5250/172211 | micro_step=42000/1377681 | stage=stage1 | span=1 | train_loss=3.1637 | lr=0.0002 | cpu_batch_ms=1.3 | provider_batch_ms=272.7 | prefetch_q=100 | elapsed=20746.8s
progress | opt_step= 5275/172211 | micro_step=42200/1377681 | stage=stage1 | span=1 | train_loss=3.6813 | lr=0.0002 | cpu_batch_ms=1.3 | provider_batch_ms=298.8 | prefetch_q=100 | elapsed=20838.1s
progress | opt_step= 5300/172211 | micro_step=42400/1377681 | stage=stage1 | span=1 | train_loss=3.4052 | lr=0.0002 | cpu_batch_ms=1.2 | provider_batch_ms=312.5 | prefetch_q=100 | elapsed=20929.2s
progress | opt_step= 5325/172211 | micro_step=42600/1377681 | stage=stage1 | span=1 | train_loss=3.3337 | lr=0.0002 | cpu_batch_ms=1.2 | provider_batch_ms=224.1 | prefetch_q=100 | elapsed=21038.8s
progress | opt_step= 5350/172211 | micro_step=42800/1377681 | stage=stage1 | span=1 | train_loss=3.4449 | lr=0.0002 | cpu_batch_ms=1.2 | provider_batch_ms=276.9 | prefetch_q=97 | elapsed=21129.4s
progress | opt_step= 5375/172211 | micro_step=43000/1377681 | stage=stage1 | span=1 | train_loss=3.6567 | lr=0.0002 | cpu_batch_ms=1.2 | provider_batch_ms=294.8 | prefetch_q=100 | elapsed=21220.0s
progress | opt_step= 5400/172211 | micro_step=43200/1377681 | stage=stage1 | span=1 | train_loss=3.3154 | lr=0.0002 | cpu_batch_ms=1.2 | provider_batch_ms=306.4 | prefetch_q=100 | elapsed=21310.8s
eval | opt_step=5400 | micro_step=43200 | train_loss=3.3154 | val_loss=3.6351 | val_ppl=37.90
progress | opt_step= 5425/172211 | micro_step=43400/1377681 | stage=stage1 | span=1 | train_loss=3.4585 | lr=0.0002 | cpu_batch_ms=1.2 | provider_batch_ms=231.7 | prefetch_q=100 | elapsed=21444.9s
progress | opt_step= 5450/172211 | micro_step=43600/1377681 | stage=stage1 | span=1 | train_loss=3.4470 | lr=0.0002 | cpu_batch_ms=1.2 | provider_batch_ms=294.4 | prefetch_q=100 | elapsed=21536.5s
progress | opt_step= 5475/172211 | micro_step=43800/1377681 | stage=stage1 | span=1 | train_loss=3.2250 | lr=0.0002 | cpu_batch_ms=1.2 | provider_batch_ms=314.2 | prefetch_q=100 | elapsed=21627.3s
progress | opt_step= 5500/172211 | micro_step=44000/1377681 | stage=stage1 | span=1 | train_loss=3.4537 | lr=0.0002 | cpu_batch_ms=1.2 | provider_batch_ms=326.0 | prefetch_q=100 | elapsed=21717.6s
progress | opt_step= 5525/172211 | micro_step=44200/1377681 | stage=stage1 | span=1 | train_loss=3.1916 | lr=0.0002 | cpu_batch_ms=1.2 | provider_batch_ms=232.4 | prefetch_q=97 | elapsed=21828.3s
progress | opt_step= 5550/172211 | micro_step=44400/1377681 | stage=stage1 | span=1 | train_loss=3.6034 | lr=0.0002 | cpu_batch_ms=1.2 | provider_batch_ms=284.1 | prefetch_q=94 | elapsed=21919.3s
progress | opt_step= 5575/172211 | micro_step=44600/1377681 | stage=stage1 | span=1 | train_loss=3.4362 | lr=0.0002 | cpu_batch_ms=1.2 | provider_batch_ms=287.8 | prefetch_q=100 | elapsed=22009.5s
progress | opt_step= 5600/172211 | micro_step=44800/1377681 | stage=stage1 | span=1 | train_loss=3.4736 | lr=0.0002 | cpu_batch_ms=1.2 | provider_batch_ms=293.4 | prefetch_q=98 | elapsed=22099.5s
eval | opt_step=5600 | micro_step=44800 | train_loss=3.4736 | val_loss=3.6326 | val_ppl=37.81
progress | opt_step= 5625/172211 | micro_step=45000/1377681 | stage=stage1 | span=1 | train_loss=2.9787 | lr=0.0002 | cpu_batch_ms=1.2 | provider_batch_ms=232.8 | prefetch_q=98 | elapsed=22233.8s
progress | opt_step= 5650/172211 | micro_step=45200/1377681 | stage=stage1 | span=1 | train_loss=3.6207 | lr=0.0002 | cpu_batch_ms=1.2 | provider_batch_ms=290.6 | prefetch_q=95 | elapsed=22325.3s
progress | opt_step= 5675/172211 | micro_step=45400/1377681 | stage=stage1 | span=1 | train_loss=3.0937 | lr=0.0002 | cpu_batch_ms=1.2 | provider_batch_ms=307.5 | prefetch_q=99 | elapsed=22416.1s
progress | opt_step= 5700/172211 | micro_step=45600/1377681 | stage=stage1 | span=1 | train_loss=3.6900 | lr=0.0002 | cpu_batch_ms=1.2 | provider_batch_ms=316.2 | prefetch_q=99 | elapsed=22506.5s
progress | opt_step= 5725/172211 | micro_step=45800/1377681 | stage=stage1 | span=1 | train_loss=3.4609 | lr=0.0002 | cpu_batch_ms=1.2 | provider_batch_ms=216.7 | prefetch_q=100 | elapsed=22616.8s
progress | opt_step= 5750/172211 | micro_step=46000/1377681 | stage=stage1 | span=1 | train_loss=2.9127 | lr=0.0002 | cpu_batch_ms=1.2 | provider_batch_ms=259.4 | prefetch_q=100 | elapsed=22707.6s
progress | opt_step= 5775/172211 | micro_step=46200/1377681 | stage=stage1 | span=1 | train_loss=2.8538 | lr=0.0002 | cpu_batch_ms=1.2 | provider_batch_ms=287.0 | prefetch_q=100 | elapsed=22798.7s
progress | opt_step= 5800/172211 | micro_step=46400/1377681 | stage=stage1 | span=1 | train_loss=3.6245 | lr=0.0002 | cpu_batch_ms=1.2 | provider_batch_ms=306.0 | prefetch_q=100 | elapsed=22889.3s
eval | opt_step=5800 | micro_step=46400 | train_loss=3.6245 | val_loss=3.6070 | val_ppl=36.85
progress | opt_step= 5825/172211 | micro_step=46600/1377681 | stage=stage1 | span=1 | train_loss=3.2137 | lr=0.0002 | cpu_batch_ms=1.2 | provider_batch_ms=257.9 | prefetch_q=97 | elapsed=23026.0s
progress | opt_step= 5850/172211 | micro_step=46800/1377681 | stage=stage1 | span=1 | train_loss=3.0932 | lr=0.0002 | cpu_batch_ms=1.2 | provider_batch_ms=290.3 | prefetch_q=100 | elapsed=23116.9s
progress | opt_step= 5875/172211 | micro_step=47000/1377681 | stage=stage1 | span=1 | train_loss=3.7869 | lr=0.0002 | cpu_batch_ms=1.2 | provider_batch_ms=303.8 | prefetch_q=100 | elapsed=23207.9s
progress | opt_step= 5900/172211 | micro_step=47200/1377681 | stage=stage1 | span=1 | train_loss=3.4839 | lr=0.0002 | cpu_batch_ms=1.2 | provider_batch_ms=323.7 | prefetch_q=99 | elapsed=23299.5s
progress | opt_step= 5925/172211 | micro_step=47400/1377681 | stage=stage1 | span=1 | train_loss=2.8708 | lr=0.0002 | cpu_batch_ms=1.2 | provider_batch_ms=231.5 | prefetch_q=100 | elapsed=23411.5s
progress | opt_step= 5950/172211 | micro_step=47600/1377681 | stage=stage1 | span=1 | train_loss=3.6467 | lr=0.0002 | cpu_batch_ms=1.2 | provider_batch_ms=283.3 | prefetch_q=100 | elapsed=23502.0s
progress | opt_step= 5975/172211 | micro_step=47800/1377681 | stage=stage1 | span=1 | train_loss=3.5443 | lr=0.0002 | cpu_batch_ms=1.2 | provider_batch_ms=306.2 | prefetch_q=98 | elapsed=23592.5s
progress | opt_step= 6000/172211 | micro_step=48000/1377681 | stage=stage1 | span=1 | train_loss=3.1127 | lr=0.0002 | cpu_batch_ms=1.2 | provider_batch_ms=324.1 | prefetch_q=100 | elapsed=23683.3s
eval | opt_step=6000 | micro_step=48000 | train_loss=3.1127 | val_loss=3.5955 | val_ppl=36.43
progress | opt_step= 6025/172211 | micro_step=48200/1377681 | stage=stage1 | span=1 | train_loss=2.7382 | lr=0.0002 | cpu_batch_ms=1.2 | provider_batch_ms=220.2 | prefetch_q=100 | elapsed=23815.9s
progress | opt_step= 6050/172211 | micro_step=48400/1377681 | stage=stage1 | span=1 | train_loss=3.4240 | lr=0.0002 | cpu_batch_ms=1.2 | provider_batch_ms=266.0 | prefetch_q=100 | elapsed=23906.6s
progress | opt_step= 6075/172211 | micro_step=48600/1377681 | stage=stage1 | span=1 | train_loss=3.4553 | lr=0.0002 | cpu_batch_ms=1.2 | provider_batch_ms=293.8 | prefetch_q=100 | elapsed=23997.4s
progress | opt_step= 6100/172211 | micro_step=48800/1377681 | stage=stage1 | span=1 | train_loss=3.3818 | lr=0.0002 | cpu_batch_ms=1.2 | provider_batch_ms=306.2 | prefetch_q=100 | elapsed=24088.9s
progress | opt_step= 6125/172211 | micro_step=49000/1377681 | stage=stage1 | span=1 | train_loss=3.3867 | lr=0.0002 | cpu_batch_ms=1.2 | provider_batch_ms=212.7 | prefetch_q=100 | elapsed=24198.8s
progress | opt_step= 6150/172211 | micro_step=49200/1377681 | stage=stage1 | span=1 | train_loss=2.9617 | lr=0.0002 | cpu_batch_ms=1.2 | provider_batch_ms=267.1 | prefetch_q=98 | elapsed=24289.4s
progress | opt_step= 6175/172211 | micro_step=49400/1377681 | stage=stage1 | span=1 | train_loss=3.4957 | lr=0.0002 | cpu_batch_ms=1.2 | provider_batch_ms=293.5 | prefetch_q=98 | elapsed=24379.8s
progress | opt_step= 6200/172211 | micro_step=49600/1377681 | stage=stage1 | span=1 | train_loss=3.4208 | lr=0.0002 | cpu_batch_ms=1.2 | provider_batch_ms=303.9 | prefetch_q=100 | elapsed=24470.4s
eval | opt_step=6200 | micro_step=49600 | train_loss=3.4208 | val_loss=3.5765 | val_ppl=35.75
progress | opt_step= 6225/172211 | micro_step=49800/1377681 | stage=stage1 | span=1 | train_loss=3.4820 | lr=0.0002 | cpu_batch_ms=1.2 | provider_batch_ms=239.6 | prefetch_q=98 | elapsed=24606.1s
progress | opt_step= 6250/172211 | micro_step=50000/1377681 | stage=stage1 | span=1 | train_loss=3.2509 | lr=0.0002 | cpu_batch_ms=1.2 | provider_batch_ms=275.2 | prefetch_q=100 | elapsed=24696.9s
progress | opt_step= 6275/172211 | micro_step=50200/1377681 | stage=stage1 | span=1 | train_loss=3.4767 | lr=0.0002 | cpu_batch_ms=1.2 | provider_batch_ms=305.6 | prefetch_q=98 | elapsed=24788.0s
progress | opt_step= 6300/172211 | micro_step=50400/1377681 | stage=stage1 | span=1 | train_loss=3.3243 | lr=0.0002 | cpu_batch_ms=1.2 | provider_batch_ms=317.3 | prefetch_q=100 | elapsed=24878.7s
progress | opt_step= 6325/172211 | micro_step=50600/1377681 | stage=stage1 | span=1 | train_loss=3.8406 | lr=0.0002 | cpu_batch_ms=1.3 | provider_batch_ms=243.6 | prefetch_q=100 | elapsed=24990.5s
progress | opt_step= 6350/172211 | micro_step=50800/1377681 | stage=stage1 | span=1 | train_loss=3.6114 | lr=0.0002 | cpu_batch_ms=1.3 | provider_batch_ms=288.8 | prefetch_q=100 | elapsed=25081.7s
progress | opt_step= 6375/172211 | micro_step=51000/1377681 | stage=stage1 | span=1 | train_loss=2.5636 | lr=0.0002 | cpu_batch_ms=1.2 | provider_batch_ms=308.2 | prefetch_q=100 | elapsed=25172.6s
progress | opt_step= 6400/172211 | micro_step=51200/1377681 | stage=stage1 | span=1 | train_loss=3.1374 | lr=0.0002 | cpu_batch_ms=1.2 | provider_batch_ms=319.1 | prefetch_q=100 | elapsed=25263.4s
eval | opt_step=6400 | micro_step=51200 | train_loss=3.1374 | val_loss=3.5673 | val_ppl=35.42
progress | opt_step= 6425/172211 | micro_step=51400/1377681 | stage=stage1 | span=1 | train_loss=3.5180 | lr=0.0002 | cpu_batch_ms=1.2 | provider_batch_ms=227.9 | prefetch_q=100 | elapsed=25397.0s
progress | opt_step= 6450/172211 | micro_step=51600/1377681 | stage=stage1 | span=1 | train_loss=3.2797 | lr=0.0002 | cpu_batch_ms=1.2 | provider_batch_ms=278.8 | prefetch_q=100 | elapsed=25488.0s
progress | opt_step= 6475/172211 | micro_step=51800/1377681 | stage=stage1 | span=1 | train_loss=3.3418 | lr=0.0002 | cpu_batch_ms=1.2 | provider_batch_ms=311.4 | prefetch_q=92 | elapsed=25579.0s
progress | opt_step= 6500/172211 | micro_step=52000/1377681 | stage=stage1 | span=1 | train_loss=3.5968 | lr=0.0002 | cpu_batch_ms=1.2 | provider_batch_ms=322.7 | prefetch_q=97 | elapsed=25669.8s
progress | opt_step= 6525/172211 | micro_step=52200/1377681 | stage=stage1 | span=1 | train_loss=3.4342 | lr=0.0002 | cpu_batch_ms=1.2 | provider_batch_ms=231.7 | prefetch_q=100 | elapsed=25780.5s
progress | opt_step= 6550/172211 | micro_step=52400/1377681 | stage=stage1 | span=1 | train_loss=3.0199 | lr=0.0002 | cpu_batch_ms=1.2 | provider_batch_ms=281.9 | prefetch_q=99 | elapsed=25871.8s
progress | opt_step= 6575/172211 | micro_step=52600/1377681 | stage=stage1 | span=1 | train_loss=3.7100 | lr=0.0002 | cpu_batch_ms=1.2 | provider_batch_ms=300.9 | prefetch_q=100 | elapsed=25963.0s
progress | opt_step= 6600/172211 | micro_step=52800/1377681 | stage=stage1 | span=1 | train_loss=3.5440 | lr=0.0002 | cpu_batch_ms=1.2 | provider_batch_ms=309.7 | prefetch_q=100 | elapsed=26053.6s
eval | opt_step=6600 | micro_step=52800 | train_loss=3.5440 | val_loss=3.5445 | val_ppl=34.62
progress | opt_step= 6625/172211 | micro_step=53000/1377681 | stage=stage1 | span=1 | train_loss=3.5549 | lr=0.0002 | cpu_batch_ms=1.2 | provider_batch_ms=219.5 | prefetch_q=96 | elapsed=26186.1s
progress | opt_step= 6650/172211 | micro_step=53200/1377681 | stage=stage1 | span=1 | train_loss=3.3604 | lr=0.0002 | cpu_batch_ms=1.2 | provider_batch_ms=280.4 | prefetch_q=99 | elapsed=26277.4s
progress | opt_step= 6675/172211 | micro_step=53400/1377681 | stage=stage1 | span=1 | train_loss=2.9453 | lr=0.0002 | cpu_batch_ms=1.2 | provider_batch_ms=301.0 | prefetch_q=99 | elapsed=26368.3s
progress | opt_step= 6700/172211 | micro_step=53600/1377681 | stage=stage1 | span=1 | train_loss=3.2230 | lr=0.0002 | cpu_batch_ms=1.2 | provider_batch_ms=315.8 | prefetch_q=98 | elapsed=26459.2s
progress | opt_step= 6725/172211 | micro_step=53800/1377681 | stage=stage1 | span=1 | train_loss=2.2310 | lr=0.0002 | cpu_batch_ms=1.2 | provider_batch_ms=251.4 | prefetch_q=100 | elapsed=26570.8s
progress | opt_step= 6750/172211 | micro_step=54000/1377681 | stage=stage1 | span=1 | train_loss=3.1251 | lr=0.0002 | cpu_batch_ms=1.2 | provider_batch_ms=297.5 | prefetch_q=97 | elapsed=26662.0s
progress | opt_step= 6775/172211 | micro_step=54200/1377681 | stage=stage1 | span=1 | train_loss=3.1717 | lr=0.0002 | cpu_batch_ms=1.2 | provider_batch_ms=312.4 | prefetch_q=100 | elapsed=26752.8s
progress | opt_step= 6800/172211 | micro_step=54400/1377681 | stage=stage1 | span=1 | train_loss=3.3759 | lr=0.0002 | cpu_batch_ms=1.2 | provider_batch_ms=319.7 | prefetch_q=99 | elapsed=26843.8s
eval | opt_step=6800 | micro_step=54400 | train_loss=3.3759 | val_loss=3.5463 | val_ppl=34.69
progress | opt_step= 6825/172211 | micro_step=54600/1377681 | stage=stage1 | span=1 | train_loss=3.4186 | lr=0.0002 | cpu_batch_ms=1.2 | provider_batch_ms=242.9 | prefetch_q=100 | elapsed=26956.4s
progress | opt_step= 6850/172211 | micro_step=54800/1377681 | stage=stage1 | span=1 | train_loss=3.7193 | lr=0.0002 | cpu_batch_ms=1.2 | provider_batch_ms=287.9 | prefetch_q=100 | elapsed=27047.5s
progress | opt_step= 6875/172211 | micro_step=55000/1377681 | stage=stage1 | span=1 | train_loss=3.1577 | lr=0.0002 | cpu_batch_ms=1.2 | provider_batch_ms=317.2 | prefetch_q=94 | elapsed=27138.9s
progress | opt_step= 6900/172211 | micro_step=55200/1377681 | stage=stage1 | span=1 | train_loss=3.1648 | lr=0.0002 | cpu_batch_ms=1.2 | provider_batch_ms=326.1 | prefetch_q=100 | elapsed=27229.5s
progress | opt_step= 6925/172211 | micro_step=55400/1377681 | stage=stage1 | span=1 | train_loss=3.2413 | lr=0.0002 | cpu_batch_ms=1.2 | provider_batch_ms=232.1 | prefetch_q=100 | elapsed=27340.9s
progress | opt_step= 6950/172211 | micro_step=55600/1377681 | stage=stage1 | span=1 | train_loss=3.0865 | lr=0.0002 | cpu_batch_ms=1.2 | provider_batch_ms=272.7 | prefetch_q=98 | elapsed=27432.2s
progress | opt_step= 6975/172211 | micro_step=55800/1377681 | stage=stage1 | span=1 | train_loss=3.0747 | lr=0.0002 | cpu_batch_ms=1.2 | provider_batch_ms=297.5 | prefetch_q=95 | elapsed=27523.3s
progress | opt_step= 7000/172211 | micro_step=56000/1377681 | stage=stage1 | span=1 | train_loss=3.5994 | lr=0.0002 | cpu_batch_ms=1.2 | provider_batch_ms=300.9 | prefetch_q=100 | elapsed=27613.8s
eval | opt_step=7000 | micro_step=56000 | train_loss=3.5994 | val_loss=3.5212 | val_ppl=33.83
progress | opt_step= 7025/172211 | micro_step=56200/1377681 | stage=stage1 | span=1 | train_loss=3.4321 | lr=0.0002 | cpu_batch_ms=1.2 | provider_batch_ms=270.3 | prefetch_q=98 | elapsed=27749.8s
progress | opt_step= 7050/172211 | micro_step=56400/1377681 | stage=stage1 | span=1 | train_loss=3.2206 | lr=0.0002 | cpu_batch_ms=1.2 | provider_batch_ms=294.3 | prefetch_q=100 | elapsed=27840.2s
progress | opt_step= 7075/172211 | micro_step=56600/1377681 | stage=stage1 | span=1 | train_loss=3.3050 | lr=0.0002 | cpu_batch_ms=1.2 | provider_batch_ms=311.4 | prefetch_q=100 | elapsed=27930.8s
progress | opt_step= 7100/172211 | micro_step=56800/1377681 | stage=stage1 | span=1 | train_loss=2.8092 | lr=0.0002 | cpu_batch_ms=1.2 | provider_batch_ms=329.3 | prefetch_q=99 | elapsed=28022.1s
progress | opt_step= 7125/172211 | micro_step=57000/1377681 | stage=stage1 | span=1 | train_loss=3.1551 | lr=0.0002 | cpu_batch_ms=1.2 | provider_batch_ms=248.1 | prefetch_q=99 | elapsed=28136.7s
progress | opt_step= 7150/172211 | micro_step=57200/1377681 | stage=stage1 | span=1 | train_loss=3.0954 | lr=0.0002 | cpu_batch_ms=1.2 | provider_batch_ms=289.7 | prefetch_q=100 | elapsed=28227.3s
progress | opt_step= 7175/172211 | micro_step=57400/1377681 | stage=stage1 | span=1 | train_loss=3.7229 | lr=0.0002 | cpu_batch_ms=1.2 | provider_batch_ms=308.1 | prefetch_q=100 | elapsed=28318.3s
progress | opt_step= 7200/172211 | micro_step=57600/1377681 | stage=stage1 | span=1 | train_loss=2.9062 | lr=0.0002 | cpu_batch_ms=1.2 | provider_batch_ms=318.9 | prefetch_q=100 | elapsed=28409.5s
eval | opt_step=7200 | micro_step=57600 | train_loss=2.9062 | val_loss=3.5274 | val_ppl=34.04
progress | opt_step= 7225/172211 | micro_step=57800/1377681 | stage=stage1 | span=1 | train_loss=3.3917 | lr=0.0002 | cpu_batch_ms=1.2 | provider_batch_ms=244.1 | prefetch_q=100 | elapsed=28522.3s
progress | opt_step= 7250/172211 | micro_step=58000/1377681 | stage=stage1 | span=1 | train_loss=3.4228 | lr=0.0002 | cpu_batch_ms=1.2 | provider_batch_ms=281.8 | prefetch_q=100 | elapsed=28612.9s
progress | opt_step= 7275/172211 | micro_step=58200/1377681 | stage=stage1 | span=1 | train_loss=2.9505 | lr=0.0002 | cpu_batch_ms=1.2 | provider_batch_ms=307.1 | prefetch_q=100 | elapsed=28703.8s
progress | opt_step= 7300/172211 | micro_step=58400/1377681 | stage=stage1 | span=1 | train_loss=2.9718 | lr=0.0002 | cpu_batch_ms=1.2 | provider_batch_ms=323.7 | prefetch_q=92 | elapsed=28794.9s
progress | opt_step= 7325/172211 | micro_step=58600/1377681 | stage=stage1 | span=1 | train_loss=3.5030 | lr=0.0002 | cpu_batch_ms=1.2 | provider_batch_ms=252.4 | prefetch_q=100 | elapsed=28907.9s
progress | opt_step= 7350/172211 | micro_step=58800/1377681 | stage=stage1 | span=1 | train_loss=3.2576 | lr=0.0002 | cpu_batch_ms=1.2 | provider_batch_ms=297.1 | prefetch_q=96 | elapsed=28999.4s
progress | opt_step= 7375/172211 | micro_step=59000/1377681 | stage=stage1 | span=1 | train_loss=3.3593 | lr=0.0002 | cpu_batch_ms=1.2 | provider_batch_ms=308.7 | prefetch_q=100 | elapsed=29090.2s
progress | opt_step= 7400/172211 | micro_step=59200/1377681 | stage=stage1 | span=1 | train_loss=3.0212 | lr=0.0002 | cpu_batch_ms=1.2 | provider_batch_ms=318.8 | prefetch_q=99 | elapsed=29181.2s
eval | opt_step=7400 | micro_step=59200 | train_loss=3.0212 | val_loss=3.4989 | val_ppl=33.08
progress | opt_step= 7425/172211 | micro_step=59400/1377681 | stage=stage1 | span=1 | train_loss=3.5873 | lr=0.0002 | cpu_batch_ms=1.2 | provider_batch_ms=239.7 | prefetch_q=97 | elapsed=29321.0s
progress | opt_step= 7450/172211 | micro_step=59600/1377681 | stage=stage1 | span=1 | train_loss=3.1721 | lr=0.0002 | cpu_batch_ms=1.2 | provider_batch_ms=277.4 | prefetch_q=100 | elapsed=29412.0s
progress | opt_step= 7475/172211 | micro_step=59800/1377681 | stage=stage1 | span=1 | train_loss=3.2970 | lr=0.0002 | cpu_batch_ms=1.2 | provider_batch_ms=303.7 | prefetch_q=97 | elapsed=29503.3s
progress | opt_step= 7500/172211 | micro_step=60000/1377681 | stage=stage1 | span=1 | train_loss=3.4346 | lr=0.0002 | cpu_batch_ms=1.2 | provider_batch_ms=314.9 | prefetch_q=100 | elapsed=29594.6s
progress | opt_step= 7525/172211 | micro_step=60200/1377681 | stage=stage1 | span=1 | train_loss=3.7289 | lr=0.0002 | cpu_batch_ms=1.2 | provider_batch_ms=225.8 | prefetch_q=100 | elapsed=29707.2s
progress | opt_step= 7550/172211 | micro_step=60400/1377681 | stage=stage1 | span=1 | train_loss=3.0870 | lr=0.0002 | cpu_batch_ms=1.2 | provider_batch_ms=273.6 | prefetch_q=100 | elapsed=29798.7s
progress | opt_step= 7575/172211 | micro_step=60600/1377681 | stage=stage1 | span=1 | train_loss=3.4716 | lr=0.0002 | cpu_batch_ms=1.2 | provider_batch_ms=296.6 | prefetch_q=100 | elapsed=29888.9s
progress | opt_step= 7600/172211 | micro_step=60800/1377681 | stage=stage1 | span=1 | train_loss=3.2908 | lr=0.0002 | cpu_batch_ms=1.2 | provider_batch_ms=312.8 | prefetch_q=100 | elapsed=29979.9s
eval | opt_step=7600 | micro_step=60800 | train_loss=3.2908 | val_loss=3.5135 | val_ppl=33.56
progress | opt_step= 7625/172211 | micro_step=61000/1377681 | stage=stage1 | span=1 | train_loss=3.4399 | lr=0.0002 | cpu_batch_ms=1.2 | provider_batch_ms=239.1 | prefetch_q=97 | elapsed=30094.0s
progress | opt_step= 7650/172211 | micro_step=61200/1377681 | stage=stage1 | span=1 | train_loss=2.6670 | lr=0.0002 | cpu_batch_ms=1.2 | provider_batch_ms=268.7 | prefetch_q=99 | elapsed=30184.8s
progress | opt_step= 7675/172211 | micro_step=61400/1377681 | stage=stage1 | span=1 | train_loss=3.0504 | lr=0.0002 | cpu_batch_ms=1.2 | provider_batch_ms=302.9 | prefetch_q=99 | elapsed=30276.2s
progress | opt_step= 7700/172211 | micro_step=61600/1377681 | stage=stage1 | span=1 | train_loss=3.6220 | lr=0.0002 | cpu_batch_ms=1.2 | provider_batch_ms=323.5 | prefetch_q=100 | elapsed=30367.5s
progress | opt_step= 7725/172211 | micro_step=61800/1377681 | stage=stage1 | span=1 | train_loss=3.1330 | lr=0.0002 | cpu_batch_ms=1.2 | provider_batch_ms=242.1 | prefetch_q=100 | elapsed=30479.6s
progress | opt_step= 7750/172211 | micro_step=62000/1377681 | stage=stage1 | span=1 | train_loss=3.1697 | lr=0.0002 | cpu_batch_ms=1.1 | provider_batch_ms=293.7 | prefetch_q=100 | elapsed=30570.6s
progress | opt_step= 7775/172211 | micro_step=62200/1377681 | stage=stage1 | span=1 | train_loss=3.3942 | lr=0.0002 | cpu_batch_ms=1.1 | provider_batch_ms=306.7 | prefetch_q=98 | elapsed=30661.6s
progress | opt_step= 7800/172211 | micro_step=62400/1377681 | stage=stage1 | span=1 | train_loss=3.0531 | lr=0.0002 | cpu_batch_ms=1.1 | provider_batch_ms=327.1 | prefetch_q=100 | elapsed=30753.3s
eval | opt_step=7800 | micro_step=62400 | train_loss=3.0531 | val_loss=3.4938 | val_ppl=32.91
progress | opt_step= 7825/172211 | micro_step=62600/1377681 | stage=stage1 | span=1 | train_loss=3.3508 | lr=0.0002 | cpu_batch_ms=1.2 | provider_batch_ms=230.1 | prefetch_q=99 | elapsed=30890.8s
progress | opt_step= 7850/172211 | micro_step=62800/1377681 | stage=stage1 | span=1 | train_loss=3.1886 | lr=0.0002 | cpu_batch_ms=1.2 | provider_batch_ms=289.7 | prefetch_q=100 | elapsed=30982.2s
progress | opt_step= 7875/172211 | micro_step=63000/1377681 | stage=stage1 | span=1 | train_loss=3.1334 | lr=0.0002 | cpu_batch_ms=1.1 | provider_batch_ms=303.8 | prefetch_q=100 | elapsed=31072.9s
progress | opt_step= 7900/172211 | micro_step=63200/1377681 | stage=stage1 | span=1 | train_loss=3.2028 | lr=0.0002 | cpu_batch_ms=1.1 | provider_batch_ms=310.2 | prefetch_q=100 | elapsed=31163.6s
progress | opt_step= 7925/172211 | micro_step=63400/1377681 | stage=stage1 | span=1 | train_loss=3.3062 | lr=0.0002 | cpu_batch_ms=1.1 | provider_batch_ms=213.6 | prefetch_q=100 | elapsed=31275.1s
progress | opt_step= 7950/172211 | micro_step=63600/1377681 | stage=stage1 | span=1 | train_loss=3.2700 | lr=0.0002 | cpu_batch_ms=1.1 | provider_batch_ms=274.9 | prefetch_q=90 | elapsed=31366.0s
progress | opt_step= 7975/172211 | micro_step=63800/1377681 | stage=stage1 | span=1 | train_loss=3.6018 | lr=0.0002 | cpu_batch_ms=1.1 | provider_batch_ms=288.6 | prefetch_q=100 | elapsed=31456.9s
progress | opt_step= 8000/172211 | micro_step=64000/1377681 | stage=stage1 | span=1 | train_loss=3.3136 | lr=0.0002 | cpu_batch_ms=1.1 | provider_batch_ms=302.6 | prefetch_q=100 | elapsed=31547.7s
eval | opt_step=8000 | micro_step=64000 | train_loss=3.3136 | val_loss=3.4825 | val_ppl=32.54
progress | opt_step= 8025/172211 | micro_step=64200/1377681 | stage=stage1 | span=1 | train_loss=3.4882 | lr=0.0002 | cpu_batch_ms=1.1 | provider_batch_ms=247.0 | prefetch_q=100 | elapsed=31684.3s
progress | opt_step= 8050/172211 | micro_step=64400/1377681 | stage=stage1 | span=1 | train_loss=2.8336 | lr=0.0002 | cpu_batch_ms=1.1 | provider_batch_ms=267.3 | prefetch_q=100 | elapsed=31775.1s
progress | opt_step= 8075/172211 | micro_step=64600/1377681 | stage=stage1 | span=1 | train_loss=3.0111 | lr=0.0002 | cpu_batch_ms=1.1 | provider_batch_ms=294.6 | prefetch_q=100 | elapsed=31866.4s
progress | opt_step= 8100/172211 | micro_step=64800/1377681 | stage=stage1 | span=1 | train_loss=3.2194 | lr=0.0002 | cpu_batch_ms=1.1 | provider_batch_ms=306.4 | prefetch_q=100 | elapsed=31957.5s
progress | opt_step= 8125/172211 | micro_step=65000/1377681 | stage=stage1 | span=1 | train_loss=2.8796 | lr=0.0002 | cpu_batch_ms=1.1 | provider_batch_ms=238.9 | prefetch_q=100 | elapsed=32070.6s
progress | opt_step= 8150/172211 | micro_step=65200/1377681 | stage=stage1 | span=1 | train_loss=2.6391 | lr=0.0002 | cpu_batch_ms=1.1 | provider_batch_ms=275.1 | prefetch_q=97 | elapsed=32161.2s
progress | opt_step= 8175/172211 | micro_step=65400/1377681 | stage=stage1 | span=1 | train_loss=3.4901 | lr=0.0002 | cpu_batch_ms=1.1 | provider_batch_ms=289.9 | prefetch_q=99 | elapsed=32251.9s
progress | opt_step= 8200/172211 | micro_step=65600/1377681 | stage=stage1 | span=1 | train_loss=3.2621 | lr=0.0002 | cpu_batch_ms=1.1 | provider_batch_ms=303.3 | prefetch_q=100 | elapsed=32342.5s
eval | opt_step=8200 | micro_step=65600 | train_loss=3.2621 | val_loss=3.4631 | val_ppl=31.91
progress | opt_step= 8225/172211 | micro_step=65800/1377681 | stage=stage1 | span=1 | train_loss=2.3269 | lr=0.0002 | cpu_batch_ms=1.1 | provider_batch_ms=231.2 | prefetch_q=100 | elapsed=32478.9s
progress | opt_step= 8250/172211 | micro_step=66000/1377681 | stage=stage1 | span=1 | train_loss=3.5589 | lr=0.0002 | cpu_batch_ms=1.1 | provider_batch_ms=271.9 | prefetch_q=97 | elapsed=32570.0s
progress | opt_step= 8275/172211 | micro_step=66200/1377681 | stage=stage1 | span=1 | train_loss=3.2151 | lr=0.0002 | cpu_batch_ms=1.1 | provider_batch_ms=298.1 | prefetch_q=99 | elapsed=32661.1s
progress | opt_step= 8300/172211 | micro_step=66400/1377681 | stage=stage1 | span=1 | train_loss=3.4631 | lr=0.0002 | cpu_batch_ms=1.1 | provider_batch_ms=307.3 | prefetch_q=100 | elapsed=32751.4s
progress | opt_step= 8325/172211 | micro_step=66600/1377681 | stage=stage1 | span=1 | train_loss=2.8602 | lr=0.0002 | cpu_batch_ms=1.1 | provider_batch_ms=246.3 | prefetch_q=99 | elapsed=32863.4s
progress | opt_step= 8350/172211 | micro_step=66800/1377681 | stage=stage1 | span=1 | train_loss=2.8002 | lr=0.0002 | cpu_batch_ms=1.1 | provider_batch_ms=287.0 | prefetch_q=98 | elapsed=32954.1s
progress | opt_step= 8375/172211 | micro_step=67000/1377681 | stage=stage1 | span=1 | train_loss=3.0536 | lr=0.0002 | cpu_batch_ms=1.1 | provider_batch_ms=314.9 | prefetch_q=100 | elapsed=33045.1s
progress | opt_step= 8400/172211 | micro_step=67200/1377681 | stage=stage1 | span=1 | train_loss=3.0299 | lr=0.0002 | cpu_batch_ms=1.1 | provider_batch_ms=325.7 | prefetch_q=99 | elapsed=33135.9s
eval | opt_step=8400 | micro_step=67200 | train_loss=3.0299 | val_loss=3.4475 | val_ppl=31.42
progress | opt_step= 8425/172211 | micro_step=67400/1377681 | stage=stage1 | span=1 | train_loss=3.0165 | lr=0.0002 | cpu_batch_ms=1.1 | provider_batch_ms=214.8 | prefetch_q=100 | elapsed=33273.6s
progress | opt_step= 8450/172211 | micro_step=67600/1377681 | stage=stage1 | span=1 | train_loss=3.0151 | lr=0.0002 | cpu_batch_ms=1.1 | provider_batch_ms=261.2 | prefetch_q=100 | elapsed=33364.7s
progress | opt_step= 8475/172211 | micro_step=67800/1377681 | stage=stage1 | span=1 | train_loss=3.3933 | lr=0.0002 | cpu_batch_ms=1.1 | provider_batch_ms=279.9 | prefetch_q=99 | elapsed=33455.4s
progress | opt_step= 8500/172211 | micro_step=68000/1377681 | stage=stage1 | span=1 | train_loss=3.3397 | lr=0.0002 | cpu_batch_ms=1.1 | provider_batch_ms=301.1 | prefetch_q=99 | elapsed=33546.4s
progress | opt_step= 8525/172211 | micro_step=68200/1377681 | stage=stage1 | span=1 | train_loss=3.0183 | lr=0.0002 | cpu_batch_ms=1.2 | provider_batch_ms=254.9 | prefetch_q=100 | elapsed=33661.4s
progress | opt_step= 8550/172211 | micro_step=68400/1377681 | stage=stage1 | span=1 | train_loss=3.5023 | lr=0.0002 | cpu_batch_ms=1.1 | provider_batch_ms=284.9 | prefetch_q=100 | elapsed=33751.9s
progress | opt_step= 8575/172211 | micro_step=68600/1377681 | stage=stage1 | span=1 | train_loss=3.5035 | lr=0.0002 | cpu_batch_ms=1.1 | provider_batch_ms=306.2 | prefetch_q=100 | elapsed=33842.4s
progress | opt_step= 8600/172211 | micro_step=68800/1377681 | stage=stage1 | span=1 | train_loss=3.0774 | lr=0.0002 | cpu_batch_ms=1.1 | provider_batch_ms=315.0 | prefetch_q=100 | elapsed=33933.0s
eval | opt_step=8600 | micro_step=68800 | train_loss=3.0774 | val_loss=3.4361 | val_ppl=31.07
progress | opt_step= 8625/172211 | micro_step=69000/1377681 | stage=stage1 | span=1 | train_loss=3.2041 | lr=0.0002 | cpu_batch_ms=1.1 | provider_batch_ms=233.3 | prefetch_q=100 | elapsed=34069.5s
progress | opt_step= 8650/172211 | micro_step=69200/1377681 | stage=stage1 | span=1 | train_loss=3.3596 | lr=0.0002 | cpu_batch_ms=1.1 | provider_batch_ms=289.9 | prefetch_q=97 | elapsed=34160.6s
progress | opt_step= 8675/172211 | micro_step=69400/1377681 | stage=stage1 | span=1 | train_loss=3.1237 | lr=0.0002 | cpu_batch_ms=1.1 | provider_batch_ms=310.6 | prefetch_q=98 | elapsed=34251.6s
progress | opt_step= 8700/172211 | micro_step=69600/1377681 | stage=stage1 | span=1 | train_loss=3.3368 | lr=0.0002 | cpu_batch_ms=1.1 | provider_batch_ms=326.0 | prefetch_q=100 | elapsed=34342.7s
progress | opt_step= 8725/172211 | micro_step=69800/1377681 | stage=stage1 | span=1 | train_loss=3.0735 | lr=0.0002 | cpu_batch_ms=1.1 | provider_batch_ms=215.1 | prefetch_q=100 | elapsed=34454.4s
progress | opt_step= 8750/172211 | micro_step=70000/1377681 | stage=stage1 | span=1 | train_loss=2.8550 | lr=0.0002 | cpu_batch_ms=1.1 | provider_batch_ms=272.0 | prefetch_q=100 | elapsed=34545.2s
progress | opt_step= 8775/172211 | micro_step=70200/1377681 | stage=stage1 | span=1 | train_loss=3.0079 | lr=0.0002 | cpu_batch_ms=1.1 | provider_batch_ms=296.0 | prefetch_q=98 | elapsed=34636.1s
progress | opt_step= 8800/172211 | micro_step=70400/1377681 | stage=stage1 | span=1 | train_loss=3.4282 | lr=0.0002 | cpu_batch_ms=1.1 | provider_batch_ms=302.9 | prefetch_q=100 | elapsed=34727.0s
eval | opt_step=8800 | micro_step=70400 | train_loss=3.4282 | val_loss=3.4237 | val_ppl=30.68
progress | opt_step= 8825/172211 | micro_step=70600/1377681 | stage=stage1 | span=1 | train_loss=3.1334 | lr=0.0002 | cpu_batch_ms=1.1 | provider_batch_ms=225.3 | prefetch_q=100 | elapsed=34864.8s
progress | opt_step= 8850/172211 | micro_step=70800/1377681 | stage=stage1 | span=1 | train_loss=2.5118 | lr=0.0002 | cpu_batch_ms=1.1 | provider_batch_ms=278.7 | prefetch_q=100 | elapsed=34955.9s
progress | opt_step= 8875/172211 | micro_step=71000/1377681 | stage=stage1 | span=1 | train_loss=3.4782 | lr=0.0002 | cpu_batch_ms=1.1 | provider_batch_ms=293.7 | prefetch_q=100 | elapsed=35046.4s
progress | opt_step= 8900/172211 | micro_step=71200/1377681 | stage=stage1 | span=1 | train_loss=3.1046 | lr=0.0002 | cpu_batch_ms=1.1 | provider_batch_ms=307.6 | prefetch_q=100 | elapsed=35137.1s
progress | opt_step= 8925/172211 | micro_step=71400/1377681 | stage=stage1 | span=1 | train_loss=3.1543 | lr=0.0002 | cpu_batch_ms=1.1 | provider_batch_ms=214.8 | prefetch_q=100 | elapsed=35249.3s
progress | opt_step= 8950/172211 | micro_step=71600/1377681 | stage=stage1 | span=1 | train_loss=2.7515 | lr=0.0002 | cpu_batch_ms=1.1 | provider_batch_ms=261.5 | prefetch_q=100 | elapsed=35340.5s
progress | opt_step= 8975/172211 | micro_step=71800/1377681 | stage=stage1 | span=1 | train_loss=2.9710 | lr=0.0002 | cpu_batch_ms=1.1 | provider_batch_ms=284.3 | prefetch_q=97 | elapsed=35431.2s
progress | opt_step= 9000/172211 | micro_step=72000/1377681 | stage=stage1 | span=1 | train_loss=3.0906 | lr=0.0002 | cpu_batch_ms=1.1 | provider_batch_ms=299.3 | prefetch_q=100 | elapsed=35522.1s
eval | opt_step=9000 | micro_step=72000 | train_loss=3.0906 | val_loss=3.4142 | val_ppl=30.39
progress | opt_step= 9025/172211 | micro_step=72200/1377681 | stage=stage1 | span=1 | train_loss=3.2970 | lr=0.0002 | cpu_batch_ms=1.1 | provider_batch_ms=234.9 | prefetch_q=100 | elapsed=35657.7s
progress | opt_step= 9050/172211 | micro_step=72400/1377681 | stage=stage1 | span=1 | train_loss=2.9007 | lr=0.0002 | cpu_batch_ms=1.1 | provider_batch_ms=275.3 | prefetch_q=100 | elapsed=35748.7s
progress | opt_step= 9075/172211 | micro_step=72600/1377681 | stage=stage1 | span=1 | train_loss=3.4082 | lr=0.0002 | cpu_batch_ms=1.1 | provider_batch_ms=296.4 | prefetch_q=100 | elapsed=35839.2s
progress | opt_step= 9100/172211 | micro_step=72800/1377681 | stage=stage1 | span=1 | train_loss=3.3755 | lr=0.0002 | cpu_batch_ms=1.1 | provider_batch_ms=314.3 | prefetch_q=95 | elapsed=35929.7s
progress | opt_step= 9125/172211 | micro_step=73000/1377681 | stage=stage1 | span=1 | train_loss=3.3949 | lr=0.0002 | cpu_batch_ms=1.1 | provider_batch_ms=216.9 | prefetch_q=100 | elapsed=36040.1s
progress | opt_step= 9150/172211 | micro_step=73200/1377681 | stage=stage1 | span=1 | train_loss=2.6294 | lr=0.0002 | cpu_batch_ms=1.1 | provider_batch_ms=264.6 | prefetch_q=95 | elapsed=36130.8s
progress | opt_step= 9175/172211 | micro_step=73400/1377681 | stage=stage1 | span=1 | train_loss=2.9259 | lr=0.0002 | cpu_batch_ms=1.1 | provider_batch_ms=293.1 | prefetch_q=100 | elapsed=36221.4s
progress | opt_step= 9200/172211 | micro_step=73600/1377681 | stage=stage1 | span=1 | train_loss=3.4449 | lr=0.0002 | cpu_batch_ms=1.1 | provider_batch_ms=308.0 | prefetch_q=100 | elapsed=36311.9s
eval | opt_step=9200 | micro_step=73600 | train_loss=3.4449 | val_loss=3.4076 | val_ppl=30.19
progress | opt_step= 9225/172211 | micro_step=73800/1377681 | stage=stage1 | span=1 | train_loss=2.9282 | lr=0.0002 | cpu_batch_ms=1.1 | provider_batch_ms=253.0 | prefetch_q=89 | elapsed=36449.9s
progress | opt_step= 9250/172211 | micro_step=74000/1377681 | stage=stage1 | span=1 | train_loss=3.4291 | lr=0.0002 | cpu_batch_ms=1.1 | provider_batch_ms=283.6 | prefetch_q=100 | elapsed=36541.0s
progress | opt_step= 9275/172211 | micro_step=74200/1377681 | stage=stage1 | span=1 | train_loss=3.0779 | lr=0.0002 | cpu_batch_ms=1.1 | provider_batch_ms=304.5 | prefetch_q=100 | elapsed=36631.5s
progress | opt_step= 9300/172211 | micro_step=74400/1377681 | stage=stage1 | span=1 | train_loss=2.8735 | lr=0.0002 | cpu_batch_ms=1.1 | provider_batch_ms=315.3 | prefetch_q=100 | elapsed=36722.3s
progress | opt_step= 9325/172211 | micro_step=74600/1377681 | stage=stage1 | span=1 | train_loss=3.4589 | lr=0.0002 | cpu_batch_ms=1.1 | provider_batch_ms=249.7 | prefetch_q=99 | elapsed=36831.9s
progress | opt_step= 9350/172211 | micro_step=74800/1377681 | stage=stage1 | span=1 | train_loss=3.3231 | lr=0.0002 | cpu_batch_ms=1.1 | provider_batch_ms=285.6 | prefetch_q=99 | elapsed=36922.7s
progress | opt_step= 9375/172211 | micro_step=75000/1377681 | stage=stage1 | span=1 | train_loss=2.6999 | lr=0.0002 | cpu_batch_ms=1.1 | provider_batch_ms=309.1 | prefetch_q=100 | elapsed=37014.1s
progress | opt_step= 9400/172211 | micro_step=75200/1377681 | stage=stage1 | span=1 | train_loss=3.3562 | lr=0.0002 | cpu_batch_ms=1.1 | provider_batch_ms=314.2 | prefetch_q=100 | elapsed=37104.8s
eval | opt_step=9400 | micro_step=75200 | train_loss=3.3562 | val_loss=3.3967 | val_ppl=29.87
progress | opt_step= 9425/172211 | micro_step=75400/1377681 | stage=stage1 | span=1 | train_loss=3.0834 | lr=0.0002 | cpu_batch_ms=1.1 | provider_batch_ms=216.1 | prefetch_q=98 | elapsed=37237.2s
progress | opt_step= 9450/172211 | micro_step=75600/1377681 | stage=stage1 | span=1 | train_loss=2.4627 | lr=0.0002 | cpu_batch_ms=1.1 | provider_batch_ms=274.2 | prefetch_q=99 | elapsed=37328.3s
progress | opt_step= 9475/172211 | micro_step=75800/1377681 | stage=stage1 | span=1 | train_loss=3.1588 | lr=0.0002 | cpu_batch_ms=1.1 | provider_batch_ms=294.7 | prefetch_q=100 | elapsed=37418.7s
progress | opt_step= 9500/172211 | micro_step=76000/1377681 | stage=stage1 | span=1 | train_loss=3.3642 | lr=0.0002 | cpu_batch_ms=1.1 | provider_batch_ms=311.0 | prefetch_q=100 | elapsed=37509.2s
progress | opt_step= 9525/172211 | micro_step=76200/1377681 | stage=stage1 | span=1 | train_loss=3.2566 | lr=0.0002 | cpu_batch_ms=1.1 | provider_batch_ms=232.4 | prefetch_q=100 | elapsed=37619.5s
progress | opt_step= 9550/172211 | micro_step=76400/1377681 | stage=stage1 | span=1 | train_loss=3.4279 | lr=0.0002 | cpu_batch_ms=1.1 | provider_batch_ms=283.3 | prefetch_q=98 | elapsed=37710.9s
progress | opt_step= 9575/172211 | micro_step=76600/1377681 | stage=stage1 | span=1 | train_loss=3.4102 | lr=0.0002 | cpu_batch_ms=1.1 | provider_batch_ms=303.7 | prefetch_q=100 | elapsed=37801.5s
progress | opt_step= 9600/172211 | micro_step=76800/1377681 | stage=stage1 | span=1 | train_loss=2.9136 | lr=0.0002 | cpu_batch_ms=1.1 | provider_batch_ms=309.0 | prefetch_q=100 | elapsed=37891.8s
eval | opt_step=9600 | micro_step=76800 | train_loss=2.9136 | val_loss=3.4027 | val_ppl=30.04
progress | opt_step= 9625/172211 | micro_step=77000/1377681 | stage=stage1 | span=1 | train_loss=2.8615 | lr=0.0002 | cpu_batch_ms=1.1 | provider_batch_ms=240.5 | prefetch_q=100 | elapsed=38005.6s
progress | opt_step= 9650/172211 | micro_step=77200/1377681 | stage=stage1 | span=1 | train_loss=3.4450 | lr=0.0002 | cpu_batch_ms=1.1 | provider_batch_ms=296.0 | prefetch_q=100 | elapsed=38096.5s
progress | opt_step= 9675/172211 | micro_step=77400/1377681 | stage=stage1 | span=1 | train_loss=3.1327 | lr=0.0002 | cpu_batch_ms=1.1 | provider_batch_ms=323.4 | prefetch_q=99 | elapsed=38187.9s
progress | opt_step= 9700/172211 | micro_step=77600/1377681 | stage=stage1 | span=1 | train_loss=3.4396 | lr=0.0002 | cpu_batch_ms=1.1 | provider_batch_ms=325.4 | prefetch_q=100 | elapsed=38278.7s
progress | opt_step= 9725/172211 | micro_step=77800/1377681 | stage=stage1 | span=1 | train_loss=3.6199 | lr=0.0002 | cpu_batch_ms=1.1 | provider_batch_ms=227.2 | prefetch_q=99 | elapsed=38387.7s
progress | opt_step= 9750/172211 | micro_step=78000/1377681 | stage=stage1 | span=1 | train_loss=3.1363 | lr=0.0002 | cpu_batch_ms=1.1 | provider_batch_ms=277.0 | prefetch_q=100 | elapsed=38478.5s
progress | opt_step= 9775/172211 | micro_step=78200/1377681 | stage=stage1 | span=1 | train_loss=3.5573 | lr=0.0002 | cpu_batch_ms=1.1 | provider_batch_ms=303.0 | prefetch_q=100 | elapsed=38570.1s
progress | opt_step= 9800/172211 | micro_step=78400/1377681 | stage=stage1 | span=1 | train_loss=3.4812 | lr=0.0002 | cpu_batch_ms=1.1 | provider_batch_ms=315.0 | prefetch_q=100 | elapsed=38660.4s
eval | opt_step=9800 | micro_step=78400 | train_loss=3.4812 | val_loss=3.3912 | val_ppl=29.70
progress | opt_step= 9825/172211 | micro_step=78600/1377681 | stage=stage1 | span=1 | train_loss=3.2197 | lr=0.0002 | cpu_batch_ms=1.1 | provider_batch_ms=229.2 | prefetch_q=96 | elapsed=38793.6s
progress | opt_step= 9850/172211 | micro_step=78800/1377681 | stage=stage1 | span=1 | train_loss=2.9183 | lr=0.0002 | cpu_batch_ms=1.1 | provider_batch_ms=283.4 | prefetch_q=100 | elapsed=38884.9s
progress | opt_step= 9875/172211 | micro_step=79000/1377681 | stage=stage1 | span=1 | train_loss=3.2228 | lr=0.0002 | cpu_batch_ms=1.1 | provider_batch_ms=302.3 | prefetch_q=98 | elapsed=38975.5s
progress | opt_step= 9900/172211 | micro_step=79200/1377681 | stage=stage1 | span=1 | train_loss=2.6405 | lr=0.0002 | cpu_batch_ms=1.1 | provider_batch_ms=320.0 | prefetch_q=99 | elapsed=39066.3s
progress | opt_step= 9925/172211 | micro_step=79400/1377681 | stage=stage1 | span=1 | train_loss=3.1546 | lr=0.0002 | cpu_batch_ms=1.1 | provider_batch_ms=225.2 | prefetch_q=100 | elapsed=39176.5s
progress | opt_step= 9950/172211 | micro_step=79600/1377681 | stage=stage1 | span=1 | train_loss=3.2909 | lr=0.0002 | cpu_batch_ms=1.1 | provider_batch_ms=271.3 | prefetch_q=100 | elapsed=39266.9s
progress | opt_step= 9975/172211 | micro_step=79800/1377681 | stage=stage1 | span=1 | train_loss=2.7867 | lr=0.0002 | cpu_batch_ms=1.1 | provider_batch_ms=296.3 | prefetch_q=98 | elapsed=39357.5s
progress | opt_step=10000/172211 | micro_step=80000/1377681 | stage=stage1 | span=1 | train_loss=3.0861 | lr=0.0002 | cpu_batch_ms=1.1 | provider_batch_ms=307.1 | prefetch_q=97 | elapsed=39448.2s
eval | opt_step=10000 | micro_step=80000 | train_loss=3.0861 | val_loss=3.3836 | val_ppl=29.48
progress | opt_step=10025/172211 | micro_step=80200/1377681 | stage=stage1 | span=1 | train_loss=3.1229 | lr=0.0002 | cpu_batch_ms=1.1 | provider_batch_ms=232.3 | prefetch_q=99 | elapsed=39582.7s
progress | opt_step=10050/172211 | micro_step=80400/1377681 | stage=stage1 | span=1 | train_loss=3.3543 | lr=0.0002 | cpu_batch_ms=1.1 | provider_batch_ms=289.9 | prefetch_q=100 | elapsed=39674.0s
progress | opt_step=10075/172211 | micro_step=80600/1377681 | stage=stage1 | span=1 | train_loss=3.3062 | lr=0.0002 | cpu_batch_ms=1.1 | provider_batch_ms=302.7 | prefetch_q=100 | elapsed=39764.8s
progress | opt_step=10100/172211 | micro_step=80800/1377681 | stage=stage1 | span=1 | train_loss=3.2223 | lr=0.0002 | cpu_batch_ms=1.1 | provider_batch_ms=310.7 | prefetch_q=98 | elapsed=39855.3s
progress | opt_step=10125/172211 | micro_step=81000/1377681 | stage=stage1 | span=1 | train_loss=3.0803 | lr=0.0002 | cpu_batch_ms=1.1 | provider_batch_ms=241.3 | prefetch_q=95 | elapsed=39965.4s
progress | opt_step=10150/172211 | micro_step=81200/1377681 | stage=stage1 | span=1 | train_loss=3.3346 | lr=0.0002 | cpu_batch_ms=1.1 | provider_batch_ms=274.5 | prefetch_q=100 | elapsed=40055.9s
progress | opt_step=10175/172211 | micro_step=81400/1377681 | stage=stage1 | span=1 | train_loss=3.1730 | lr=0.0002 | cpu_batch_ms=1.1 | provider_batch_ms=300.6 | prefetch_q=100 | elapsed=40146.9s
progress | opt_step=10200/172211 | micro_step=81600/1377681 | stage=stage1 | span=1 | train_loss=2.9618 | lr=0.0002 | cpu_batch_ms=1.1 | provider_batch_ms=310.0 | prefetch_q=100 | elapsed=40237.2s
eval | opt_step=10200 | micro_step=81600 | train_loss=2.9618 | val_loss=3.3779 | val_ppl=29.31
progress | opt_step=10225/172211 | micro_step=81800/1377681 | stage=stage1 | span=1 | train_loss=2.8836 | lr=0.0002 | cpu_batch_ms=1.1 | provider_batch_ms=242.0 | prefetch_q=100 | elapsed=40371.3s
progress | opt_step=10250/172211 | micro_step=82000/1377681 | stage=stage1 | span=1 | train_loss=3.1237 | lr=0.0002 | cpu_batch_ms=1.0 | provider_batch_ms=284.2 | prefetch_q=98 | elapsed=40462.1s
progress | opt_step=10275/172211 | micro_step=82200/1377681 | stage=stage1 | span=1 | train_loss=2.9908 | lr=0.0002 | cpu_batch_ms=1.0 | provider_batch_ms=302.6 | prefetch_q=100 | elapsed=40552.7s
progress | opt_step=10300/172211 | micro_step=82400/1377681 | stage=stage1 | span=1 | train_loss=3.2687 | lr=0.0002 | cpu_batch_ms=1.0 | provider_batch_ms=315.2 | prefetch_q=98 | elapsed=40643.0s
progress | opt_step=10325/172211 | micro_step=82600/1377681 | stage=stage1 | span=1 | train_loss=3.2282 | lr=0.0002 | cpu_batch_ms=1.0 | provider_batch_ms=220.0 | prefetch_q=100 | elapsed=40753.1s
progress | opt_step=10350/172211 | micro_step=82800/1377681 | stage=stage1 | span=1 | train_loss=3.2837 | lr=0.0002 | cpu_batch_ms=1.0 | provider_batch_ms=276.3 | prefetch_q=100 | elapsed=40843.9s
progress | opt_step=10375/172211 | micro_step=83000/1377681 | stage=stage1 | span=1 | train_loss=3.2015 | lr=0.0002 | cpu_batch_ms=1.0 | provider_batch_ms=290.5 | prefetch_q=100 | elapsed=40934.4s
progress | opt_step=10400/172211 | micro_step=83200/1377681 | stage=stage1 | span=1 | train_loss=2.3157 | lr=0.0002 | cpu_batch_ms=1.0 | provider_batch_ms=315.7 | prefetch_q=90 | elapsed=41025.7s
eval | opt_step=10400 | micro_step=83200 | train_loss=2.3157 | val_loss=3.3791 | val_ppl=29.34
progress | opt_step=10425/172211 | micro_step=83400/1377681 | stage=stage1 | span=1 | train_loss=3.0065 | lr=0.0002 | cpu_batch_ms=1.0 | provider_batch_ms=262.2 | prefetch_q=96 | elapsed=41141.0s
progress | opt_step=10450/172211 | micro_step=83600/1377681 | stage=stage1 | span=1 | train_loss=3.3116 | lr=0.0002 | cpu_batch_ms=1.0 | provider_batch_ms=306.5 | prefetch_q=100 | elapsed=41231.8s
progress | opt_step=10475/172211 | micro_step=83800/1377681 | stage=stage1 | span=1 | train_loss=3.2401 | lr=0.0002 | cpu_batch_ms=1.0 | provider_batch_ms=319.8 | prefetch_q=100 | elapsed=41322.6s
progress | opt_step=10500/172211 | micro_step=84000/1377681 | stage=stage1 | span=1 | train_loss=3.2407 | lr=0.0002 | cpu_batch_ms=1.0 | provider_batch_ms=325.9 | prefetch_q=100 | elapsed=41413.2s
progress | opt_step=10525/172211 | micro_step=84200/1377681 | stage=stage1 | span=1 | train_loss=3.3618 | lr=0.0002 | cpu_batch_ms=1.0 | provider_batch_ms=235.0 | prefetch_q=98 | elapsed=41523.2s
progress | opt_step=10550/172211 | micro_step=84400/1377681 | stage=stage1 | span=1 | train_loss=2.7978 | lr=0.0002 | cpu_batch_ms=1.0 | provider_batch_ms=276.5 | prefetch_q=100 | elapsed=41613.8s
progress | opt_step=10575/172211 | micro_step=84600/1377681 | stage=stage1 | span=1 | train_loss=3.1316 | lr=0.0002 | cpu_batch_ms=1.0 | provider_batch_ms=302.7 | prefetch_q=100 | elapsed=41704.6s
progress | opt_step=10600/172211 | micro_step=84800/1377681 | stage=stage1 | span=1 | train_loss=3.0525 | lr=0.0002 | cpu_batch_ms=1.0 | provider_batch_ms=316.4 | prefetch_q=100 | elapsed=41795.9s
eval | opt_step=10600 | micro_step=84800 | train_loss=3.0525 | val_loss=3.3799 | val_ppl=29.37
progress | opt_step=10625/172211 | micro_step=85000/1377681 | stage=stage1 | span=1 | train_loss=3.1843 | lr=0.0002 | cpu_batch_ms=1.0 | provider_batch_ms=233.2 | prefetch_q=96 | elapsed=41908.6s
progress | opt_step=10650/172211 | micro_step=85200/1377681 | stage=stage1 | span=1 | train_loss=2.9561 | lr=0.0002 | cpu_batch_ms=1.0 | provider_batch_ms=282.3 | prefetch_q=100 | elapsed=41999.5s
progress | opt_step=10675/172211 | micro_step=85400/1377681 | stage=stage1 | span=1 | train_loss=3.1127 | lr=0.0002 | cpu_batch_ms=1.0 | provider_batch_ms=289.6 | prefetch_q=99 | elapsed=42089.6s
progress | opt_step=10700/172211 | micro_step=85600/1377681 | stage=stage1 | span=1 | train_loss=2.5672 | lr=0.0002 | cpu_batch_ms=1.0 | provider_batch_ms=306.3 | prefetch_q=100 | elapsed=42180.6s
progress | opt_step=10725/172211 | micro_step=85800/1377681 | stage=stage1 | span=1 | train_loss=3.4756 | lr=0.0002 | cpu_batch_ms=1.0 | provider_batch_ms=252.6 | prefetch_q=99 | elapsed=42291.9s
progress | opt_step=10750/172211 | micro_step=86000/1377681 | stage=stage1 | span=1 | train_loss=3.3632 | lr=0.0002 | cpu_batch_ms=1.0 | provider_batch_ms=297.9 | prefetch_q=100 | elapsed=42382.3s
progress | opt_step=10775/172211 | micro_step=86200/1377681 | stage=stage1 | span=1 | train_loss=3.2578 | lr=0.0002 | cpu_batch_ms=1.0 | provider_batch_ms=308.6 | prefetch_q=100 | elapsed=42473.1s
progress | opt_step=10800/172211 | micro_step=86400/1377681 | stage=stage1 | span=1 | train_loss=2.6883 | lr=0.0002 | cpu_batch_ms=1.0 | provider_batch_ms=320.5 | prefetch_q=99 | elapsed=42563.8s
eval | opt_step=10800 | micro_step=86400 | train_loss=2.6883 | val_loss=3.3719 | val_ppl=29.13
progress | opt_step=10825/172211 | micro_step=86600/1377681 | stage=stage1 | span=1 | train_loss=3.2149 | lr=0.0002 | cpu_batch_ms=1.0 | provider_batch_ms=241.4 | prefetch_q=100 | elapsed=42697.2s
progress | opt_step=10850/172211 | micro_step=86800/1377681 | stage=stage1 | span=1 | train_loss=3.4188 | lr=0.0002 | cpu_batch_ms=1.0 | provider_batch_ms=278.4 | prefetch_q=100 | elapsed=42787.8s
progress | opt_step=10875/172211 | micro_step=87000/1377681 | stage=stage1 | span=1 | train_loss=2.9822 | lr=0.0002 | cpu_batch_ms=1.0 | provider_batch_ms=288.6 | prefetch_q=99 | elapsed=42878.2s
progress | opt_step=10900/172211 | micro_step=87200/1377681 | stage=stage1 | span=1 | train_loss=3.0284 | lr=0.0002 | cpu_batch_ms=1.0 | provider_batch_ms=303.0 | prefetch_q=100 | elapsed=42968.8s
progress | opt_step=10925/172211 | micro_step=87400/1377681 | stage=stage1 | span=1 | train_loss=3.4439 | lr=0.0002 | cpu_batch_ms=1.0 | provider_batch_ms=231.7 | prefetch_q=100 | elapsed=43078.9s
progress | opt_step=10950/172211 | micro_step=87600/1377681 | stage=stage1 | span=1 | train_loss=2.5886 | lr=0.0002 | cpu_batch_ms=1.0 | provider_batch_ms=280.4 | prefetch_q=100 | elapsed=43169.1s
progress | opt_step=10975/172211 | micro_step=87800/1377681 | stage=stage1 | span=1 | train_loss=3.4316 | lr=0.0002 | cpu_batch_ms=1.0 | provider_batch_ms=304.4 | prefetch_q=95 | elapsed=43259.7s
progress | opt_step=11000/172211 | micro_step=88000/1377681 | stage=stage1 | span=1 | train_loss=3.2166 | lr=0.0002 | cpu_batch_ms=1.0 | provider_batch_ms=312.4 | prefetch_q=100 | elapsed=43350.4s
eval | opt_step=11000 | micro_step=88000 | train_loss=3.2166 | val_loss=3.3481 | val_ppl=28.45
progress | opt_step=11025/172211 | micro_step=88200/1377681 | stage=stage1 | span=1 | train_loss=3.1593 | lr=0.0002 | cpu_batch_ms=1.0 | provider_batch_ms=231.7 | prefetch_q=100 | elapsed=43488.3s
progress | opt_step=11050/172211 | micro_step=88400/1377681 | stage=stage1 | span=1 | train_loss=3.6204 | lr=0.0002 | cpu_batch_ms=1.0 | provider_batch_ms=272.7 | prefetch_q=100 | elapsed=43579.1s
progress | opt_step=11075/172211 | micro_step=88600/1377681 | stage=stage1 | span=1 | train_loss=2.9052 | lr=0.0002 | cpu_batch_ms=1.0 | provider_batch_ms=292.7 | prefetch_q=100 | elapsed=43669.7s
progress | opt_step=11100/172211 | micro_step=88800/1377681 | stage=stage1 | span=1 | train_loss=3.4291 | lr=0.0002 | cpu_batch_ms=1.0 | provider_batch_ms=305.2 | prefetch_q=98 | elapsed=43760.3s
progress | opt_step=11125/172211 | micro_step=89000/1377681 | stage=stage1 | span=1 | train_loss=2.8632 | lr=0.0002 | cpu_batch_ms=1.0 | provider_batch_ms=251.9 | prefetch_q=100 | elapsed=43871.4s
progress | opt_step=11150/172211 | micro_step=89200/1377681 | stage=stage1 | span=1 | train_loss=2.9630 | lr=0.0002 | cpu_batch_ms=1.0 | provider_batch_ms=290.1 | prefetch_q=100 | elapsed=43962.1s
progress | opt_step=11175/172211 | micro_step=89400/1377681 | stage=stage1 | span=1 | train_loss=3.0037 | lr=0.0002 | cpu_batch_ms=1.0 | provider_batch_ms=299.7 | prefetch_q=99 | elapsed=44052.8s
progress | opt_step=11200/172211 | micro_step=89600/1377681 | stage=stage1 | span=1 | train_loss=2.8235 | lr=0.0002 | cpu_batch_ms=1.0 | provider_batch_ms=311.0 | prefetch_q=96 | elapsed=44143.6s
eval | opt_step=11200 | micro_step=89600 | train_loss=2.8235 | val_loss=3.3311 | val_ppl=27.97
progress | opt_step=11225/172211 | micro_step=89800/1377681 | stage=stage1 | span=1 | train_loss=2.8329 | lr=0.0002 | cpu_batch_ms=1.0 | provider_batch_ms=238.3 | prefetch_q=100 | elapsed=44278.4s
progress | opt_step=11250/172211 | micro_step=90000/1377681 | stage=stage1 | span=1 | train_loss=3.3938 | lr=0.0002 | cpu_batch_ms=1.0 | provider_batch_ms=283.6 | prefetch_q=100 | elapsed=44369.2s
progress | opt_step=11275/172211 | micro_step=90200/1377681 | stage=stage1 | span=1 | train_loss=3.1530 | lr=0.0002 | cpu_batch_ms=1.0 | provider_batch_ms=306.3 | prefetch_q=100 | elapsed=44460.1s
progress | opt_step=11300/172211 | micro_step=90400/1377681 | stage=stage1 | span=1 | train_loss=3.3692 | lr=0.0002 | cpu_batch_ms=1.0 | provider_batch_ms=319.4 | prefetch_q=100 | elapsed=44551.2s
progress | opt_step=11325/172211 | micro_step=90600/1377681 | stage=stage1 | span=1 | train_loss=3.0903 | lr=0.0002 | cpu_batch_ms=1.0 | provider_batch_ms=231.2 | prefetch_q=99 | elapsed=44660.8s
progress | opt_step=11350/172211 | micro_step=90800/1377681 | stage=stage1 | span=1 | train_loss=3.3879 | lr=0.0002 | cpu_batch_ms=1.0 | provider_batch_ms=273.1 | prefetch_q=99 | elapsed=44752.0s
progress | opt_step=11375/172211 | micro_step=91000/1377681 | stage=stage1 | span=1 | train_loss=2.9707 | lr=0.0002 | cpu_batch_ms=1.0 | provider_batch_ms=297.5 | prefetch_q=100 | elapsed=44842.8s
progress | opt_step=11400/172211 | micro_step=91200/1377681 | stage=stage1 | span=1 | train_loss=3.1149 | lr=0.0002 | cpu_batch_ms=1.0 | provider_batch_ms=312.2 | prefetch_q=100 | elapsed=44933.6s
eval | opt_step=11400 | micro_step=91200 | train_loss=3.1149 | val_loss=3.3444 | val_ppl=28.34
progress | opt_step=11425/172211 | micro_step=91400/1377681 | stage=stage1 | span=1 | train_loss=3.0993 | lr=0.0002 | cpu_batch_ms=1.0 | provider_batch_ms=225.9 | prefetch_q=99 | elapsed=45045.9s
progress | opt_step=11450/172211 | micro_step=91600/1377681 | stage=stage1 | span=1 | train_loss=3.1908 | lr=0.0002 | cpu_batch_ms=1.0 | provider_batch_ms=272.5 | prefetch_q=100 | elapsed=45136.7s
progress | opt_step=11475/172211 | micro_step=91800/1377681 | stage=stage1 | span=1 | train_loss=3.3057 | lr=0.0002 | cpu_batch_ms=1.0 | provider_batch_ms=302.5 | prefetch_q=99 | elapsed=45227.4s
progress | opt_step=11500/172211 | micro_step=92000/1377681 | stage=stage1 | span=1 | train_loss=2.9556 | lr=0.0002 | cpu_batch_ms=1.0 | provider_batch_ms=322.4 | prefetch_q=100 | elapsed=45317.9s
progress | opt_step=11525/172211 | micro_step=92200/1377681 | stage=stage1 | span=1 | train_loss=3.1164 | lr=0.0002 | cpu_batch_ms=1.1 | provider_batch_ms=228.1 | prefetch_q=98 | elapsed=45431.3s
progress | opt_step=11550/172211 | micro_step=92400/1377681 | stage=stage1 | span=1 | train_loss=3.3088 | lr=0.0002 | cpu_batch_ms=1.1 | provider_batch_ms=282.7 | prefetch_q=89 | elapsed=45521.8s
progress | opt_step=11575/172211 | micro_step=92600/1377681 | stage=stage1 | span=1 | train_loss=3.3711 | lr=0.0002 | cpu_batch_ms=1.1 | provider_batch_ms=291.9 | prefetch_q=100 | elapsed=45612.4s
progress | opt_step=11600/172211 | micro_step=92800/1377681 | stage=stage1 | span=1 | train_loss=3.4295 | lr=0.0002 | cpu_batch_ms=1.1 | provider_batch_ms=309.8 | prefetch_q=100 | elapsed=45703.2s
eval | opt_step=11600 | micro_step=92800 | train_loss=3.4295 | val_loss=3.3372 | val_ppl=28.14
progress | opt_step=11625/172211 | micro_step=93000/1377681 | stage=stage1 | span=1 | train_loss=3.1340 | lr=0.0002 | cpu_batch_ms=1.1 | provider_batch_ms=228.8 | prefetch_q=100 | elapsed=45817.8s
progress | opt_step=11650/172211 | micro_step=93200/1377681 | stage=stage1 | span=1 | train_loss=3.2154 | lr=0.0002 | cpu_batch_ms=1.1 | provider_batch_ms=274.1 | prefetch_q=100 | elapsed=45908.9s
progress | opt_step=11675/172211 | micro_step=93400/1377681 | stage=stage1 | span=1 | train_loss=3.4519 | lr=0.0002 | cpu_batch_ms=1.1 | provider_batch_ms=300.3 | prefetch_q=100 | elapsed=45999.8s
progress | opt_step=11700/172211 | micro_step=93600/1377681 | stage=stage1 | span=1 | train_loss=2.4629 | lr=0.0002 | cpu_batch_ms=1.1 | provider_batch_ms=319.0 | prefetch_q=100 | elapsed=46091.0s
progress | opt_step=11725/172211 | micro_step=93800/1377681 | stage=stage1 | span=1 | train_loss=3.2985 | lr=0.0002 | cpu_batch_ms=1.1 | provider_batch_ms=235.4 | prefetch_q=99 | elapsed=46200.7s
progress | opt_step=11750/172211 | micro_step=94000/1377681 | stage=stage1 | span=1 | train_loss=3.1214 | lr=0.0002 | cpu_batch_ms=1.1 | provider_batch_ms=294.1 | prefetch_q=96 | elapsed=46292.2s
progress | opt_step=11775/172211 | micro_step=94200/1377681 | stage=stage1 | span=1 | train_loss=3.2893 | lr=0.0002 | cpu_batch_ms=1.1 | provider_batch_ms=302.0 | prefetch_q=100 | elapsed=46382.3s
progress | opt_step=11800/172211 | micro_step=94400/1377681 | stage=stage1 | span=1 | train_loss=2.6905 | lr=0.0002 | cpu_batch_ms=1.1 | provider_batch_ms=307.3 | prefetch_q=100 | elapsed=46472.8s
eval | opt_step=11800 | micro_step=94400 | train_loss=2.6905 | val_loss=3.3388 | val_ppl=28.19
progress | opt_step=11825/172211 | micro_step=94600/1377681 | stage=stage1 | span=1 | train_loss=3.0596 | lr=0.0002 | cpu_batch_ms=1.1 | provider_batch_ms=236.2 | prefetch_q=100 | elapsed=46586.2s
progress | opt_step=11850/172211 | micro_step=94800/1377681 | stage=stage1 | span=1 | train_loss=3.1497 | lr=0.0002 | cpu_batch_ms=1.1 | provider_batch_ms=280.9 | prefetch_q=99 | elapsed=46677.0s
progress | opt_step=11875/172211 | micro_step=95000/1377681 | stage=stage1 | span=1 | train_loss=2.9017 | lr=0.0002 | cpu_batch_ms=1.1 | provider_batch_ms=296.3 | prefetch_q=100 | elapsed=46768.1s
progress | opt_step=11900/172211 | micro_step=95200/1377681 | stage=stage1 | span=1 | train_loss=3.0168 | lr=0.0002 | cpu_batch_ms=1.1 | provider_batch_ms=313.7 | prefetch_q=100 | elapsed=46858.6s
progress | opt_step=11925/172211 | micro_step=95400/1377681 | stage=stage1 | span=1 | train_loss=3.0930 | lr=0.0002 | cpu_batch_ms=1.1 | provider_batch_ms=229.0 | prefetch_q=100 | elapsed=46970.0s
progress | opt_step=11950/172211 | micro_step=95600/1377681 | stage=stage1 | span=1 | train_loss=3.0658 | lr=0.0002 | cpu_batch_ms=1.0 | provider_batch_ms=278.9 | prefetch_q=100 | elapsed=47060.9s
progress | opt_step=11975/172211 | micro_step=95800/1377681 | stage=stage1 | span=1 | train_loss=3.3186 | lr=0.0002 | cpu_batch_ms=1.0 | provider_batch_ms=300.3 | prefetch_q=100 | elapsed=47151.6s
progress | opt_step=12000/172211 | micro_step=96000/1377681 | stage=stage1 | span=1 | train_loss=3.3640 | lr=0.0002 | cpu_batch_ms=1.0 | provider_batch_ms=306.5 | prefetch_q=99 | elapsed=47242.3s
eval | opt_step=12000 | micro_step=96000 | train_loss=3.3640 | val_loss=3.3297 | val_ppl=27.93
progress | opt_step=12025/172211 | micro_step=96200/1377681 | stage=stage1 | span=1 | train_loss=3.0824 | lr=0.0002 | cpu_batch_ms=1.0 | provider_batch_ms=212.5 | prefetch_q=98 | elapsed=47379.2s
progress | opt_step=12050/172211 | micro_step=96400/1377681 | stage=stage1 | span=1 | train_loss=3.2191 | lr=0.0002 | cpu_batch_ms=1.0 | provider_batch_ms=258.2 | prefetch_q=100 | elapsed=47470.4s
progress | opt_step=12075/172211 | micro_step=96600/1377681 | stage=stage1 | span=1 | train_loss=2.8400 | lr=0.0002 | cpu_batch_ms=1.0 | provider_batch_ms=275.1 | prefetch_q=100 | elapsed=47560.7s
progress | opt_step=12100/172211 | micro_step=96800/1377681 | stage=stage1 | span=1 | train_loss=2.8912 | lr=0.0002 | cpu_batch_ms=1.0 | provider_batch_ms=298.6 | prefetch_q=96 | elapsed=47652.1s
progress | opt_step=12125/172211 | micro_step=97000/1377681 | stage=stage1 | span=1 | train_loss=2.8237 | lr=0.0002 | cpu_batch_ms=1.0 | provider_batch_ms=235.2 | prefetch_q=99 | elapsed=47765.0s
progress | opt_step=12150/172211 | micro_step=97200/1377681 | stage=stage1 | span=1 | train_loss=3.2397 | lr=0.0002 | cpu_batch_ms=1.0 | provider_batch_ms=288.2 | prefetch_q=98 | elapsed=47856.3s
progress | opt_step=12175/172211 | micro_step=97400/1377681 | stage=stage1 | span=1 | train_loss=3.1109 | lr=0.0002 | cpu_batch_ms=1.0 | provider_batch_ms=313.4 | prefetch_q=100 | elapsed=47947.5s
progress | opt_step=12200/172211 | micro_step=97600/1377681 | stage=stage1 | span=1 | train_loss=3.2130 | lr=0.0002 | cpu_batch_ms=1.0 | provider_batch_ms=322.2 | prefetch_q=99 | elapsed=48038.9s
eval | opt_step=12200 | micro_step=97600 | train_loss=3.2130 | val_loss=3.3281 | val_ppl=27.89
progress | opt_step=12225/172211 | micro_step=97800/1377681 | stage=stage1 | span=1 | train_loss=2.9075 | lr=0.0002 | cpu_batch_ms=1.0 | provider_batch_ms=224.3 | prefetch_q=95 | elapsed=48173.0s
progress | opt_step=12250/172211 | micro_step=98000/1377681 | stage=stage1 | span=1 | train_loss=3.0452 | lr=0.0002 | cpu_batch_ms=1.0 | provider_batch_ms=287.1 | prefetch_q=98 | elapsed=48264.3s
progress | opt_step=12275/172211 | micro_step=98200/1377681 | stage=stage1 | span=1 | train_loss=3.2509 | lr=0.0002 | cpu_batch_ms=1.0 | provider_batch_ms=295.7 | prefetch_q=95 | elapsed=48354.6s
progress | opt_step=12300/172211 | micro_step=98400/1377681 | stage=stage1 | span=1 | train_loss=2.9763 | lr=0.0002 | cpu_batch_ms=1.0 | provider_batch_ms=314.5 | prefetch_q=100 | elapsed=48446.1s
progress | opt_step=12325/172211 | micro_step=98600/1377681 | stage=stage1 | span=1 | train_loss=3.0107 | lr=0.0002 | cpu_batch_ms=1.0 | provider_batch_ms=247.4 | prefetch_q=100 | elapsed=48557.0s
progress | opt_step=12350/172211 | micro_step=98800/1377681 | stage=stage1 | span=1 | train_loss=3.3088 | lr=0.0002 | cpu_batch_ms=1.0 | provider_batch_ms=287.9 | prefetch_q=99 | elapsed=48648.1s
progress | opt_step=12375/172211 | micro_step=99000/1377681 | stage=stage1 | span=1 | train_loss=3.3274 | lr=0.0002 | cpu_batch_ms=1.0 | provider_batch_ms=309.7 | prefetch_q=99 | elapsed=48739.5s
progress | opt_step=12400/172211 | micro_step=99200/1377681 | stage=stage1 | span=1 | train_loss=3.2542 | lr=0.0002 | cpu_batch_ms=1.0 | provider_batch_ms=321.0 | prefetch_q=100 | elapsed=48830.3s
eval | opt_step=12400 | micro_step=99200 | train_loss=3.2542 | val_loss=3.3073 | val_ppl=27.31
progress | opt_step=12425/172211 | micro_step=99400/1377681 | stage=stage1 | span=1 | train_loss=3.1669 | lr=0.0002 | cpu_batch_ms=1.0 | provider_batch_ms=248.7 | prefetch_q=100 | elapsed=48966.7s
progress | opt_step=12450/172211 | micro_step=99600/1377681 | stage=stage1 | span=1 | train_loss=3.0201 | lr=0.0002 | cpu_batch_ms=1.0 | provider_batch_ms=288.1 | prefetch_q=98 | elapsed=49057.2s
progress | opt_step=12475/172211 | micro_step=99800/1377681 | stage=stage1 | span=1 | train_loss=3.5147 | lr=0.0002 | cpu_batch_ms=1.0 | provider_batch_ms=310.8 | prefetch_q=100 | elapsed=49148.6s
progress | opt_step=12500/172211 | micro_step=100000/1377681 | stage=stage1 | span=1 | train_loss=3.3014 | lr=0.0002 | cpu_batch_ms=1.0 | provider_batch_ms=316.4 | prefetch_q=100 | elapsed=49239.5s
progress | opt_step=12525/172211 | micro_step=100200/1377681 | stage=stage1 | span=1 | train_loss=3.2674 | lr=0.0002 | cpu_batch_ms=1.1 | provider_batch_ms=261.4 | prefetch_q=98 | elapsed=49353.5s
progress | opt_step=12550/172211 | micro_step=100400/1377681 | stage=stage1 | span=1 | train_loss=3.0222 | lr=0.0002 | cpu_batch_ms=1.1 | provider_batch_ms=312.1 | prefetch_q=96 | elapsed=49444.9s
progress | opt_step=12575/172211 | micro_step=100600/1377681 | stage=stage1 | span=1 | train_loss=2.9879 | lr=0.0002 | cpu_batch_ms=1.1 | provider_batch_ms=327.3 | prefetch_q=100 | elapsed=49535.9s
progress | opt_step=12600/172211 | micro_step=100800/1377681 | stage=stage1 | span=1 | train_loss=2.8801 | lr=0.0002 | cpu_batch_ms=1.1 | provider_batch_ms=336.8 | prefetch_q=99 | elapsed=49626.3s
eval | opt_step=12600 | micro_step=100800 | train_loss=2.8801 | val_loss=3.3202 | val_ppl=27.67
progress | opt_step=12625/172211 | micro_step=101000/1377681 | stage=stage1 | span=1 | train_loss=2.8374 | lr=0.0002 | cpu_batch_ms=1.1 | provider_batch_ms=239.0 | prefetch_q=100 | elapsed=49740.9s
progress | opt_step=12650/172211 | micro_step=101200/1377681 | stage=stage1 | span=1 | train_loss=3.6174 | lr=0.0002 | cpu_batch_ms=1.1 | provider_batch_ms=274.7 | prefetch_q=100 | elapsed=49831.3s
progress | opt_step=12675/172211 | micro_step=101400/1377681 | stage=stage1 | span=1 | train_loss=3.3451 | lr=0.0002 | cpu_batch_ms=1.1 | provider_batch_ms=298.0 | prefetch_q=100 | elapsed=49922.1s
progress | opt_step=12700/172211 | micro_step=101600/1377681 | stage=stage1 | span=1 | train_loss=3.1140 | lr=0.0002 | cpu_batch_ms=1.1 | provider_batch_ms=307.6 | prefetch_q=100 | elapsed=50013.1s
progress | opt_step=12725/172211 | micro_step=101800/1377681 | stage=stage1 | span=1 | train_loss=3.3120 | lr=0.0002 | cpu_batch_ms=1.1 | provider_batch_ms=229.8 | prefetch_q=96 | elapsed=50123.9s
progress | opt_step=12750/172211 | micro_step=102000/1377681 | stage=stage1 | span=1 | train_loss=3.1871 | lr=0.0002 | cpu_batch_ms=1.1 | provider_batch_ms=293.7 | prefetch_q=92 | elapsed=50215.6s
progress | opt_step=12775/172211 | micro_step=102200/1377681 | stage=stage1 | span=1 | train_loss=3.5307 | lr=0.0002 | cpu_batch_ms=1.1 | provider_batch_ms=310.0 | prefetch_q=100 | elapsed=50306.2s
progress | opt_step=12800/172211 | micro_step=102400/1377681 | stage=stage1 | span=1 | train_loss=3.5035 | lr=0.0002 | cpu_batch_ms=1.1 | provider_batch_ms=324.5 | prefetch_q=98 | elapsed=50397.1s
eval | opt_step=12800 | micro_step=102400 | train_loss=3.5035 | val_loss=3.3107 | val_ppl=27.40
progress | opt_step=12825/172211 | micro_step=102600/1377681 | stage=stage1 | span=1 | train_loss=3.4627 | lr=0.0002 | cpu_batch_ms=1.1 | provider_batch_ms=229.0 | prefetch_q=98 | elapsed=50510.8s
progress | opt_step=12850/172211 | micro_step=102800/1377681 | stage=stage1 | span=1 | train_loss=3.2061 | lr=0.0002 | cpu_batch_ms=1.1 | provider_batch_ms=281.8 | prefetch_q=100 | elapsed=50601.9s
progress | opt_step=12875/172211 | micro_step=103000/1377681 | stage=stage1 | span=1 | train_loss=3.0884 | lr=0.0002 | cpu_batch_ms=1.1 | provider_batch_ms=302.0 | prefetch_q=100 | elapsed=50692.4s
progress | opt_step=12900/172211 | micro_step=103200/1377681 | stage=stage1 | span=1 | train_loss=3.1999 | lr=0.0002 | cpu_batch_ms=1.1 | provider_batch_ms=315.9 | prefetch_q=98 | elapsed=50783.4s
progress | opt_step=12925/172211 | micro_step=103400/1377681 | stage=stage1 | span=1 | train_loss=3.4417 | lr=0.0002 | cpu_batch_ms=1.1 | provider_batch_ms=253.8 | prefetch_q=100 | elapsed=50894.8s
progress | opt_step=12950/172211 | micro_step=103600/1377681 | stage=stage1 | span=1 | train_loss=2.9352 | lr=0.0002 | cpu_batch_ms=1.1 | provider_batch_ms=283.3 | prefetch_q=100 | elapsed=50985.3s
progress | opt_step=12975/172211 | micro_step=103800/1377681 | stage=stage1 | span=1 | train_loss=2.9084 | lr=0.0002 | cpu_batch_ms=1.0 | provider_batch_ms=312.8 | prefetch_q=99 | elapsed=51076.1s
progress | opt_step=13000/172211 | micro_step=104000/1377681 | stage=stage1 | span=1 | train_loss=3.1323 | lr=0.0002 | cpu_batch_ms=1.0 | provider_batch_ms=322.5 | prefetch_q=100 | elapsed=51166.7s
eval | opt_step=13000 | micro_step=104000 | train_loss=3.1323 | val_loss=3.2953 | val_ppl=26.99
progress | opt_step=13025/172211 | micro_step=104200/1377681 | stage=stage1 | span=1 | train_loss=2.6110 | lr=0.0002 | cpu_batch_ms=1.1 | provider_batch_ms=221.9 | prefetch_q=99 | elapsed=51303.4s
progress | opt_step=13050/172211 | micro_step=104400/1377681 | stage=stage1 | span=1 | train_loss=3.2023 | lr=0.0002 | cpu_batch_ms=1.1 | provider_batch_ms=271.8 | prefetch_q=96 | elapsed=51394.2s
progress | opt_step=13075/172211 | micro_step=104600/1377681 | stage=stage1 | span=1 | train_loss=3.1484 | lr=0.0002 | cpu_batch_ms=1.1 | provider_batch_ms=298.4 | prefetch_q=94 | elapsed=51484.9s
progress | opt_step=13100/172211 | micro_step=104800/1377681 | stage=stage1 | span=1 | train_loss=3.2993 | lr=0.0002 | cpu_batch_ms=1.1 | provider_batch_ms=314.7 | prefetch_q=96 | elapsed=51575.9s
progress | opt_step=13125/172211 | micro_step=105000/1377681 | stage=stage1 | span=1 | train_loss=2.8271 | lr=0.0002 | cpu_batch_ms=1.1 | provider_batch_ms=231.2 | prefetch_q=100 | elapsed=51688.9s
progress | opt_step=13150/172211 | micro_step=105200/1377681 | stage=stage1 | span=1 | train_loss=2.7967 | lr=0.0002 | cpu_batch_ms=1.1 | provider_batch_ms=283.0 | prefetch_q=98 | elapsed=51779.8s
progress | opt_step=13175/172211 | micro_step=105400/1377681 | stage=stage1 | span=1 | train_loss=3.2169 | lr=0.0002 | cpu_batch_ms=1.1 | provider_batch_ms=306.4 | prefetch_q=100 | elapsed=51871.0s
progress | opt_step=13200/172211 | micro_step=105600/1377681 | stage=stage1 | span=1 | train_loss=3.3330 | lr=0.0002 | cpu_batch_ms=1.1 | provider_batch_ms=314.4 | prefetch_q=100 | elapsed=51961.8s
eval | opt_step=13200 | micro_step=105600 | train_loss=3.3330 | val_loss=3.3149 | val_ppl=27.52
progress | opt_step=13225/172211 | micro_step=105800/1377681 | stage=stage1 | span=1 | train_loss=3.2242 | lr=0.0002 | cpu_batch_ms=1.1 | provider_batch_ms=257.7 | prefetch_q=100 | elapsed=52079.9s
progress | opt_step=13250/172211 | micro_step=106000/1377681 | stage=stage1 | span=1 | train_loss=2.8390 | lr=0.0002 | cpu_batch_ms=1.1 | provider_batch_ms=291.0 | prefetch_q=100 | elapsed=52171.4s
progress | opt_step=13275/172211 | micro_step=106200/1377681 | stage=stage1 | span=1 | train_loss=2.9318 | lr=0.0002 | cpu_batch_ms=1.1 | provider_batch_ms=308.9 | prefetch_q=100 | elapsed=52261.9s
progress | opt_step=13300/172211 | micro_step=106400/1377681 | stage=stage1 | span=1 | train_loss=3.3570 | lr=0.0002 | cpu_batch_ms=1.1 | provider_batch_ms=319.4 | prefetch_q=100 | elapsed=52353.1s
progress | opt_step=13325/172211 | micro_step=106600/1377681 | stage=stage1 | span=1 | train_loss=3.0773 | lr=0.0002 | cpu_batch_ms=1.1 | provider_batch_ms=254.3 | prefetch_q=100 | elapsed=52465.5s
progress | opt_step=13350/172211 | micro_step=106800/1377681 | stage=stage1 | span=1 | train_loss=3.2159 | lr=0.0002 | cpu_batch_ms=1.1 | provider_batch_ms=291.5 | prefetch_q=100 | elapsed=52556.1s
progress | opt_step=13375/172211 | micro_step=107000/1377681 | stage=stage1 | span=1 | train_loss=2.5729 | lr=0.0002 | cpu_batch_ms=1.1 | provider_batch_ms=314.3 | prefetch_q=100 | elapsed=52646.8s
progress | opt_step=13400/172211 | micro_step=107200/1377681 | stage=stage1 | span=1 | train_loss=3.0225 | lr=0.0002 | cpu_batch_ms=1.1 | provider_batch_ms=324.5 | prefetch_q=99 | elapsed=52737.3s
eval | opt_step=13400 | micro_step=107200 | train_loss=3.0225 | val_loss=3.2868 | val_ppl=26.76
progress | opt_step=13425/172211 | micro_step=107400/1377681 | stage=stage1 | span=1 | train_loss=2.6497 | lr=0.0002 | cpu_batch_ms=1.1 | provider_batch_ms=248.9 | prefetch_q=100 | elapsed=52872.9s
progress | opt_step=13450/172211 | micro_step=107600/1377681 | stage=stage1 | span=1 | train_loss=3.4865 | lr=0.0002 | cpu_batch_ms=1.1 | provider_batch_ms=291.8 | prefetch_q=98 | elapsed=52963.3s
progress | opt_step=13475/172211 | micro_step=107800/1377681 | stage=stage1 | span=1 | train_loss=3.0642 | lr=0.0002 | cpu_batch_ms=1.1 | provider_batch_ms=303.5 | prefetch_q=98 | elapsed=53053.9s
progress | opt_step=13500/172211 | micro_step=108000/1377681 | stage=stage1 | span=1 | train_loss=3.1437 | lr=0.0002 | cpu_batch_ms=1.1 | provider_batch_ms=321.3 | prefetch_q=96 | elapsed=53144.8s
progress | opt_step=13525/172211 | micro_step=108200/1377681 | stage=stage1 | span=1 | train_loss=2.9712 | lr=0.0002 | cpu_batch_ms=1.1 | provider_batch_ms=235.0 | prefetch_q=100 | elapsed=53256.5s
progress | opt_step=13550/172211 | micro_step=108400/1377681 | stage=stage1 | span=1 | train_loss=3.3673 | lr=0.0002 | cpu_batch_ms=1.1 | provider_batch_ms=290.1 | prefetch_q=97 | elapsed=53347.2s
progress | opt_step=13575/172211 | micro_step=108600/1377681 | stage=stage1 | span=1 | train_loss=3.2813 | lr=0.0002 | cpu_batch_ms=1.1 | provider_batch_ms=311.9 | prefetch_q=100 | elapsed=53438.1s
progress | opt_step=13600/172211 | micro_step=108800/1377681 | stage=stage1 | span=1 | train_loss=3.1706 | lr=0.0002 | cpu_batch_ms=1.1 | provider_batch_ms=324.5 | prefetch_q=100 | elapsed=53529.1s
eval | opt_step=13600 | micro_step=108800 | train_loss=3.1706 | val_loss=3.2788 | val_ppl=26.54
progress | opt_step=13625/172211 | micro_step=109000/1377681 | stage=stage1 | span=1 | train_loss=3.3944 | lr=0.0002 | cpu_batch_ms=1.1 | provider_batch_ms=228.1 | prefetch_q=100 | elapsed=53669.0s
progress | opt_step=13650/172211 | micro_step=109200/1377681 | stage=stage1 | span=1 | train_loss=2.6428 | lr=0.0002 | cpu_batch_ms=1.1 | provider_batch_ms=267.0 | prefetch_q=97 | elapsed=53758.9s
progress | opt_step=13675/172211 | micro_step=109400/1377681 | stage=stage1 | span=1 | train_loss=2.9622 | lr=0.0002 | cpu_batch_ms=1.1 | provider_batch_ms=288.2 | prefetch_q=100 | elapsed=53849.3s
progress | opt_step=13700/172211 | micro_step=109600/1377681 | stage=stage1 | span=1 | train_loss=3.0176 | lr=0.0002 | cpu_batch_ms=1.1 | provider_batch_ms=306.1 | prefetch_q=100 | elapsed=53941.1s
progress | opt_step=13725/172211 | micro_step=109800/1377681 | stage=stage1 | span=1 | train_loss=3.1889 | lr=0.0002 | cpu_batch_ms=1.1 | provider_batch_ms=218.2 | prefetch_q=100 | elapsed=54053.9s
progress | opt_step=13750/172211 | micro_step=110000/1377681 | stage=stage1 | span=1 | train_loss=2.6224 | lr=0.0002 | cpu_batch_ms=1.1 | provider_batch_ms=280.7 | prefetch_q=100 | elapsed=54145.4s
progress | opt_step=13775/172211 | micro_step=110200/1377681 | stage=stage1 | span=1 | train_loss=2.8576 | lr=0.0002 | cpu_batch_ms=1.1 | provider_batch_ms=303.9 | prefetch_q=99 | elapsed=54236.3s
progress | opt_step=13800/172211 | micro_step=110400/1377681 | stage=stage1 | span=1 | train_loss=2.4849 | lr=0.0002 | cpu_batch_ms=1.1 | provider_batch_ms=307.3 | prefetch_q=99 | elapsed=54327.3s
eval | opt_step=13800 | micro_step=110400 | train_loss=2.4849 | val_loss=3.2725 | val_ppl=26.38
progress | opt_step=13825/172211 | micro_step=110600/1377681 | stage=stage1 | span=1 | train_loss=3.0127 | lr=0.0002 | cpu_batch_ms=1.1 | provider_batch_ms=222.9 | prefetch_q=100 | elapsed=54464.8s
progress | opt_step=13850/172211 | micro_step=110800/1377681 | stage=stage1 | span=1 | train_loss=2.9991 | lr=0.0002 | cpu_batch_ms=1.1 | provider_batch_ms=277.2 | prefetch_q=100 | elapsed=54555.2s
progress | opt_step=13875/172211 | micro_step=111000/1377681 | stage=stage1 | span=1 | train_loss=3.3072 | lr=0.0002 | cpu_batch_ms=1.1 | provider_batch_ms=301.9 | prefetch_q=96 | elapsed=54645.5s
progress | opt_step=13900/172211 | micro_step=111200/1377681 | stage=stage1 | span=1 | train_loss=3.0494 | lr=0.0002 | cpu_batch_ms=1.1 | provider_batch_ms=311.8 | prefetch_q=100 | elapsed=54736.1s
progress | opt_step=13925/172211 | micro_step=111400/1377681 | stage=stage1 | span=1 | train_loss=3.1372 | lr=0.0002 | cpu_batch_ms=1.1 | provider_batch_ms=236.5 | prefetch_q=100 | elapsed=54847.5s
progress | opt_step=13950/172211 | micro_step=111600/1377681 | stage=stage1 | span=1 | train_loss=3.0622 | lr=0.0002 | cpu_batch_ms=1.1 | provider_batch_ms=269.7 | prefetch_q=98 | elapsed=54938.2s
progress | opt_step=13975/172211 | micro_step=111800/1377681 | stage=stage1 | span=1 | train_loss=3.2678 | lr=0.0002 | cpu_batch_ms=1.1 | provider_batch_ms=297.5 | prefetch_q=94 | elapsed=55029.1s
progress | opt_step=14000/172211 | micro_step=112000/1377681 | stage=stage1 | span=1 | train_loss=3.3058 | lr=0.0002 | cpu_batch_ms=1.1 | provider_batch_ms=306.5 | prefetch_q=100 | elapsed=55119.1s
eval | opt_step=14000 | micro_step=112000 | train_loss=3.3058 | val_loss=3.2595 | val_ppl=26.04
progress | opt_step=14025/172211 | micro_step=112200/1377681 | stage=stage1 | span=1 | train_loss=3.0380 | lr=0.0002 | cpu_batch_ms=1.1 | provider_batch_ms=232.7 | prefetch_q=100 | elapsed=55255.6s
progress | opt_step=14050/172211 | micro_step=112400/1377681 | stage=stage1 | span=1 | train_loss=3.3397 | lr=0.0002 | cpu_batch_ms=1.1 | provider_batch_ms=277.2 | prefetch_q=97 | elapsed=55346.5s
progress | opt_step=14075/172211 | micro_step=112600/1377681 | stage=stage1 | span=1 | train_loss=2.9595 | lr=0.0002 | cpu_batch_ms=1.1 | provider_batch_ms=294.9 | prefetch_q=100 | elapsed=55437.5s
progress | opt_step=14100/172211 | micro_step=112800/1377681 | stage=stage1 | span=1 | train_loss=3.1958 | lr=0.0002 | cpu_batch_ms=1.1 | provider_batch_ms=304.1 | prefetch_q=98 | elapsed=55528.1s
progress | opt_step=14125/172211 | micro_step=113000/1377681 | stage=stage1 | span=1 | train_loss=3.3136 | lr=0.0002 | cpu_batch_ms=1.1 | provider_batch_ms=237.1 | prefetch_q=100 | elapsed=55639.8s
progress | opt_step=14150/172211 | micro_step=113200/1377681 | stage=stage1 | span=1 | train_loss=3.0089 | lr=0.0002 | cpu_batch_ms=1.1 | provider_batch_ms=273.6 | prefetch_q=100 | elapsed=55731.4s
progress | opt_step=14175/172211 | micro_step=113400/1377681 | stage=stage1 | span=1 | train_loss=2.5925 | lr=0.0002 | cpu_batch_ms=1.1 | provider_batch_ms=296.6 | prefetch_q=100 | elapsed=55821.6s
progress | opt_step=14200/172211 | micro_step=113600/1377681 | stage=stage1 | span=1 | train_loss=2.8329 | lr=0.0002 | cpu_batch_ms=1.1 | provider_batch_ms=304.8 | prefetch_q=99 | elapsed=55912.6s
eval | opt_step=14200 | micro_step=113600 | train_loss=2.8329 | val_loss=3.2646 | val_ppl=26.17
progress | opt_step=14225/172211 | micro_step=113800/1377681 | stage=stage1 | span=1 | train_loss=2.6652 | lr=0.0002 | cpu_batch_ms=1.1 | provider_batch_ms=214.2 | prefetch_q=100 | elapsed=56026.9s
progress | opt_step=14250/172211 | micro_step=114000/1377681 | stage=stage1 | span=1 | train_loss=3.3988 | lr=0.0002 | cpu_batch_ms=1.1 | provider_batch_ms=265.1 | prefetch_q=100 | elapsed=56117.9s
progress | opt_step=14275/172211 | micro_step=114200/1377681 | stage=stage1 | span=1 | train_loss=3.1233 | lr=0.0002 | cpu_batch_ms=1.0 | provider_batch_ms=297.4 | prefetch_q=95 | elapsed=56208.2s
progress | opt_step=14300/172211 | micro_step=114400/1377681 | stage=stage1 | span=1 | train_loss=2.8950 | lr=0.0002 | cpu_batch_ms=1.0 | provider_batch_ms=308.9 | prefetch_q=100 | elapsed=56298.2s
progress | opt_step=14325/172211 | micro_step=114600/1377681 | stage=stage1 | span=1 | train_loss=3.0004 | lr=0.0002 | cpu_batch_ms=1.0 | provider_batch_ms=246.1 | prefetch_q=100 | elapsed=56410.9s
progress | opt_step=14350/172211 | micro_step=114800/1377681 | stage=stage1 | span=1 | train_loss=3.2052 | lr=0.0002 | cpu_batch_ms=1.0 | provider_batch_ms=294.5 | prefetch_q=100 | elapsed=56501.8s
progress | opt_step=14375/172211 | micro_step=115000/1377681 | stage=stage1 | span=1 | train_loss=3.3001 | lr=0.0002 | cpu_batch_ms=1.0 | provider_batch_ms=312.2 | prefetch_q=100 | elapsed=56592.9s
progress | opt_step=14400/172211 | micro_step=115200/1377681 | stage=stage1 | span=1 | train_loss=3.1363 | lr=0.0002 | cpu_batch_ms=1.0 | provider_batch_ms=325.1 | prefetch_q=98 | elapsed=56683.7s
eval | opt_step=14400 | micro_step=115200 | train_loss=3.1363 | val_loss=3.2780 | val_ppl=26.52
progress | opt_step=14425/172211 | micro_step=115400/1377681 | stage=stage1 | span=1 | train_loss=2.6773 | lr=0.0002 | cpu_batch_ms=1.0 | provider_batch_ms=240.5 | prefetch_q=100 | elapsed=56799.4s
progress | opt_step=14450/172211 | micro_step=115600/1377681 | stage=stage1 | span=1 | train_loss=3.1448 | lr=0.0002 | cpu_batch_ms=1.0 | provider_batch_ms=287.5 | prefetch_q=98 | elapsed=56890.3s
progress | opt_step=14475/172211 | micro_step=115800/1377681 | stage=stage1 | span=1 | train_loss=3.2041 | lr=0.0002 | cpu_batch_ms=1.0 | provider_batch_ms=303.1 | prefetch_q=100 | elapsed=56981.4s
progress | opt_step=14500/172211 | micro_step=116000/1377681 | stage=stage1 | span=1 | train_loss=2.6320 | lr=0.0002 | cpu_batch_ms=1.0 | provider_batch_ms=316.8 | prefetch_q=100 | elapsed=57072.1s
progress | opt_step=14525/172211 | micro_step=116200/1377681 | stage=stage1 | span=1 | train_loss=3.2718 | lr=0.0002 | cpu_batch_ms=1.0 | provider_batch_ms=245.5 | prefetch_q=100 | elapsed=57184.4s
progress | opt_step=14550/172211 | micro_step=116400/1377681 | stage=stage1 | span=1 | train_loss=2.8072 | lr=0.0002 | cpu_batch_ms=1.0 | provider_batch_ms=279.8 | prefetch_q=100 | elapsed=57274.7s
progress | opt_step=14575/172211 | micro_step=116600/1377681 | stage=stage1 | span=1 | train_loss=3.5012 | lr=0.0002 | cpu_batch_ms=1.0 | provider_batch_ms=305.2 | prefetch_q=100 | elapsed=57366.0s
progress | opt_step=14600/172211 | micro_step=116800/1377681 | stage=stage1 | span=1 | train_loss=2.9750 | lr=0.0002 | cpu_batch_ms=1.0 | provider_batch_ms=309.0 | prefetch_q=100 | elapsed=57455.8s
eval | opt_step=14600 | micro_step=116800 | train_loss=2.9750 | val_loss=3.2612 | val_ppl=26.08
progress | opt_step=14625/172211 | micro_step=117000/1377681 | stage=stage1 | span=1 | train_loss=3.0069 | lr=0.0002 | cpu_batch_ms=1.1 | provider_batch_ms=220.9 | prefetch_q=99 | elapsed=57572.9s
progress | opt_step=14650/172211 | micro_step=117200/1377681 | stage=stage1 | span=1 | train_loss=3.0843 | lr=0.0002 | cpu_batch_ms=1.1 | provider_batch_ms=268.6 | prefetch_q=100 | elapsed=57663.6s
progress | opt_step=14675/172211 | micro_step=117400/1377681 | stage=stage1 | span=1 | train_loss=3.2011 | lr=0.0002 | cpu_batch_ms=1.1 | provider_batch_ms=287.4 | prefetch_q=100 | elapsed=57754.4s
progress | opt_step=14700/172211 | micro_step=117600/1377681 | stage=stage1 | span=1 | train_loss=2.8841 | lr=0.0002 | cpu_batch_ms=1.1 | provider_batch_ms=306.0 | prefetch_q=99 | elapsed=57845.9s
progress | opt_step=14725/172211 | micro_step=117800/1377681 | stage=stage1 | span=1 | train_loss=3.0921 | lr=0.0002 | cpu_batch_ms=1.0 | provider_batch_ms=255.6 | prefetch_q=98 | elapsed=57958.1s
progress | opt_step=14750/172211 | micro_step=118000/1377681 | stage=stage1 | span=1 | train_loss=2.6198 | lr=0.0002 | cpu_batch_ms=1.0 | provider_batch_ms=290.2 | prefetch_q=100 | elapsed=58048.8s
progress | opt_step=14775/172211 | micro_step=118200/1377681 | stage=stage1 | span=1 | train_loss=3.0867 | lr=0.0002 | cpu_batch_ms=1.0 | provider_batch_ms=308.8 | prefetch_q=95 | elapsed=58139.6s
progress | opt_step=14800/172211 | micro_step=118400/1377681 | stage=stage1 | span=1 | train_loss=3.0715 | lr=0.0002 | cpu_batch_ms=1.0 | provider_batch_ms=306.6 | prefetch_q=100 | elapsed=58229.6s
eval | opt_step=14800 | micro_step=118400 | train_loss=3.0715 | val_loss=3.2517 | val_ppl=25.83
progress | opt_step=14825/172211 | micro_step=118600/1377681 | stage=stage1 | span=1 | train_loss=2.7738 | lr=0.0002 | cpu_batch_ms=1.0 | provider_batch_ms=244.6 | prefetch_q=94 | elapsed=58364.8s
progress | opt_step=14850/172211 | micro_step=118800/1377681 | stage=stage1 | span=1 | train_loss=2.8736 | lr=0.0002 | cpu_batch_ms=1.0 | provider_batch_ms=283.6 | prefetch_q=99 | elapsed=58455.8s
progress | opt_step=14875/172211 | micro_step=119000/1377681 | stage=stage1 | span=1 | train_loss=3.2341 | lr=0.0002 | cpu_batch_ms=1.0 | provider_batch_ms=304.2 | prefetch_q=99 | elapsed=58545.9s
progress | opt_step=14900/172211 | micro_step=119200/1377681 | stage=stage1 | span=1 | train_loss=2.8440 | lr=0.0002 | cpu_batch_ms=1.0 | provider_batch_ms=316.1 | prefetch_q=99 | elapsed=58636.8s
progress | opt_step=14925/172211 | micro_step=119400/1377681 | stage=stage1 | span=1 | train_loss=2.8702 | lr=0.0002 | cpu_batch_ms=1.0 | provider_batch_ms=238.8 | prefetch_q=98 | elapsed=58746.8s
progress | opt_step=14950/172211 | micro_step=119600/1377681 | stage=stage1 | span=1 | train_loss=3.3209 | lr=0.0002 | cpu_batch_ms=1.0 | provider_batch_ms=291.3 | prefetch_q=99 | elapsed=58838.2s
progress | opt_step=14975/172211 | micro_step=119800/1377681 | stage=stage1 | span=1 | train_loss=3.0981 | lr=0.0002 | cpu_batch_ms=1.0 | provider_batch_ms=316.7 | prefetch_q=98 | elapsed=58928.8s
progress | opt_step=15000/172211 | micro_step=120000/1377681 | stage=stage1 | span=1 | train_loss=2.8596 | lr=0.0002 | cpu_batch_ms=1.0 | provider_batch_ms=321.3 | prefetch_q=100 | elapsed=59018.7s
eval | opt_step=15000 | micro_step=120000 | train_loss=2.8596 | val_loss=3.2448 | val_ppl=25.66
progress | opt_step=15025/172211 | micro_step=120200/1377681 | stage=stage1 | span=1 | train_loss=3.1700 | lr=0.0002 | cpu_batch_ms=1.0 | provider_batch_ms=237.8 | prefetch_q=96 | elapsed=59150.0s
progress | opt_step=15050/172211 | micro_step=120400/1377681 | stage=stage1 | span=1 | train_loss=2.9912 | lr=0.0002 | cpu_batch_ms=1.0 | provider_batch_ms=292.2 | prefetch_q=98 | elapsed=59240.5s
progress | opt_step=15075/172211 | micro_step=120600/1377681 | stage=stage1 | span=1 | train_loss=3.1231 | lr=0.0002 | cpu_batch_ms=1.0 | provider_batch_ms=312.6 | prefetch_q=100 | elapsed=59331.2s
progress | opt_step=15100/172211 | micro_step=120800/1377681 | stage=stage1 | span=1 | train_loss=3.1517 | lr=0.0002 | cpu_batch_ms=1.0 | provider_batch_ms=322.1 | prefetch_q=100 | elapsed=59422.0s
progress | opt_step=15125/172211 | micro_step=121000/1377681 | stage=stage1 | span=1 | train_loss=3.1774 | lr=0.0002 | cpu_batch_ms=1.0 | provider_batch_ms=240.1 | prefetch_q=99 | elapsed=59531.9s
progress | opt_step=15150/172211 | micro_step=121200/1377681 | stage=stage1 | span=1 | train_loss=3.4094 | lr=0.0002 | cpu_batch_ms=1.0 | provider_batch_ms=283.4 | prefetch_q=100 | elapsed=59622.3s
progress | opt_step=15175/172211 | micro_step=121400/1377681 | stage=stage1 | span=1 | train_loss=2.9475 | lr=0.0002 | cpu_batch_ms=1.0 | provider_batch_ms=302.7 | prefetch_q=88 | elapsed=59712.8s
progress | opt_step=15200/172211 | micro_step=121600/1377681 | stage=stage1 | span=1 | train_loss=3.1716 | lr=0.0002 | cpu_batch_ms=1.0 | provider_batch_ms=315.9 | prefetch_q=98 | elapsed=59803.8s
eval | opt_step=15200 | micro_step=121600 | train_loss=3.1716 | val_loss=3.2397 | val_ppl=25.53
progress | opt_step=15225/172211 | micro_step=121800/1377681 | stage=stage1 | span=1 | train_loss=3.0532 | lr=0.0002 | cpu_batch_ms=1.0 | provider_batch_ms=232.7 | prefetch_q=100 | elapsed=59938.7s
progress | opt_step=15250/172211 | micro_step=122000/1377681 | stage=stage1 | span=1 | train_loss=2.6798 | lr=0.0002 | cpu_batch_ms=1.0 | provider_batch_ms=280.0 | prefetch_q=100 | elapsed=60029.6s
progress | opt_step=15275/172211 | micro_step=122200/1377681 | stage=stage1 | span=1 | train_loss=3.2464 | lr=0.0002 | cpu_batch_ms=1.0 | provider_batch_ms=295.4 | prefetch_q=100 | elapsed=60119.7s
progress | opt_step=15300/172211 | micro_step=122400/1377681 | stage=stage1 | span=1 | train_loss=2.8874 | lr=0.0002 | cpu_batch_ms=1.0 | provider_batch_ms=310.2 | prefetch_q=100 | elapsed=60210.6s
progress | opt_step=15325/172211 | micro_step=122600/1377681 | stage=stage1 | span=1 | train_loss=3.2821 | lr=0.0002 | cpu_batch_ms=1.0 | provider_batch_ms=243.3 | prefetch_q=93 | elapsed=60321.0s
progress | opt_step=15350/172211 | micro_step=122800/1377681 | stage=stage1 | span=1 | train_loss=3.0384 | lr=0.0002 | cpu_batch_ms=1.0 | provider_batch_ms=294.0 | prefetch_q=99 | elapsed=60411.6s
progress | opt_step=15375/172211 | micro_step=123000/1377681 | stage=stage1 | span=1 | train_loss=2.8923 | lr=0.0002 | cpu_batch_ms=1.0 | provider_batch_ms=318.2 | prefetch_q=98 | elapsed=60502.2s
progress | opt_step=15400/172211 | micro_step=123200/1377681 | stage=stage1 | span=1 | train_loss=3.1787 | lr=0.0002 | cpu_batch_ms=1.0 | provider_batch_ms=327.8 | prefetch_q=100 | elapsed=60592.9s
eval | opt_step=15400 | micro_step=123200 | train_loss=3.1787 | val_loss=3.2398 | val_ppl=25.53
progress | opt_step=15425/172211 | micro_step=123400/1377681 | stage=stage1 | span=1 | train_loss=3.1909 | lr=0.0002 | cpu_batch_ms=1.0 | provider_batch_ms=234.7 | prefetch_q=96 | elapsed=60703.7s
progress | opt_step=15450/172211 | micro_step=123600/1377681 | stage=stage1 | span=1 | train_loss=3.3622 | lr=0.0002 | cpu_batch_ms=1.0 | provider_batch_ms=291.7 | prefetch_q=100 | elapsed=60794.7s
progress | opt_step=15475/172211 | micro_step=123800/1377681 | stage=stage1 | span=1 | train_loss=3.0064 | lr=0.0002 | cpu_batch_ms=1.0 | provider_batch_ms=312.9 | prefetch_q=100 | elapsed=60885.5s
progress | opt_step=15500/172211 | micro_step=124000/1377681 | stage=stage1 | span=1 | train_loss=2.7917 | lr=0.0002 | cpu_batch_ms=1.0 | provider_batch_ms=328.4 | prefetch_q=100 | elapsed=60976.5s
progress | opt_step=15525/172211 | micro_step=124200/1377681 | stage=stage1 | span=1 | train_loss=3.1579 | lr=0.0002 | cpu_batch_ms=1.0 | provider_batch_ms=232.6 | prefetch_q=97 | elapsed=61086.5s
progress | opt_step=15550/172211 | micro_step=124400/1377681 | stage=stage1 | span=1 | train_loss=3.3482 | lr=0.0002 | cpu_batch_ms=1.0 | provider_batch_ms=287.0 | prefetch_q=96 | elapsed=61177.8s
progress | opt_step=15575/172211 | micro_step=124600/1377681 | stage=stage1 | span=1 | train_loss=2.7109 | lr=0.0002 | cpu_batch_ms=1.0 | provider_batch_ms=312.7 | prefetch_q=93 | elapsed=61268.5s
progress | opt_step=15600/172211 | micro_step=124800/1377681 | stage=stage1 | span=1 | train_loss=2.8006 | lr=0.0002 | cpu_batch_ms=1.0 | provider_batch_ms=313.6 | prefetch_q=100 | elapsed=61358.8s
eval | opt_step=15600 | micro_step=124800 | train_loss=2.8006 | val_loss=3.2457 | val_ppl=25.68
progress | opt_step=15625/172211 | micro_step=125000/1377681 | stage=stage1 | span=1 | train_loss=3.0522 | lr=0.0002 | cpu_batch_ms=1.0 | provider_batch_ms=242.3 | prefetch_q=100 | elapsed=61469.9s
progress | opt_step=15650/172211 | micro_step=125200/1377681 | stage=stage1 | span=1 | train_loss=3.0102 | lr=0.0002 | cpu_batch_ms=1.0 | provider_batch_ms=293.5 | prefetch_q=91 | elapsed=61559.9s
progress | opt_step=15675/172211 | micro_step=125400/1377681 | stage=stage1 | span=1 | train_loss=2.9331 | lr=0.0002 | cpu_batch_ms=1.0 | provider_batch_ms=305.9 | prefetch_q=99 | elapsed=61650.6s
progress | opt_step=15700/172211 | micro_step=125600/1377681 | stage=stage1 | span=1 | train_loss=2.6579 | lr=0.0002 | cpu_batch_ms=1.0 | provider_batch_ms=312.4 | prefetch_q=100 | elapsed=61741.1s
progress | opt_step=15725/172211 | micro_step=125800/1377681 | stage=stage1 | span=1 | train_loss=3.2521 | lr=0.0002 | cpu_batch_ms=1.0 | provider_batch_ms=219.8 | prefetch_q=100 | elapsed=61851.0s
progress | opt_step=15750/172211 | micro_step=126000/1377681 | stage=stage1 | span=1 | train_loss=2.8948 | lr=0.0002 | cpu_batch_ms=1.0 | provider_batch_ms=268.0 | prefetch_q=99 | elapsed=61941.6s
progress | opt_step=15775/172211 | micro_step=126200/1377681 | stage=stage1 | span=1 | train_loss=3.1713 | lr=0.0002 | cpu_batch_ms=1.0 | provider_batch_ms=289.8 | prefetch_q=96 | elapsed=62032.1s
progress | opt_step=15800/172211 | micro_step=126400/1377681 | stage=stage1 | span=1 | train_loss=2.8367 | lr=0.0002 | cpu_batch_ms=1.0 | provider_batch_ms=304.3 | prefetch_q=99 | elapsed=62123.0s
eval | opt_step=15800 | micro_step=126400 | train_loss=2.8367 | val_loss=3.2233 | val_ppl=25.11
progress | opt_step=15825/172211 | micro_step=126600/1377681 | stage=stage1 | span=1 | train_loss=3.3199 | lr=0.0002 | cpu_batch_ms=1.0 | provider_batch_ms=252.0 | prefetch_q=95 | elapsed=62259.9s
progress | opt_step=15850/172211 | micro_step=126800/1377681 | stage=stage1 | span=1 | train_loss=3.1144 | lr=0.0002 | cpu_batch_ms=1.0 | provider_batch_ms=290.5 | prefetch_q=100 | elapsed=62350.4s
progress | opt_step=15875/172211 | micro_step=127000/1377681 | stage=stage1 | span=1 | train_loss=3.1327 | lr=0.0002 | cpu_batch_ms=1.0 | provider_batch_ms=307.5 | prefetch_q=100 | elapsed=62441.3s
progress | opt_step=15900/172211 | micro_step=127200/1377681 | stage=stage1 | span=1 | train_loss=2.9090 | lr=0.0002 | cpu_batch_ms=1.0 | provider_batch_ms=317.5 | prefetch_q=93 | elapsed=62531.9s
progress | opt_step=15925/172211 | micro_step=127400/1377681 | stage=stage1 | span=1 | train_loss=3.0000 | lr=0.0002 | cpu_batch_ms=1.0 | provider_batch_ms=248.7 | prefetch_q=98 | elapsed=62643.6s
progress | opt_step=15950/172211 | micro_step=127600/1377681 | stage=stage1 | span=1 | train_loss=2.6938 | lr=0.0002 | cpu_batch_ms=1.0 | provider_batch_ms=287.0 | prefetch_q=100 | elapsed=62734.4s
progress | opt_step=15975/172211 | micro_step=127800/1377681 | stage=stage1 | span=1 | train_loss=3.4169 | lr=0.0002 | cpu_batch_ms=1.0 | provider_batch_ms=300.8 | prefetch_q=100 | elapsed=62825.0s
progress | opt_step=16000/172211 | micro_step=128000/1377681 | stage=stage1 | span=1 | train_loss=3.3580 | lr=0.0002 | cpu_batch_ms=1.0 | provider_batch_ms=310.9 | prefetch_q=100 | elapsed=62915.7s
eval | opt_step=16000 | micro_step=128000 | train_loss=3.3580 | val_loss=3.2337 | val_ppl=25.37
progress | opt_step=16025/172211 | micro_step=128200/1377681 | stage=stage1 | span=1 | train_loss=3.0554 | lr=0.0002 | cpu_batch_ms=1.0 | provider_batch_ms=239.9 | prefetch_q=97 | elapsed=63029.7s
progress | opt_step=16050/172211 | micro_step=128400/1377681 | stage=stage1 | span=1 | train_loss=2.6210 | lr=0.0002 | cpu_batch_ms=1.0 | provider_batch_ms=286.0 | prefetch_q=100 | elapsed=63121.0s
progress | opt_step=16075/172211 | micro_step=128600/1377681 | stage=stage1 | span=1 | train_loss=2.8144 | lr=0.0002 | cpu_batch_ms=1.0 | provider_batch_ms=307.8 | prefetch_q=96 | elapsed=63211.7s
progress | opt_step=16100/172211 | micro_step=128800/1377681 | stage=stage1 | span=1 | train_loss=3.2561 | lr=0.0002 | cpu_batch_ms=1.0 | provider_batch_ms=319.8 | prefetch_q=100 | elapsed=63302.1s
progress | opt_step=16125/172211 | micro_step=129000/1377681 | stage=stage1 | span=1 | train_loss=2.8509 | lr=0.0002 | cpu_batch_ms=1.0 | provider_batch_ms=223.2 | prefetch_q=100 | elapsed=63412.4s
progress | opt_step=16150/172211 | micro_step=129200/1377681 | stage=stage1 | span=1 | train_loss=2.8751 | lr=0.0002 | cpu_batch_ms=1.0 | provider_batch_ms=276.2 | prefetch_q=100 | elapsed=63503.5s
progress | opt_step=16175/172211 | micro_step=129400/1377681 | stage=stage1 | span=1 | train_loss=3.2069 | lr=0.0002 | cpu_batch_ms=1.0 | provider_batch_ms=292.9 | prefetch_q=100 | elapsed=63594.4s
progress | opt_step=16200/172211 | micro_step=129600/1377681 | stage=stage1 | span=1 | train_loss=2.5161 | lr=0.0002 | cpu_batch_ms=1.0 | provider_batch_ms=310.7 | prefetch_q=100 | elapsed=63685.4s
eval | opt_step=16200 | micro_step=129600 | train_loss=2.5161 | val_loss=3.2122 | val_ppl=24.83
progress | opt_step=16225/172211 | micro_step=129800/1377681 | stage=stage1 | span=1 | train_loss=2.4590 | lr=0.0002 | cpu_batch_ms=1.0 | provider_batch_ms=234.1 | prefetch_q=100 | elapsed=63817.3s
progress | opt_step=16250/172211 | micro_step=130000/1377681 | stage=stage1 | span=1 | train_loss=2.9881 | lr=0.0002 | cpu_batch_ms=1.0 | provider_batch_ms=273.2 | prefetch_q=100 | elapsed=63908.2s
progress | opt_step=16275/172211 | micro_step=130200/1377681 | stage=stage1 | span=1 | train_loss=2.2683 | lr=0.0002 | cpu_batch_ms=1.0 | provider_batch_ms=299.7 | prefetch_q=96 | elapsed=63999.0s
progress | opt_step=16300/172211 | micro_step=130400/1377681 | stage=stage1 | span=1 | train_loss=3.1773 | lr=0.0002 | cpu_batch_ms=1.0 | provider_batch_ms=308.5 | prefetch_q=100 | elapsed=64089.9s
progress | opt_step=16325/172211 | micro_step=130600/1377681 | stage=stage1 | span=1 | train_loss=2.7754 | lr=0.0002 | cpu_batch_ms=1.0 | provider_batch_ms=231.8 | prefetch_q=100 | elapsed=64199.0s
progress | opt_step=16350/172211 | micro_step=130800/1377681 | stage=stage1 | span=1 | train_loss=2.8336 | lr=0.0002 | cpu_batch_ms=1.0 | provider_batch_ms=295.2 | prefetch_q=97 | elapsed=64290.2s
progress | opt_step=16375/172211 | micro_step=131000/1377681 | stage=stage1 | span=1 | train_loss=3.1073 | lr=0.0002 | cpu_batch_ms=1.0 | provider_batch_ms=315.7 | prefetch_q=100 | elapsed=64381.0s
progress | opt_step=16400/172211 | micro_step=131200/1377681 | stage=stage1 | span=1 | train_loss=2.9777 | lr=0.0002 | cpu_batch_ms=1.0 | provider_batch_ms=326.3 | prefetch_q=97 | elapsed=64471.8s
eval | opt_step=16400 | micro_step=131200 | train_loss=2.9777 | val_loss=3.2101 | val_ppl=24.78
progress | opt_step=16425/172211 | micro_step=131400/1377681 | stage=stage1 | span=1 | train_loss=3.3028 | lr=0.0002 | cpu_batch_ms=1.0 | provider_batch_ms=217.5 | prefetch_q=98 | elapsed=64603.6s
progress | opt_step=16450/172211 | micro_step=131600/1377681 | stage=stage1 | span=1 | train_loss=3.4351 | lr=0.0002 | cpu_batch_ms=1.0 | provider_batch_ms=287.6 | prefetch_q=100 | elapsed=64695.0s
progress | opt_step=16475/172211 | micro_step=131800/1377681 | stage=stage1 | span=1 | train_loss=2.7164 | lr=0.0002 | cpu_batch_ms=1.0 | provider_batch_ms=305.0 | prefetch_q=100 | elapsed=64786.0s
progress | opt_step=16500/172211 | micro_step=132000/1377681 | stage=stage1 | span=1 | train_loss=2.8897 | lr=0.0002 | cpu_batch_ms=1.0 | provider_batch_ms=318.9 | prefetch_q=100 | elapsed=64876.7s
progress | opt_step=16525/172211 | micro_step=132200/1377681 | stage=stage1 | span=1 | train_loss=3.2058 | lr=0.0002 | cpu_batch_ms=1.0 | provider_batch_ms=236.4 | prefetch_q=100 | elapsed=64987.1s
progress | opt_step=16550/172211 | micro_step=132400/1377681 | stage=stage1 | span=1 | train_loss=2.7548 | lr=0.0002 | cpu_batch_ms=1.0 | provider_batch_ms=276.8 | prefetch_q=100 | elapsed=65078.0s
progress | opt_step=16575/172211 | micro_step=132600/1377681 | stage=stage1 | span=1 | train_loss=2.9694 | lr=0.0002 | cpu_batch_ms=1.0 | provider_batch_ms=299.9 | prefetch_q=100 | elapsed=65169.0s
progress | opt_step=16600/172211 | micro_step=132800/1377681 | stage=stage1 | span=1 | train_loss=3.0297 | lr=0.0002 | cpu_batch_ms=1.0 | provider_batch_ms=317.3 | prefetch_q=100 | elapsed=65260.1s
eval | opt_step=16600 | micro_step=132800 | train_loss=3.0297 | val_loss=3.2128 | val_ppl=24.85
progress | opt_step=16625/172211 | micro_step=133000/1377681 | stage=stage1 | span=1 | train_loss=2.7124 | lr=0.0002 | cpu_batch_ms=1.0 | provider_batch_ms=226.3 | prefetch_q=98 | elapsed=65375.8s
progress | opt_step=16650/172211 | micro_step=133200/1377681 | stage=stage1 | span=1 | train_loss=2.5977 | lr=0.0002 | cpu_batch_ms=1.0 | provider_batch_ms=295.0 | prefetch_q=94 | elapsed=65466.7s
progress | opt_step=16675/172211 | micro_step=133400/1377681 | stage=stage1 | span=1 | train_loss=2.9862 | lr=0.0002 | cpu_batch_ms=1.0 | provider_batch_ms=311.6 | prefetch_q=95 | elapsed=65556.9s
progress | opt_step=16700/172211 | micro_step=133600/1377681 | stage=stage1 | span=1 | train_loss=3.4812 | lr=0.0002 | cpu_batch_ms=1.0 | provider_batch_ms=320.0 | prefetch_q=100 | elapsed=65647.6s
progress | opt_step=16725/172211 | micro_step=133800/1377681 | stage=stage1 | span=1 | train_loss=3.0971 | lr=0.0002 | cpu_batch_ms=1.0 | provider_batch_ms=233.8 | prefetch_q=92 | elapsed=65758.3s
progress | opt_step=16750/172211 | micro_step=134000/1377681 | stage=stage1 | span=1 | train_loss=2.8402 | lr=0.0002 | cpu_batch_ms=1.0 | provider_batch_ms=285.0 | prefetch_q=100 | elapsed=65849.0s
progress | opt_step=16775/172211 | micro_step=134200/1377681 | stage=stage1 | span=1 | train_loss=2.9600 | lr=0.0002 | cpu_batch_ms=1.0 | provider_batch_ms=307.4 | prefetch_q=100 | elapsed=65939.9s
progress | opt_step=16800/172211 | micro_step=134400/1377681 | stage=stage1 | span=1 | train_loss=3.2370 | lr=0.0002 | cpu_batch_ms=1.0 | provider_batch_ms=314.2 | prefetch_q=99 | elapsed=66030.3s
eval | opt_step=16800 | micro_step=134400 | train_loss=3.2370 | val_loss=3.2138 | val_ppl=24.87
progress | opt_step=16825/172211 | micro_step=134600/1377681 | stage=stage1 | span=1 | train_loss=2.9725 | lr=0.0002 | cpu_batch_ms=1.0 | provider_batch_ms=252.8 | prefetch_q=100 | elapsed=66145.0s
progress | opt_step=16850/172211 | micro_step=134800/1377681 | stage=stage1 | span=1 | train_loss=2.9590 | lr=0.0002 | cpu_batch_ms=1.0 | provider_batch_ms=290.0 | prefetch_q=99 | elapsed=66236.2s
progress | opt_step=16875/172211 | micro_step=135000/1377681 | stage=stage1 | span=1 | train_loss=2.7918 | lr=0.0002 | cpu_batch_ms=1.0 | provider_batch_ms=292.6 | prefetch_q=99 | elapsed=66326.7s
progress | opt_step=16900/172211 | micro_step=135200/1377681 | stage=stage1 | span=1 | train_loss=2.9868 | lr=0.0002 | cpu_batch_ms=1.0 | provider_batch_ms=312.8 | prefetch_q=99 | elapsed=66417.9s
progress | opt_step=16925/172211 | micro_step=135400/1377681 | stage=stage1 | span=1 | train_loss=3.2584 | lr=0.0002 | cpu_batch_ms=1.0 | provider_batch_ms=235.8 | prefetch_q=98 | elapsed=66530.9s
progress | opt_step=16950/172211 | micro_step=135600/1377681 | stage=stage1 | span=1 | train_loss=2.6657 | lr=0.0002 | cpu_batch_ms=1.0 | provider_batch_ms=272.6 | prefetch_q=97 | elapsed=66621.5s
progress | opt_step=16975/172211 | micro_step=135800/1377681 | stage=stage1 | span=1 | train_loss=2.3971 | lr=0.0002 | cpu_batch_ms=1.0 | provider_batch_ms=296.8 | prefetch_q=94 | elapsed=66712.5s
progress | opt_step=17000/172211 | micro_step=136000/1377681 | stage=stage1 | span=1 | train_loss=2.7037 | lr=0.0002 | cpu_batch_ms=1.0 | provider_batch_ms=317.0 | prefetch_q=100 | elapsed=66803.5s
eval | opt_step=17000 | micro_step=136000 | train_loss=2.7037 | val_loss=3.2055 | val_ppl=24.67
progress | opt_step=17025/172211 | micro_step=136200/1377681 | stage=stage1 | span=1 | train_loss=3.3858 | lr=0.0002 | cpu_batch_ms=1.0 | provider_batch_ms=239.2 | prefetch_q=100 | elapsed=66938.1s
progress | opt_step=17050/172211 | micro_step=136400/1377681 | stage=stage1 | span=1 | train_loss=3.3241 | lr=0.0002 | cpu_batch_ms=1.0 | provider_batch_ms=290.1 | prefetch_q=98 | elapsed=67029.4s
progress | opt_step=17075/172211 | micro_step=136600/1377681 | stage=stage1 | span=1 | train_loss=2.9801 | lr=0.0002 | cpu_batch_ms=1.0 | provider_batch_ms=303.8 | prefetch_q=100 | elapsed=67120.2s
progress | opt_step=17100/172211 | micro_step=136800/1377681 | stage=stage1 | span=1 | train_loss=2.8464 | lr=0.0002 | cpu_batch_ms=1.0 | provider_batch_ms=315.1 | prefetch_q=92 | elapsed=67210.5s
progress | opt_step=17125/172211 | micro_step=137000/1377681 | stage=stage1 | span=1 | train_loss=3.1686 | lr=0.0002 | cpu_batch_ms=1.0 | provider_batch_ms=247.0 | prefetch_q=100 | elapsed=67321.7s
progress | opt_step=17150/172211 | micro_step=137200/1377681 | stage=stage1 | span=1 | train_loss=2.8612 | lr=0.0002 | cpu_batch_ms=1.0 | provider_batch_ms=290.3 | prefetch_q=98 | elapsed=67412.6s
progress | opt_step=17175/172211 | micro_step=137400/1377681 | stage=stage1 | span=1 | train_loss=3.2641 | lr=0.0002 | cpu_batch_ms=1.0 | provider_batch_ms=308.7 | prefetch_q=100 | elapsed=67503.4s
progress | opt_step=17200/172211 | micro_step=137600/1377681 | stage=stage1 | span=1 | train_loss=2.3704 | lr=0.0002 | cpu_batch_ms=1.0 | provider_batch_ms=321.6 | prefetch_q=100 | elapsed=67593.7s
eval | opt_step=17200 | micro_step=137600 | train_loss=2.3704 | val_loss=3.1998 | val_ppl=24.53
curriculum | step=137769 | stage=stage2 | span=1 | batch_size=8 | grad_accum_steps=8 | freeze_memory=False | freeze_backbone=True | freeze_skip=True | bucket_weights={mixed_dialogue:1.000, arxiv:1.000, pubmed:1.000, dialogue:0.600, wiki:0.600, code:0.600, math:0.600, docs:0.600, math_qa:0.350, reasoning:0.350}
progress | opt_step=17225/172211 | micro_step=137800/1377681 | stage=stage2 | span=1 | train_loss=2.9634 | lr=0.0002 | cpu_batch_ms=1.0 | provider_batch_ms=79.6 | prefetch_q=99 | elapsed=67728.7s
progress | opt_step=17250/172211 | micro_step=138000/1377681 | stage=stage2 | span=1 | train_loss=2.3074 | lr=0.0002 | cpu_batch_ms=1.0 | provider_batch_ms=260.8 | prefetch_q=100 | elapsed=67820.9s
progress | opt_step=17275/172211 | micro_step=138200/1377681 | stage=stage2 | span=1 | train_loss=2.8113 | lr=0.0002 | cpu_batch_ms=1.0 | provider_batch_ms=283.1 | prefetch_q=100 | elapsed=67912.1s
progress | opt_step=17300/172211 | micro_step=138400/1377681 | stage=stage2 | span=1 | train_loss=3.0688 | lr=0.0002 | cpu_batch_ms=1.0 | provider_batch_ms=304.2 | prefetch_q=98 | elapsed=68004.4s
progress | opt_step=17325/172211 | micro_step=138600/1377681 | stage=stage2 | span=1 | train_loss=2.7646 | lr=0.0002 | cpu_batch_ms=1.0 | provider_batch_ms=254.9 | prefetch_q=98 | elapsed=68118.6s
progress | opt_step=17350/172211 | micro_step=138800/1377681 | stage=stage2 | span=1 | train_loss=3.3974 | lr=0.0002 | cpu_batch_ms=1.0 | provider_batch_ms=309.1 | prefetch_q=96 | elapsed=68210.8s
progress | opt_step=17375/172211 | micro_step=139000/1377681 | stage=stage2 | span=1 | train_loss=3.3209 | lr=0.0002 | cpu_batch_ms=1.0 | provider_batch_ms=322.2 | prefetch_q=99 | elapsed=68302.7s
progress | opt_step=17400/172211 | micro_step=139200/1377681 | stage=stage2 | span=1 | train_loss=3.2832 | lr=0.0002 | cpu_batch_ms=1.0 | provider_batch_ms=332.7 | prefetch_q=100 | elapsed=68395.3s
eval | opt_step=17400 | micro_step=139200 | train_loss=3.2832 | val_loss=3.1945 | val_ppl=24.40
progress | opt_step=17425/172211 | micro_step=139400/1377681 | stage=stage2 | span=1 | train_loss=3.1245 | lr=0.0002 | cpu_batch_ms=1.0 | provider_batch_ms=229.8 | prefetch_q=99 | elapsed=68532.0s
progress | opt_step=17450/172211 | micro_step=139600/1377681 | stage=stage2 | span=1 | train_loss=2.6018 | lr=0.0002 | cpu_batch_ms=1.0 | provider_batch_ms=278.7 | prefetch_q=99 | elapsed=68624.6s
progress | opt_step=17475/172211 | micro_step=139800/1377681 | stage=stage2 | span=1 | train_loss=3.2887 | lr=0.0002 | cpu_batch_ms=1.0 | provider_batch_ms=287.4 | prefetch_q=100 | elapsed=68716.0s
progress | opt_step=17500/172211 | micro_step=140000/1377681 | stage=stage2 | span=1 | train_loss=2.7857 | lr=0.0002 | cpu_batch_ms=1.0 | provider_batch_ms=308.1 | prefetch_q=100 | elapsed=68808.7s
progress | opt_step=17525/172211 | micro_step=140200/1377681 | stage=stage2 | span=1 | train_loss=2.8063 | lr=0.0002 | cpu_batch_ms=1.0 | provider_batch_ms=235.5 | prefetch_q=100 | elapsed=68921.3s
progress | opt_step=17550/172211 | micro_step=140400/1377681 | stage=stage2 | span=1 | train_loss=3.0806 | lr=0.0002 | cpu_batch_ms=1.0 | provider_batch_ms=287.0 | prefetch_q=94 | elapsed=69013.5s
progress | opt_step=17575/172211 | micro_step=140600/1377681 | stage=stage2 | span=1 | train_loss=2.6368 | lr=0.0002 | cpu_batch_ms=1.0 | provider_batch_ms=308.8 | prefetch_q=100 | elapsed=69105.2s
progress | opt_step=17600/172211 | micro_step=140800/1377681 | stage=stage2 | span=1 | train_loss=2.7233 | lr=0.0002 | cpu_batch_ms=1.0 | provider_batch_ms=313.8 | prefetch_q=100 | elapsed=69197.4s
eval | opt_step=17600 | micro_step=140800 | train_loss=2.7233 | val_loss=3.1893 | val_ppl=24.27
progress | opt_step=17625/172211 | micro_step=141000/1377681 | stage=stage2 | span=1 | train_loss=2.5720 | lr=0.0002 | cpu_batch_ms=1.0 | provider_batch_ms=226.5 | prefetch_q=99 | elapsed=69335.0s
progress | opt_step=17650/172211 | micro_step=141200/1377681 | stage=stage2 | span=1 | train_loss=2.9460 | lr=0.0002 | cpu_batch_ms=1.0 | provider_batch_ms=269.2 | prefetch_q=100 | elapsed=69426.5s
progress | opt_step=17675/172211 | micro_step=141400/1377681 | stage=stage2 | span=1 | train_loss=2.9430 | lr=0.0002 | cpu_batch_ms=1.0 | provider_batch_ms=291.6 | prefetch_q=100 | elapsed=69518.4s
progress | opt_step=17700/172211 | micro_step=141600/1377681 | stage=stage2 | span=1 | train_loss=3.1832 | lr=0.0002 | cpu_batch_ms=1.0 | provider_batch_ms=303.9 | prefetch_q=100 | elapsed=69610.0s
progress | opt_step=17725/172211 | micro_step=141800/1377681 | stage=stage2 | span=1 | train_loss=3.3877 | lr=0.0002 | cpu_batch_ms=1.0 | provider_batch_ms=217.7 | prefetch_q=97 | elapsed=69722.3s
progress | opt_step=17750/172211 | micro_step=142000/1377681 | stage=stage2 | span=1 | train_loss=2.9711 | lr=0.0002 | cpu_batch_ms=1.0 | provider_batch_ms=279.3 | prefetch_q=95 | elapsed=69814.5s
progress | opt_step=17775/172211 | micro_step=142200/1377681 | stage=stage2 | span=1 | train_loss=2.9287 | lr=0.0002 | cpu_batch_ms=1.0 | provider_batch_ms=300.4 | prefetch_q=95 | elapsed=69906.4s
progress | opt_step=17800/172211 | micro_step=142400/1377681 | stage=stage2 | span=1 | train_loss=3.1783 | lr=0.0002 | cpu_batch_ms=1.0 | provider_batch_ms=303.7 | prefetch_q=100 | elapsed=69998.1s
eval | opt_step=17800 | micro_step=142400 | train_loss=3.1783 | val_loss=3.1970 | val_ppl=24.46
progress | opt_step=17825/172211 | micro_step=142600/1377681 | stage=stage2 | span=1 | train_loss=2.6764 | lr=0.0002 | cpu_batch_ms=1.0 | provider_batch_ms=213.8 | prefetch_q=100 | elapsed=70112.8s
progress | opt_step=17850/172211 | micro_step=142800/1377681 | stage=stage2 | span=1 | train_loss=3.0301 | lr=0.0002 | cpu_batch_ms=1.0 | provider_batch_ms=276.0 | prefetch_q=99 | elapsed=70204.7s
progress | opt_step=17875/172211 | micro_step=143000/1377681 | stage=stage2 | span=1 | train_loss=2.8967 | lr=0.0002 | cpu_batch_ms=1.0 | provider_batch_ms=302.3 | prefetch_q=100 | elapsed=70296.6s
progress | opt_step=17900/172211 | micro_step=143200/1377681 | stage=stage2 | span=1 | train_loss=3.3082 | lr=0.0002 | cpu_batch_ms=1.0 | provider_batch_ms=306.5 | prefetch_q=98 | elapsed=70388.0s
progress | opt_step=17925/172211 | micro_step=143400/1377681 | stage=stage2 | span=1 | train_loss=2.5357 | lr=0.0002 | cpu_batch_ms=1.0 | provider_batch_ms=248.9 | prefetch_q=100 | elapsed=70501.1s
progress | opt_step=17950/172211 | micro_step=143600/1377681 | stage=stage2 | span=1 | train_loss=3.0091 | lr=0.0002 | cpu_batch_ms=1.0 | provider_batch_ms=284.4 | prefetch_q=100 | elapsed=70592.8s
progress | opt_step=17975/172211 | micro_step=143800/1377681 | stage=stage2 | span=1 | train_loss=2.6512 | lr=0.0002 | cpu_batch_ms=1.0 | provider_batch_ms=309.6 | prefetch_q=99 | elapsed=70684.6s
progress | opt_step=18000/172211 | micro_step=144000/1377681 | stage=stage2 | span=1 | train_loss=2.9467 | lr=0.0002 | cpu_batch_ms=1.0 | provider_batch_ms=329.5 | prefetch_q=100 | elapsed=70777.4s
eval | opt_step=18000 | micro_step=144000 | train_loss=2.9467 | val_loss=3.1898 | val_ppl=24.28
progress | opt_step=18025/172211 | micro_step=144200/1377681 | stage=stage2 | span=1 | train_loss=2.9441 | lr=0.0002 | cpu_batch_ms=1.1 | provider_batch_ms=253.5 | prefetch_q=96 | elapsed=70898.9s
progress | opt_step=18050/172211 | micro_step=144400/1377681 | stage=stage2 | span=1 | train_loss=2.9730 | lr=0.0002 | cpu_batch_ms=1.1 | provider_batch_ms=289.2 | prefetch_q=99 | elapsed=70991.0s
progress | opt_step=18075/172211 | micro_step=144600/1377681 | stage=stage2 | span=1 | train_loss=2.6576 | lr=0.0002 | cpu_batch_ms=1.1 | provider_batch_ms=308.3 | prefetch_q=98 | elapsed=71082.9s
progress | opt_step=18100/172211 | micro_step=144800/1377681 | stage=stage2 | span=1 | train_loss=2.6810 | lr=0.0002 | cpu_batch_ms=1.1 | provider_batch_ms=321.8 | prefetch_q=96 | elapsed=71175.1s
progress | opt_step=18125/172211 | micro_step=145000/1377681 | stage=stage2 | span=1 | train_loss=3.3774 | lr=0.0002 | cpu_batch_ms=1.0 | provider_batch_ms=231.4 | prefetch_q=97 | elapsed=71287.4s
progress | opt_step=18150/172211 | micro_step=145200/1377681 | stage=stage2 | span=1 | train_loss=2.9630 | lr=0.0002 | cpu_batch_ms=1.0 | provider_batch_ms=279.9 | prefetch_q=100 | elapsed=71379.0s
progress | opt_step=18175/172211 | micro_step=145400/1377681 | stage=stage2 | span=1 | train_loss=2.4461 | lr=0.0002 | cpu_batch_ms=1.0 | provider_batch_ms=295.1 | prefetch_q=100 | elapsed=71470.6s
progress | opt_step=18200/172211 | micro_step=145600/1377681 | stage=stage2 | span=1 | train_loss=2.9536 | lr=0.0002 | cpu_batch_ms=1.0 | provider_batch_ms=309.9 | prefetch_q=99 | elapsed=71562.7s
eval | opt_step=18200 | micro_step=145600 | train_loss=2.9536 | val_loss=3.1744 | val_ppl=23.91
progress | opt_step=18225/172211 | micro_step=145800/1377681 | stage=stage2 | span=1 | train_loss=3.3080 | lr=0.0002 | cpu_batch_ms=1.0 | provider_batch_ms=235.3 | prefetch_q=100 | elapsed=71698.2s
progress | opt_step=18250/172211 | micro_step=146000/1377681 | stage=stage2 | span=1 | train_loss=2.9064 | lr=0.0002 | cpu_batch_ms=1.0 | provider_batch_ms=282.1 | prefetch_q=100 | elapsed=71790.4s
progress | opt_step=18275/172211 | micro_step=146200/1377681 | stage=stage2 | span=1 | train_loss=2.9789 | lr=0.0002 | cpu_batch_ms=1.0 | provider_batch_ms=294.4 | prefetch_q=100 | elapsed=71882.0s
progress | opt_step=18300/172211 | micro_step=146400/1377681 | stage=stage2 | span=1 | train_loss=3.0868 | lr=0.0002 | cpu_batch_ms=1.0 | provider_batch_ms=311.1 | prefetch_q=100 | elapsed=71974.0s
progress | opt_step=18325/172211 | micro_step=146600/1377681 | stage=stage2 | span=1 | train_loss=3.1546 | lr=0.0002 | cpu_batch_ms=1.0 | provider_batch_ms=233.7 | prefetch_q=100 | elapsed=72087.5s
progress | opt_step=18350/172211 | micro_step=146800/1377681 | stage=stage2 | span=1 | train_loss=2.9638 | lr=0.0002 | cpu_batch_ms=1.0 | provider_batch_ms=278.7 | prefetch_q=100 | elapsed=72179.4s
progress | opt_step=18375/172211 | micro_step=147000/1377681 | stage=stage2 | span=1 | train_loss=3.0166 | lr=0.0002 | cpu_batch_ms=1.0 | provider_batch_ms=301.2 | prefetch_q=99 | elapsed=72271.5s
progress | opt_step=18400/172211 | micro_step=147200/1377681 | stage=stage2 | span=1 | train_loss=3.3717 | lr=0.0002 | cpu_batch_ms=1.0 | provider_batch_ms=304.1 | prefetch_q=100 | elapsed=72363.4s
eval | opt_step=18400 | micro_step=147200 | train_loss=3.3717 | val_loss=3.1891 | val_ppl=24.27
progress | opt_step=18425/172211 | micro_step=147400/1377681 | stage=stage2 | span=1 | train_loss=2.4442 | lr=0.0002 | cpu_batch_ms=1.0 | provider_batch_ms=244.2 | prefetch_q=100 | elapsed=72480.1s
progress | opt_step=18450/172211 | micro_step=147600/1377681 | stage=stage2 | span=1 | train_loss=3.0867 | lr=0.0002 | cpu_batch_ms=1.0 | provider_batch_ms=301.6 | prefetch_q=100 | elapsed=72573.2s
progress | opt_step=18475/172211 | micro_step=147800/1377681 | stage=stage2 | span=1 | train_loss=2.8846 | lr=0.0002 | cpu_batch_ms=1.0 | provider_batch_ms=323.7 | prefetch_q=100 | elapsed=72665.6s
progress | opt_step=18500/172211 | micro_step=148000/1377681 | stage=stage2 | span=1 | train_loss=3.0078 | lr=0.0002 | cpu_batch_ms=1.0 | provider_batch_ms=330.0 | prefetch_q=97 | elapsed=72757.5s
progress | opt_step=18525/172211 | micro_step=148200/1377681 | stage=stage2 | span=1 | train_loss=3.1503 | lr=0.0002 | cpu_batch_ms=1.0 | provider_batch_ms=240.2 | prefetch_q=98 | elapsed=72871.5s
progress | opt_step=18550/172211 | micro_step=148400/1377681 | stage=stage2 | span=1 | train_loss=2.8642 | lr=0.0002 | cpu_batch_ms=1.0 | provider_batch_ms=295.3 | prefetch_q=96 | elapsed=72963.6s
progress | opt_step=18575/172211 | micro_step=148600/1377681 | stage=stage2 | span=1 | train_loss=2.9151 | lr=0.0002 | cpu_batch_ms=1.0 | provider_batch_ms=315.7 | prefetch_q=99 | elapsed=73055.9s
progress | opt_step=18600/172211 | micro_step=148800/1377681 | stage=stage2 | span=1 | train_loss=2.9684 | lr=0.0002 | cpu_batch_ms=1.0 | provider_batch_ms=325.2 | prefetch_q=97 | elapsed=73147.4s
eval | opt_step=18600 | micro_step=148800 | train_loss=2.9684 | val_loss=3.1929 | val_ppl=24.36
progress | opt_step=18625/172211 | micro_step=149000/1377681 | stage=stage2 | span=1 | train_loss=3.0525 | lr=0.0002 | cpu_batch_ms=1.0 | provider_batch_ms=217.4 | prefetch_q=100 | elapsed=73261.5s
progress | opt_step=18650/172211 | micro_step=149200/1377681 | stage=stage2 | span=1 | train_loss=2.8389 | lr=0.0002 | cpu_batch_ms=1.0 | provider_batch_ms=275.1 | prefetch_q=100 | elapsed=73353.7s
progress | opt_step=18675/172211 | micro_step=149400/1377681 | stage=stage2 | span=1 | train_loss=2.8288 | lr=0.0002 | cpu_batch_ms=1.0 | provider_batch_ms=297.2 | prefetch_q=100 | elapsed=73445.7s
progress | opt_step=18700/172211 | micro_step=149600/1377681 | stage=stage2 | span=1 | train_loss=3.0926 | lr=0.0002 | cpu_batch_ms=1.0 | provider_batch_ms=306.8 | prefetch_q=100 | elapsed=73538.0s
progress | opt_step=18725/172211 | micro_step=149800/1377681 | stage=stage2 | span=1 | train_loss=2.9684 | lr=0.0002 | cpu_batch_ms=1.0 | provider_batch_ms=222.6 | prefetch_q=100 | elapsed=73650.2s
progress | opt_step=18750/172211 | micro_step=150000/1377681 | stage=stage2 | span=1 | train_loss=3.1642 | lr=0.0002 | cpu_batch_ms=1.0 | provider_batch_ms=296.8 | prefetch_q=96 | elapsed=73743.2s
progress | opt_step=18775/172211 | micro_step=150200/1377681 | stage=stage2 | span=1 | train_loss=2.8281 | lr=0.0002 | cpu_batch_ms=1.0 | provider_batch_ms=324.4 | prefetch_q=100 | elapsed=73836.1s
progress | opt_step=18800/172211 | micro_step=150400/1377681 | stage=stage2 | span=1 | train_loss=3.0032 | lr=0.0002 | cpu_batch_ms=1.0 | provider_batch_ms=338.0 | prefetch_q=100 | elapsed=73928.5s
eval | opt_step=18800 | micro_step=150400 | train_loss=3.0032 | val_loss=3.1889 | val_ppl=24.26
progress | opt_step=18825/172211 | micro_step=150600/1377681 | stage=stage2 | span=1 | train_loss=2.9064 | lr=0.0002 | cpu_batch_ms=1.0 | provider_batch_ms=243.9 | prefetch_q=100 | elapsed=74046.3s
progress | opt_step=18850/172211 | micro_step=150800/1377681 | stage=stage2 | span=1 | train_loss=2.5618 | lr=0.0002 | cpu_batch_ms=1.0 | provider_batch_ms=291.0 | prefetch_q=98 | elapsed=74138.4s
progress | opt_step=18875/172211 | micro_step=151000/1377681 | stage=stage2 | span=1 | train_loss=2.9286 | lr=0.0002 | cpu_batch_ms=1.0 | provider_batch_ms=310.2 | prefetch_q=98 | elapsed=74230.8s
progress | opt_step=18900/172211 | micro_step=151200/1377681 | stage=stage2 | span=1 | train_loss=3.3377 | lr=0.0002 | cpu_batch_ms=1.0 | provider_batch_ms=318.5 | prefetch_q=100 | elapsed=74322.5s
progress | opt_step=18925/172211 | micro_step=151400/1377681 | stage=stage2 | span=1 | train_loss=3.1572 | lr=0.0002 | cpu_batch_ms=1.0 | provider_batch_ms=226.3 | prefetch_q=98 | elapsed=74435.6s
progress | opt_step=18950/172211 | micro_step=151600/1377681 | stage=stage2 | span=1 | train_loss=2.8292 | lr=0.0002 | cpu_batch_ms=1.0 | provider_batch_ms=271.9 | prefetch_q=97 | elapsed=74527.8s
progress | opt_step=18975/172211 | micro_step=151800/1377681 | stage=stage2 | span=1 | train_loss=3.2577 | lr=0.0002 | cpu_batch_ms=1.0 | provider_batch_ms=292.3 | prefetch_q=100 | elapsed=74619.5s
progress | opt_step=19000/172211 | micro_step=152000/1377681 | stage=stage2 | span=1 | train_loss=3.1298 | lr=0.0002 | cpu_batch_ms=1.0 | provider_batch_ms=314.1 | prefetch_q=98 | elapsed=74711.3s
eval | opt_step=19000 | micro_step=152000 | train_loss=3.1298 | val_loss=3.1847 | val_ppl=24.16
progress | opt_step=19025/172211 | micro_step=152200/1377681 | stage=stage2 | span=1 | train_loss=2.7273 | lr=0.0002 | cpu_batch_ms=1.0 | provider_batch_ms=233.0 | prefetch_q=100 | elapsed=74828.1s
progress | opt_step=19050/172211 | micro_step=152400/1377681 | stage=stage2 | span=1 | train_loss=3.2794 | lr=0.0002 | cpu_batch_ms=1.0 | provider_batch_ms=287.7 | prefetch_q=98 | elapsed=74920.5s
progress | opt_step=19075/172211 | micro_step=152600/1377681 | stage=stage2 | span=1 | train_loss=2.7467 | lr=0.0002 | cpu_batch_ms=1.0 | provider_batch_ms=302.7 | prefetch_q=97 | elapsed=75012.4s
progress | opt_step=19100/172211 | micro_step=152800/1377681 | stage=stage2 | span=1 | train_loss=3.3095 | lr=0.0002 | cpu_batch_ms=1.0 | provider_batch_ms=310.7 | prefetch_q=98 | elapsed=75104.3s
progress | opt_step=19125/172211 | micro_step=153000/1377681 | stage=stage2 | span=1 | train_loss=2.9757 | lr=0.0002 | cpu_batch_ms=1.0 | provider_batch_ms=236.1 | prefetch_q=99 | elapsed=75217.3s
progress | opt_step=19150/172211 | micro_step=153200/1377681 | stage=stage2 | span=1 | train_loss=2.8870 | lr=0.0002 | cpu_batch_ms=1.0 | provider_batch_ms=290.2 | prefetch_q=100 | elapsed=75309.5s
progress | opt_step=19175/172211 | micro_step=153400/1377681 | stage=stage2 | span=1 | train_loss=3.0423 | lr=0.0002 | cpu_batch_ms=1.0 | provider_batch_ms=313.5 | prefetch_q=100 | elapsed=75402.0s
progress | opt_step=19200/172211 | micro_step=153600/1377681 | stage=stage2 | span=1 | train_loss=2.8575 | lr=0.0002 | cpu_batch_ms=1.0 | provider_batch_ms=320.0 | prefetch_q=98 | elapsed=75494.1s
eval | opt_step=19200 | micro_step=153600 | train_loss=2.8575 | val_loss=3.1842 | val_ppl=24.15
progress | opt_step=19225/172211 | micro_step=153800/1377681 | stage=stage2 | span=1 | train_loss=2.8824 | lr=0.0002 | cpu_batch_ms=1.0 | provider_batch_ms=232.0 | prefetch_q=100 | elapsed=75607.6s
progress | opt_step=19250/172211 | micro_step=154000/1377681 | stage=stage2 | span=1 | train_loss=2.9112 | lr=0.0002 | cpu_batch_ms=1.0 | provider_batch_ms=281.1 | prefetch_q=100 | elapsed=75699.3s
progress | opt_step=19275/172211 | micro_step=154200/1377681 | stage=stage2 | span=1 | train_loss=2.8809 | lr=0.0002 | cpu_batch_ms=1.0 | provider_batch_ms=303.9 | prefetch_q=99 | elapsed=75791.5s
progress | opt_step=19300/172211 | micro_step=154400/1377681 | stage=stage2 | span=1 | train_loss=3.0656 | lr=0.0002 | cpu_batch_ms=1.0 | provider_batch_ms=316.8 | prefetch_q=97 | elapsed=75883.2s
progress | opt_step=19325/172211 | micro_step=154600/1377681 | stage=stage2 | span=1 | train_loss=2.8853 | lr=0.0002 | cpu_batch_ms=1.0 | provider_batch_ms=244.3 | prefetch_q=100 | elapsed=75997.9s
progress | opt_step=19350/172211 | micro_step=154800/1377681 | stage=stage2 | span=1 | train_loss=3.0273 | lr=0.0002 | cpu_batch_ms=1.0 | provider_batch_ms=302.0 | prefetch_q=100 | elapsed=76090.0s
progress | opt_step=19375/172211 | micro_step=155000/1377681 | stage=stage2 | span=1 | train_loss=2.4068 | lr=0.0002 | cpu_batch_ms=1.0 | provider_batch_ms=317.2 | prefetch_q=95 | elapsed=76182.1s
progress | opt_step=19400/172211 | micro_step=155200/1377681 | stage=stage2 | span=1 | train_loss=3.4428 | lr=0.0002 | cpu_batch_ms=1.0 | provider_batch_ms=333.1 | prefetch_q=94 | elapsed=76274.4s
eval | opt_step=19400 | micro_step=155200 | train_loss=3.4428 | val_loss=3.1678 | val_ppl=23.75
progress | opt_step=19425/172211 | micro_step=155400/1377681 | stage=stage2 | span=1 | train_loss=3.2159 | lr=0.0002 | cpu_batch_ms=1.0 | provider_batch_ms=251.2 | prefetch_q=100 | elapsed=76411.1s
progress | opt_step=19450/172211 | micro_step=155600/1377681 | stage=stage2 | span=1 | train_loss=3.2687 | lr=0.0002 | cpu_batch_ms=1.0 | provider_batch_ms=295.0 | prefetch_q=100 | elapsed=76503.6s
progress | opt_step=19475/172211 | micro_step=155800/1377681 | stage=stage2 | span=1 | train_loss=3.1333 | lr=0.0002 | cpu_batch_ms=1.0 | provider_batch_ms=326.1 | prefetch_q=96 | elapsed=76596.4s
progress | opt_step=19500/172211 | micro_step=156000/1377681 | stage=stage2 | span=1 | train_loss=2.9041 | lr=0.0002 | cpu_batch_ms=1.0 | provider_batch_ms=336.0 | prefetch_q=89 | elapsed=76688.4s
progress | opt_step=19525/172211 | micro_step=156200/1377681 | stage=stage2 | span=1 | train_loss=2.8708 | lr=0.0002 | cpu_batch_ms=1.0 | provider_batch_ms=255.9 | prefetch_q=96 | elapsed=76804.7s
progress | opt_step=19550/172211 | micro_step=156400/1377681 | stage=stage2 | span=1 | train_loss=3.3479 | lr=0.0002 | cpu_batch_ms=1.0 | provider_batch_ms=300.6 | prefetch_q=100 | elapsed=76897.1s
progress | opt_step=19575/172211 | micro_step=156600/1377681 | stage=stage2 | span=1 | train_loss=3.1026 | lr=0.0002 | cpu_batch_ms=1.0 | provider_batch_ms=317.2 | prefetch_q=98 | elapsed=76989.4s
progress | opt_step=19600/172211 | micro_step=156800/1377681 | stage=stage2 | span=1 | train_loss=2.9860 | lr=0.0002 | cpu_batch_ms=1.0 | provider_batch_ms=329.7 | prefetch_q=100 | elapsed=77082.0s
eval | opt_step=19600 | micro_step=156800 | train_loss=2.9860 | val_loss=3.1747 | val_ppl=23.92
progress | opt_step=19625/172211 | micro_step=157000/1377681 | stage=stage2 | span=1 | train_loss=3.3258 | lr=0.0002 | cpu_batch_ms=1.0 | provider_batch_ms=255.8 | prefetch_q=100 | elapsed=77199.9s
progress | opt_step=19650/172211 | micro_step=157200/1377681 | stage=stage2 | span=1 | train_loss=2.9008 | lr=0.0002 | cpu_batch_ms=1.0 | provider_batch_ms=297.0 | prefetch_q=100 | elapsed=77292.5s
progress | opt_step=19675/172211 | micro_step=157400/1377681 | stage=stage2 | span=1 | train_loss=3.3001 | lr=0.0002 | cpu_batch_ms=1.0 | provider_batch_ms=309.9 | prefetch_q=98 | elapsed=77384.2s
progress | opt_step=19700/172211 | micro_step=157600/1377681 | stage=stage2 | span=1 | train_loss=2.8775 | lr=0.0002 | cpu_batch_ms=1.0 | provider_batch_ms=322.6 | prefetch_q=100 | elapsed=77476.4s
progress | opt_step=19725/172211 | micro_step=157800/1377681 | stage=stage2 | span=1 | train_loss=2.9709 | lr=0.0002 | cpu_batch_ms=1.0 | provider_batch_ms=244.0 | prefetch_q=100 | elapsed=77591.1s
progress | opt_step=19750/172211 | micro_step=158000/1377681 | stage=stage2 | span=1 | train_loss=2.9708 | lr=0.0002 | cpu_batch_ms=1.0 | provider_batch_ms=289.4 | prefetch_q=98 | elapsed=77683.1s
progress | opt_step=19775/172211 | micro_step=158200/1377681 | stage=stage2 | span=1 | train_loss=3.1058 | lr=0.0002 | cpu_batch_ms=1.0 | provider_batch_ms=309.0 | prefetch_q=100 | elapsed=77775.2s
progress | opt_step=19800/172211 | micro_step=158400/1377681 | stage=stage2 | span=1 | train_loss=3.0172 | lr=0.0002 | cpu_batch_ms=1.0 | provider_batch_ms=323.6 | prefetch_q=96 | elapsed=77867.0s
eval | opt_step=19800 | micro_step=158400 | train_loss=3.0172 | val_loss=3.1639 | val_ppl=23.66
progress | opt_step=19825/172211 | micro_step=158600/1377681 | stage=stage2 | span=1 | train_loss=2.9750 | lr=0.0002 | cpu_batch_ms=1.0 | provider_batch_ms=241.7 | prefetch_q=96 | elapsed=78003.6s
progress | opt_step=19850/172211 | micro_step=158800/1377681 | stage=stage2 | span=1 | train_loss=3.3281 | lr=0.0002 | cpu_batch_ms=1.0 | provider_batch_ms=304.0 | prefetch_q=100 | elapsed=78096.5s
progress | opt_step=19875/172211 | micro_step=159000/1377681 | stage=stage2 | span=1 | train_loss=2.6621 | lr=0.0002 | cpu_batch_ms=1.0 | provider_batch_ms=325.8 | prefetch_q=100 | elapsed=78188.9s
progress | opt_step=19900/172211 | micro_step=159200/1377681 | stage=stage2 | span=1 | train_loss=2.9982 | lr=0.0002 | cpu_batch_ms=1.0 | provider_batch_ms=326.1 | prefetch_q=100 | elapsed=78281.0s
progress | opt_step=19925/172211 | micro_step=159400/1377681 | stage=stage2 | span=1 | train_loss=2.7898 | lr=0.0002 | cpu_batch_ms=1.0 | provider_batch_ms=228.6 | prefetch_q=99 | elapsed=78394.6s
progress | opt_step=19950/172211 | micro_step=159600/1377681 | stage=stage2 | span=1 | train_loss=2.5826 | lr=0.0002 | cpu_batch_ms=1.0 | provider_batch_ms=285.7 | prefetch_q=100 | elapsed=78486.9s
progress | opt_step=19975/172211 | micro_step=159800/1377681 | stage=stage2 | span=1 | train_loss=2.8490 | lr=0.0002 | cpu_batch_ms=1.0 | provider_batch_ms=299.5 | prefetch_q=100 | elapsed=78578.6s
progress | opt_step=20000/172211 | micro_step=160000/1377681 | stage=stage2 | span=1 | train_loss=2.2009 | lr=0.0002 | cpu_batch_ms=1.0 | provider_batch_ms=307.4 | prefetch_q=100 | elapsed=78670.6s
eval | opt_step=20000 | micro_step=160000 | train_loss=2.2009 | val_loss=3.1599 | val_ppl=23.57
progress | opt_step=20025/172211 | micro_step=160200/1377681 | stage=stage2 | span=1 | train_loss=3.2244 | lr=0.0002 | cpu_batch_ms=1.0 | provider_batch_ms=221.2 | prefetch_q=100 | elapsed=78809.0s
progress | opt_step=20050/172211 | micro_step=160400/1377681 | stage=stage2 | span=1 | train_loss=3.0832 | lr=0.0002 | cpu_batch_ms=1.0 | provider_batch_ms=280.2 | prefetch_q=98 | elapsed=78901.5s
progress | opt_step=20075/172211 | micro_step=160600/1377681 | stage=stage2 | span=1 | train_loss=3.1595 | lr=0.0002 | cpu_batch_ms=1.0 | provider_batch_ms=304.1 | prefetch_q=97 | elapsed=78993.9s
progress | opt_step=20100/172211 | micro_step=160800/1377681 | stage=stage2 | span=1 | train_loss=2.7986 | lr=0.0002 | cpu_batch_ms=1.0 | provider_batch_ms=312.2 | prefetch_q=99 | elapsed=79085.3s
progress | opt_step=20125/172211 | micro_step=161000/1377681 | stage=stage2 | span=1 | train_loss=2.4866 | lr=0.0002 | cpu_batch_ms=1.0 | provider_batch_ms=218.2 | prefetch_q=100 | elapsed=79198.5s
progress | opt_step=20150/172211 | micro_step=161200/1377681 | stage=stage2 | span=1 | train_loss=2.9584 | lr=0.000199999 | cpu_batch_ms=1.0 | provider_batch_ms=294.9 | prefetch_q=97 | elapsed=79290.6s
progress | opt_step=20175/172211 | micro_step=161400/1377681 | stage=stage2 | span=1 | train_loss=3.0112 | lr=0.000199999 | cpu_batch_ms=1.0 | provider_batch_ms=318.1 | prefetch_q=100 | elapsed=79383.6s
progress | opt_step=20200/172211 | micro_step=161600/1377681 | stage=stage2 | span=1 | train_loss=2.8768 | lr=0.000199999 | cpu_batch_ms=1.0 | provider_batch_ms=329.6 | prefetch_q=96 | elapsed=79475.7s
eval | opt_step=20200 | micro_step=161600 | train_loss=2.8768 | val_loss=3.1460 | val_ppl=23.24
progress | opt_step=20225/172211 | micro_step=161800/1377681 | stage=stage2 | span=1 | train_loss=3.0012 | lr=0.000199998 | cpu_batch_ms=1.0 | provider_batch_ms=242.6 | prefetch_q=100 | elapsed=79613.7s
progress | opt_step=20250/172211 | micro_step=162000/1377681 | stage=stage2 | span=1 | train_loss=3.0338 | lr=0.000199998 | cpu_batch_ms=1.0 | provider_batch_ms=293.8 | prefetch_q=100 | elapsed=79706.2s
progress | opt_step=20275/172211 | micro_step=162200/1377681 | stage=stage2 | span=1 | train_loss=3.0078 | lr=0.000199998 | cpu_batch_ms=1.0 | provider_batch_ms=318.2 | prefetch_q=100 | elapsed=79799.1s
progress | opt_step=20300/172211 | micro_step=162400/1377681 | stage=stage2 | span=1 | train_loss=2.9114 | lr=0.000199997 | cpu_batch_ms=1.0 | provider_batch_ms=329.1 | prefetch_q=100 | elapsed=79891.5s
progress | opt_step=20325/172211 | micro_step=162600/1377681 | stage=stage2 | span=1 | train_loss=2.9902 | lr=0.000199997 | cpu_batch_ms=1.0 | provider_batch_ms=256.4 | prefetch_q=99 | elapsed=80006.2s
progress | opt_step=20350/172211 | micro_step=162800/1377681 | stage=stage2 | span=1 | train_loss=3.1064 | lr=0.000199996 | cpu_batch_ms=1.0 | provider_batch_ms=282.7 | prefetch_q=98 | elapsed=80097.7s
progress | opt_step=20375/172211 | micro_step=163000/1377681 | stage=stage2 | span=1 | train_loss=2.8882 | lr=0.000199996 | cpu_batch_ms=1.0 | provider_batch_ms=302.3 | prefetch_q=98 | elapsed=80190.2s
progress | opt_step=20400/172211 | micro_step=163200/1377681 | stage=stage2 | span=1 | train_loss=2.6738 | lr=0.000199995 | cpu_batch_ms=1.0 | provider_batch_ms=320.5 | prefetch_q=100 | elapsed=80282.9s
eval | opt_step=20400 | micro_step=163200 | train_loss=2.6738 | val_loss=3.1539 | val_ppl=23.43
progress | opt_step=20425/172211 | micro_step=163400/1377681 | stage=stage2 | span=1 | train_loss=3.0570 | lr=0.000199994 | cpu_batch_ms=1.0 | provider_batch_ms=228.0 | prefetch_q=100 | elapsed=80398.8s
progress | opt_step=20450/172211 | micro_step=163600/1377681 | stage=stage2 | span=1 | train_loss=3.0032 | lr=0.000199994 | cpu_batch_ms=1.0 | provider_batch_ms=276.8 | prefetch_q=100 | elapsed=80490.8s
progress | opt_step=20475/172211 | micro_step=163800/1377681 | stage=stage2 | span=1 | train_loss=2.6816 | lr=0.000199993 | cpu_batch_ms=1.0 | provider_batch_ms=297.2 | prefetch_q=99 | elapsed=80582.9s
progress | opt_step=20500/172211 | micro_step=164000/1377681 | stage=stage2 | span=1 | train_loss=2.7720 | lr=0.000199992 | cpu_batch_ms=1.0 | provider_batch_ms=310.8 | prefetch_q=100 | elapsed=80675.8s
progress | opt_step=20525/172211 | micro_step=164200/1377681 | stage=stage2 | span=1 | train_loss=2.9527 | lr=0.000199991 | cpu_batch_ms=1.0 | provider_batch_ms=237.5 | prefetch_q=99 | elapsed=80789.6s
progress | opt_step=20550/172211 | micro_step=164400/1377681 | stage=stage2 | span=1 | train_loss=2.9158 | lr=0.000199991 | cpu_batch_ms=1.0 | provider_batch_ms=294.8 | prefetch_q=100 | elapsed=80882.0s
progress | opt_step=20575/172211 | micro_step=164600/1377681 | stage=stage2 | span=1 | train_loss=3.3239 | lr=0.00019999 | cpu_batch_ms=1.0 | provider_batch_ms=313.9 | prefetch_q=100 | elapsed=80974.4s
progress | opt_step=20600/172211 | micro_step=164800/1377681 | stage=stage2 | span=1 | train_loss=3.0464 | lr=0.000199989 | cpu_batch_ms=1.0 | provider_batch_ms=325.8 | prefetch_q=99 | elapsed=81065.9s
eval | opt_step=20600 | micro_step=164800 | train_loss=3.0464 | val_loss=3.1607 | val_ppl=23.59
progress | opt_step=20625/172211 | micro_step=165000/1377681 | stage=stage2 | span=1 | train_loss=3.1693 | lr=0.000199988 | cpu_batch_ms=1.0 | provider_batch_ms=261.7 | prefetch_q=95 | elapsed=81179.7s
progress | opt_step=20650/172211 | micro_step=165200/1377681 | stage=stage2 | span=1 | train_loss=2.7212 | lr=0.000199987 | cpu_batch_ms=1.0 | provider_batch_ms=304.2 | prefetch_q=100 | elapsed=81271.9s
progress | opt_step=20675/172211 | micro_step=165400/1377681 | stage=stage2 | span=1 | train_loss=2.6883 | lr=0.000199986 | cpu_batch_ms=1.0 | provider_batch_ms=318.9 | prefetch_q=99 | elapsed=81363.9s
progress | opt_step=20700/172211 | micro_step=165600/1377681 | stage=stage2 | span=1 | train_loss=2.9820 | lr=0.000199985 | cpu_batch_ms=1.0 | provider_batch_ms=323.2 | prefetch_q=100 | elapsed=81455.4s
progress | opt_step=20725/172211 | micro_step=165800/1377681 | stage=stage2 | span=1 | train_loss=3.2577 | lr=0.000199984 | cpu_batch_ms=1.0 | provider_batch_ms=221.2 | prefetch_q=100 | elapsed=81566.0s
progress | opt_step=20750/172211 | micro_step=166000/1377681 | stage=stage2 | span=1 | train_loss=2.9869 | lr=0.000199983 | cpu_batch_ms=1.0 | provider_batch_ms=282.9 | prefetch_q=100 | elapsed=81658.6s
progress | opt_step=20775/172211 | micro_step=166200/1377681 | stage=stage2 | span=1 | train_loss=2.8845 | lr=0.000199981 | cpu_batch_ms=1.0 | provider_batch_ms=302.3 | prefetch_q=99 | elapsed=81750.7s
progress | opt_step=20800/172211 | micro_step=166400/1377681 | stage=stage2 | span=1 | train_loss=2.7582 | lr=0.00019998 | cpu_batch_ms=1.0 | provider_batch_ms=312.1 | prefetch_q=100 | elapsed=81842.0s
eval | opt_step=20800 | micro_step=166400 | train_loss=2.7582 | val_loss=3.1587 | val_ppl=23.54
progress | opt_step=20825/172211 | micro_step=166600/1377681 | stage=stage2 | span=1 | train_loss=3.1470 | lr=0.000199979 | cpu_batch_ms=1.0 | provider_batch_ms=220.3 | prefetch_q=99 | elapsed=81956.3s
progress | opt_step=20850/172211 | micro_step=166800/1377681 | stage=stage2 | span=1 | train_loss=3.1103 | lr=0.000199978 | cpu_batch_ms=1.0 | provider_batch_ms=277.1 | prefetch_q=100 | elapsed=82048.2s
progress | opt_step=20875/172211 | micro_step=167000/1377681 | stage=stage2 | span=1 | train_loss=3.0248 | lr=0.000199976 | cpu_batch_ms=1.0 | provider_batch_ms=295.3 | prefetch_q=99 | elapsed=82140.0s
progress | opt_step=20900/172211 | micro_step=167200/1377681 | stage=stage2 | span=1 | train_loss=2.5363 | lr=0.000199975 | cpu_batch_ms=1.0 | provider_batch_ms=310.2 | prefetch_q=98 | elapsed=82232.3s
progress | opt_step=20925/172211 | micro_step=167400/1377681 | stage=stage2 | span=1 | train_loss=2.8710 | lr=0.000199974 | cpu_batch_ms=1.0 | provider_batch_ms=251.7 | prefetch_q=100 | elapsed=82345.7s
progress | opt_step=20950/172211 | micro_step=167600/1377681 | stage=stage2 | span=1 | train_loss=3.1987 | lr=0.000199972 | cpu_batch_ms=1.0 | provider_batch_ms=300.1 | prefetch_q=99 | elapsed=82438.1s
progress | opt_step=20975/172211 | micro_step=167800/1377681 | stage=stage2 | span=1 | train_loss=3.0089 | lr=0.000199971 | cpu_batch_ms=1.0 | provider_batch_ms=315.2 | prefetch_q=100 | elapsed=82529.6s
progress | opt_step=21000/172211 | micro_step=168000/1377681 | stage=stage2 | span=1 | train_loss=3.3599 | lr=0.000199969 | cpu_batch_ms=1.0 | provider_batch_ms=317.0 | prefetch_q=100 | elapsed=82621.0s
eval | opt_step=21000 | micro_step=168000 | train_loss=3.3599 | val_loss=3.1532 | val_ppl=23.41
progress | opt_step=21025/172211 | micro_step=168200/1377681 | stage=stage2 | span=1 | train_loss=3.1242 | lr=0.000199968 | cpu_batch_ms=1.0 | provider_batch_ms=240.0 | prefetch_q=96 | elapsed=82738.4s
progress | opt_step=21050/172211 | micro_step=168400/1377681 | stage=stage2 | span=1 | train_loss=2.5112 | lr=0.000199966 | cpu_batch_ms=1.0 | provider_batch_ms=292.0 | prefetch_q=100 | elapsed=82831.3s
progress | opt_step=21075/172211 | micro_step=168600/1377681 | stage=stage2 | span=1 | train_loss=2.2621 | lr=0.000199964 | cpu_batch_ms=1.0 | provider_batch_ms=300.9 | prefetch_q=100 | elapsed=82923.2s
progress | opt_step=21100/172211 | micro_step=168800/1377681 | stage=stage2 | span=1 | train_loss=3.1413 | lr=0.000199963 | cpu_batch_ms=1.0 | provider_batch_ms=310.9 | prefetch_q=100 | elapsed=83015.3s
progress | opt_step=21125/172211 | micro_step=169000/1377681 | stage=stage2 | span=1 | train_loss=2.8820 | lr=0.000199961 | cpu_batch_ms=1.0 | provider_batch_ms=219.6 | prefetch_q=100 | elapsed=83126.6s
progress | opt_step=21150/172211 | micro_step=169200/1377681 | stage=stage2 | span=1 | train_loss=2.7745 | lr=0.000199959 | cpu_batch_ms=1.0 | provider_batch_ms=276.2 | prefetch_q=100 | elapsed=83219.0s
progress | opt_step=21175/172211 | micro_step=169400/1377681 | stage=stage2 | span=1 | train_loss=2.7774 | lr=0.000199957 | cpu_batch_ms=1.0 | provider_batch_ms=302.8 | prefetch_q=96 | elapsed=83310.8s
progress | opt_step=21200/172211 | micro_step=169600/1377681 | stage=stage2 | span=1 | train_loss=2.6603 | lr=0.000199956 | cpu_batch_ms=1.0 | provider_batch_ms=310.4 | prefetch_q=100 | elapsed=83402.6s
eval | opt_step=21200 | micro_step=169600 | train_loss=2.6603 | val_loss=3.1363 | val_ppl=23.02
progress | opt_step=21225/172211 | micro_step=169800/1377681 | stage=stage2 | span=1 | train_loss=3.1826 | lr=0.000199954 | cpu_batch_ms=1.0 | provider_batch_ms=234.3 | prefetch_q=100 | elapsed=83536.7s
progress | opt_step=21250/172211 | micro_step=170000/1377681 | stage=stage2 | span=1 | train_loss=3.0094 | lr=0.000199952 | cpu_batch_ms=1.0 | provider_batch_ms=292.2 | prefetch_q=100 | elapsed=83628.9s
progress | opt_step=21275/172211 | micro_step=170200/1377681 | stage=stage2 | span=1 | train_loss=3.2749 | lr=0.00019995 | cpu_batch_ms=1.0 | provider_batch_ms=314.4 | prefetch_q=100 | elapsed=83721.0s
progress | opt_step=21300/172211 | micro_step=170400/1377681 | stage=stage2 | span=1 | train_loss=2.6019 | lr=0.000199948 | cpu_batch_ms=1.0 | provider_batch_ms=334.7 | prefetch_q=98 | elapsed=83814.0s
progress | opt_step=21325/172211 | micro_step=170600/1377681 | stage=stage2 | span=1 | train_loss=2.9096 | lr=0.000199946 | cpu_batch_ms=1.0 | provider_batch_ms=257.8 | prefetch_q=100 | elapsed=83928.6s
progress | opt_step=21350/172211 | micro_step=170800/1377681 | stage=stage2 | span=1 | train_loss=2.6255 | lr=0.000199944 | cpu_batch_ms=1.0 | provider_batch_ms=302.4 | prefetch_q=100 | elapsed=84021.0s
progress | opt_step=21375/172211 | micro_step=171000/1377681 | stage=stage2 | span=1 | train_loss=3.1603 | lr=0.000199942 | cpu_batch_ms=1.0 | provider_batch_ms=306.3 | prefetch_q=100 | elapsed=84113.1s
progress | opt_step=21400/172211 | micro_step=171200/1377681 | stage=stage2 | span=1 | train_loss=2.9464 | lr=0.00019994 | cpu_batch_ms=1.0 | provider_batch_ms=315.6 | prefetch_q=100 | elapsed=84204.8s
eval | opt_step=21400 | micro_step=171200 | train_loss=2.9464 | val_loss=3.1329 | val_ppl=22.94
progress | opt_step=21425/172211 | micro_step=171400/1377681 | stage=stage2 | span=1 | train_loss=2.7321 | lr=0.000199937 | cpu_batch_ms=1.0 | provider_batch_ms=242.4 | prefetch_q=100 | elapsed=84341.7s
progress | opt_step=21450/172211 | micro_step=171600/1377681 | stage=stage2 | span=1 | train_loss=2.8501 | lr=0.000199935 | cpu_batch_ms=1.0 | provider_batch_ms=287.2 | prefetch_q=100 | elapsed=84433.9s
progress | opt_step=21475/172211 | micro_step=171800/1377681 | stage=stage2 | span=1 | train_loss=2.3339 | lr=0.000199933 | cpu_batch_ms=1.0 | provider_batch_ms=310.2 | prefetch_q=99 | elapsed=84526.1s
progress | opt_step=21500/172211 | micro_step=172000/1377681 | stage=stage2 | span=1 | train_loss=3.0411 | lr=0.000199931 | cpu_batch_ms=1.0 | provider_batch_ms=322.9 | prefetch_q=100 | elapsed=84618.2s
progress | opt_step=21525/172211 | micro_step=172200/1377681 | stage=stage2 | span=1 | train_loss=2.9815 | lr=0.000199928 | cpu_batch_ms=1.0 | provider_batch_ms=239.8 | prefetch_q=98 | elapsed=84730.4s
progress | opt_step=21550/172211 | micro_step=172400/1377681 | stage=stage2 | span=1 | train_loss=3.0914 | lr=0.000199926 | cpu_batch_ms=1.0 | provider_batch_ms=284.7 | prefetch_q=98 | elapsed=84822.6s
progress | opt_step=21575/172211 | micro_step=172600/1377681 | stage=stage2 | span=1 | train_loss=2.9879 | lr=0.000199924 | cpu_batch_ms=1.0 | provider_batch_ms=301.3 | prefetch_q=97 | elapsed=84914.7s
progress | opt_step=21600/172211 | micro_step=172800/1377681 | stage=stage2 | span=1 | train_loss=3.0269 | lr=0.000199921 | cpu_batch_ms=1.0 | provider_batch_ms=312.3 | prefetch_q=98 | elapsed=85006.7s
eval | opt_step=21600 | micro_step=172800 | train_loss=3.0269 | val_loss=3.1331 | val_ppl=22.94
progress | opt_step=21625/172211 | micro_step=173000/1377681 | stage=stage2 | span=1 | train_loss=3.1130 | lr=0.000199919 | cpu_batch_ms=1.0 | provider_batch_ms=270.8 | prefetch_q=99 | elapsed=85123.0s
progress | opt_step=21650/172211 | micro_step=173200/1377681 | stage=stage2 | span=1 | train_loss=2.8619 | lr=0.000199916 | cpu_batch_ms=1.0 | provider_batch_ms=304.1 | prefetch_q=98 | elapsed=85215.9s
progress | opt_step=21675/172211 | micro_step=173400/1377681 | stage=stage2 | span=1 | train_loss=3.2523 | lr=0.000199913 | cpu_batch_ms=1.0 | provider_batch_ms=316.6 | prefetch_q=100 | elapsed=85307.1s
progress | opt_step=21700/172211 | micro_step=173600/1377681 | stage=stage2 | span=1 | train_loss=2.9853 | lr=0.000199911 | cpu_batch_ms=1.0 | provider_batch_ms=327.5 | prefetch_q=100 | elapsed=85399.6s
progress | opt_step=21725/172211 | micro_step=173800/1377681 | stage=stage2 | span=1 | train_loss=2.9145 | lr=0.000199908 | cpu_batch_ms=1.0 | provider_batch_ms=231.7 | prefetch_q=100 | elapsed=85511.1s
progress | opt_step=21750/172211 | micro_step=174000/1377681 | stage=stage2 | span=1 | train_loss=2.9995 | lr=0.000199906 | cpu_batch_ms=1.0 | provider_batch_ms=282.2 | prefetch_q=99 | elapsed=85603.2s
progress | opt_step=21775/172211 | micro_step=174200/1377681 | stage=stage2 | span=1 | train_loss=2.9166 | lr=0.000199903 | cpu_batch_ms=1.0 | provider_batch_ms=302.6 | prefetch_q=100 | elapsed=85695.8s
progress | opt_step=21800/172211 | micro_step=174400/1377681 | stage=stage2 | span=1 | train_loss=2.7721 | lr=0.0001999 | cpu_batch_ms=1.0 | provider_batch_ms=322.6 | prefetch_q=88 | elapsed=85788.6s
eval | opt_step=21800 | micro_step=174400 | train_loss=2.7721 | val_loss=3.1364 | val_ppl=23.02
progress | opt_step=21825/172211 | micro_step=174600/1377681 | stage=stage2 | span=1 | train_loss=2.7533 | lr=0.000199897 | cpu_batch_ms=1.0 | provider_batch_ms=248.8 | prefetch_q=99 | elapsed=85903.7s
progress | opt_step=21850/172211 | micro_step=174800/1377681 | stage=stage2 | span=1 | train_loss=2.7193 | lr=0.000199894 | cpu_batch_ms=1.0 | provider_batch_ms=292.6 | prefetch_q=96 | elapsed=85996.2s
progress | opt_step=21875/172211 | micro_step=175000/1377681 | stage=stage2 | span=1 | train_loss=3.0892 | lr=0.000199892 | cpu_batch_ms=1.0 | provider_batch_ms=308.7 | prefetch_q=98 | elapsed=86087.3s
progress | opt_step=21900/172211 | micro_step=175200/1377681 | stage=stage2 | span=1 | train_loss=2.3297 | lr=0.000199889 | cpu_batch_ms=1.0 | provider_batch_ms=318.2 | prefetch_q=100 | elapsed=86179.7s
progress | opt_step=21925/172211 | micro_step=175400/1377681 | stage=stage2 | span=1 | train_loss=2.9997 | lr=0.000199886 | cpu_batch_ms=1.0 | provider_batch_ms=237.5 | prefetch_q=100 | elapsed=86291.8s
progress | opt_step=21950/172211 | micro_step=175600/1377681 | stage=stage2 | span=1 | train_loss=3.1179 | lr=0.000199883 | cpu_batch_ms=1.0 | provider_batch_ms=286.3 | prefetch_q=100 | elapsed=86384.1s
progress | opt_step=21975/172211 | micro_step=175800/1377681 | stage=stage2 | span=1 | train_loss=2.9439 | lr=0.00019988 | cpu_batch_ms=1.0 | provider_batch_ms=302.3 | prefetch_q=100 | elapsed=86476.2s
progress | opt_step=22000/172211 | micro_step=176000/1377681 | stage=stage2 | span=1 | train_loss=3.0224 | lr=0.000199877 | cpu_batch_ms=1.0 | provider_batch_ms=316.5 | prefetch_q=98 | elapsed=86568.0s
eval | opt_step=22000 | micro_step=176000 | train_loss=3.0224 | val_loss=3.1365 | val_ppl=23.02
progress | opt_step=22025/172211 | micro_step=176200/1377681 | stage=stage2 | span=1 | train_loss=2.8300 | lr=0.000199874 | cpu_batch_ms=1.0 | provider_batch_ms=238.0 | prefetch_q=97 | elapsed=86680.8s
progress | opt_step=22050/172211 | micro_step=176400/1377681 | stage=stage2 | span=1 | train_loss=2.8009 | lr=0.00019987 | cpu_batch_ms=1.0 | provider_batch_ms=293.4 | prefetch_q=100 | elapsed=86773.6s
progress | opt_step=22075/172211 | micro_step=176600/1377681 | stage=stage2 | span=1 | train_loss=3.2158 | lr=0.000199867 | cpu_batch_ms=1.0 | provider_batch_ms=318.1 | prefetch_q=99 | elapsed=86865.1s
progress | opt_step=22100/172211 | micro_step=176800/1377681 | stage=stage2 | span=1 | train_loss=3.1642 | lr=0.000199864 | cpu_batch_ms=1.0 | provider_batch_ms=334.2 | prefetch_q=99 | elapsed=86958.3s
progress | opt_step=22125/172211 | micro_step=177000/1377681 | stage=stage2 | span=1 | train_loss=3.0197 | lr=0.000199861 | cpu_batch_ms=1.0 | provider_batch_ms=226.9 | prefetch_q=99 | elapsed=87069.8s
progress | opt_step=22150/172211 | micro_step=177200/1377681 | stage=stage2 | span=1 | train_loss=3.1033 | lr=0.000199857 | cpu_batch_ms=1.0 | provider_batch_ms=260.5 | prefetch_q=100 | elapsed=87161.9s
progress | opt_step=22175/172211 | micro_step=177400/1377681 | stage=stage2 | span=1 | train_loss=2.6823 | lr=0.000199854 | cpu_batch_ms=1.0 | provider_batch_ms=290.4 | prefetch_q=99 | elapsed=87253.9s
progress | opt_step=22200/172211 | micro_step=177600/1377681 | stage=stage2 | span=1 | train_loss=3.1043 | lr=0.000199851 | cpu_batch_ms=1.0 | provider_batch_ms=307.6 | prefetch_q=99 | elapsed=87346.9s
eval | opt_step=22200 | micro_step=177600 | train_loss=3.1043 | val_loss=3.1271 | val_ppl=22.81
progress | opt_step=22225/172211 | micro_step=177800/1377681 | stage=stage2 | span=1 | train_loss=2.9270 | lr=0.000199847 | cpu_batch_ms=1.0 | provider_batch_ms=228.0 | prefetch_q=99 | elapsed=87480.0s
progress | opt_step=22250/172211 | micro_step=178000/1377681 | stage=stage2 | span=1 | train_loss=3.0297 | lr=0.000199844 | cpu_batch_ms=1.0 | provider_batch_ms=274.4 | prefetch_q=100 | elapsed=87571.7s
progress | opt_step=22275/172211 | micro_step=178200/1377681 | stage=stage2 | span=1 | train_loss=3.0079 | lr=0.00019984 | cpu_batch_ms=1.0 | provider_batch_ms=298.5 | prefetch_q=100 | elapsed=87663.1s
progress | opt_step=22300/172211 | micro_step=178400/1377681 | stage=stage2 | span=1 | train_loss=3.0146 | lr=0.000199837 | cpu_batch_ms=1.0 | provider_batch_ms=309.5 | prefetch_q=100 | elapsed=87754.9s
progress | opt_step=22325/172211 | micro_step=178600/1377681 | stage=stage2 | span=1 | train_loss=2.9362 | lr=0.000199833 | cpu_batch_ms=1.0 | provider_batch_ms=244.7 | prefetch_q=99 | elapsed=87866.8s
progress | opt_step=22350/172211 | micro_step=178800/1377681 | stage=stage2 | span=1 | train_loss=2.7130 | lr=0.00019983 | cpu_batch_ms=1.0 | provider_batch_ms=286.8 | prefetch_q=99 | elapsed=87959.4s
progress | opt_step=22375/172211 | micro_step=179000/1377681 | stage=stage2 | span=1 | train_loss=2.8892 | lr=0.000199826 | cpu_batch_ms=1.0 | provider_batch_ms=306.2 | prefetch_q=99 | elapsed=88051.2s
progress | opt_step=22400/172211 | micro_step=179200/1377681 | stage=stage2 | span=1 | train_loss=2.9592 | lr=0.000199822 | cpu_batch_ms=1.0 | provider_batch_ms=323.6 | prefetch_q=100 | elapsed=88143.7s
eval | opt_step=22400 | micro_step=179200 | train_loss=2.9592 | val_loss=3.1289 | val_ppl=22.85
progress | opt_step=22425/172211 | micro_step=179400/1377681 | stage=stage2 | span=1 | train_loss=3.2761 | lr=0.000199819 | cpu_batch_ms=1.0 | provider_batch_ms=241.0 | prefetch_q=100 | elapsed=88258.4s
progress | opt_step=22450/172211 | micro_step=179600/1377681 | stage=stage2 | span=1 | train_loss=3.0632 | lr=0.000199815 | cpu_batch_ms=1.0 | provider_batch_ms=282.3 | prefetch_q=100 | elapsed=88350.4s
progress | opt_step=22475/172211 | micro_step=179800/1377681 | stage=stage2 | span=1 | train_loss=3.0895 | lr=0.000199811 | cpu_batch_ms=1.0 | provider_batch_ms=305.2 | prefetch_q=100 | elapsed=88442.7s
progress | opt_step=22500/172211 | micro_step=180000/1377681 | stage=stage2 | span=1 | train_loss=3.0474 | lr=0.000199807 | cpu_batch_ms=1.0 | provider_batch_ms=320.4 | prefetch_q=100 | elapsed=88534.9s
progress | opt_step=22525/172211 | micro_step=180200/1377681 | stage=stage2 | span=1 | train_loss=3.0211 | lr=0.000199803 | cpu_batch_ms=1.0 | provider_batch_ms=241.3 | prefetch_q=100 | elapsed=88647.7s
progress | opt_step=22550/172211 | micro_step=180400/1377681 | stage=stage2 | span=1 | train_loss=2.7112 | lr=0.0001998 | cpu_batch_ms=1.0 | provider_batch_ms=297.3 | prefetch_q=99 | elapsed=88740.2s
progress | opt_step=22575/172211 | micro_step=180600/1377681 | stage=stage2 | span=1 | train_loss=2.9554 | lr=0.000199796 | cpu_batch_ms=1.0 | provider_batch_ms=323.1 | prefetch_q=96 | elapsed=88832.6s
progress | opt_step=22600/172211 | micro_step=180800/1377681 | stage=stage2 | span=1 | train_loss=2.9010 | lr=0.000199792 | cpu_batch_ms=1.0 | provider_batch_ms=334.1 | prefetch_q=97 | elapsed=88924.8s
eval | opt_step=22600 | micro_step=180800 | train_loss=2.9010 | val_loss=3.1205 | val_ppl=22.66
progress | opt_step=22625/172211 | micro_step=181000/1377681 | stage=stage2 | span=1 | train_loss=2.8817 | lr=0.000199788 | cpu_batch_ms=1.0 | provider_batch_ms=237.9 | prefetch_q=99 | elapsed=89062.5s
progress | opt_step=22650/172211 | micro_step=181200/1377681 | stage=stage2 | span=1 | train_loss=2.8712 | lr=0.000199783 | cpu_batch_ms=1.0 | provider_batch_ms=298.8 | prefetch_q=98 | elapsed=89155.5s
progress | opt_step=22675/172211 | micro_step=181400/1377681 | stage=stage2 | span=1 | train_loss=2.9122 | lr=0.000199779 | cpu_batch_ms=1.0 | provider_batch_ms=316.7 | prefetch_q=100 | elapsed=89247.6s
progress | opt_step=22700/172211 | micro_step=181600/1377681 | stage=stage2 | span=1 | train_loss=2.7675 | lr=0.000199775 | cpu_batch_ms=1.0 | provider_batch_ms=319.7 | prefetch_q=97 | elapsed=89339.7s
progress | opt_step=22725/172211 | micro_step=181800/1377681 | stage=stage2 | span=1 | train_loss=3.1516 | lr=0.000199771 | cpu_batch_ms=1.0 | provider_batch_ms=246.4 | prefetch_q=100 | elapsed=89452.1s
progress | opt_step=22750/172211 | micro_step=182000/1377681 | stage=stage2 | span=1 | train_loss=3.1597 | lr=0.000199767 | cpu_batch_ms=1.0 | provider_batch_ms=287.8 | prefetch_q=99 | elapsed=89543.7s
progress | opt_step=22775/172211 | micro_step=182200/1377681 | stage=stage2 | span=1 | train_loss=3.0803 | lr=0.000199763 | cpu_batch_ms=1.0 | provider_batch_ms=323.2 | prefetch_q=87 | elapsed=89635.7s
progress | opt_step=22800/172211 | micro_step=182400/1377681 | stage=stage2 | span=1 | train_loss=3.2228 | lr=0.000199758 | cpu_batch_ms=1.0 | provider_batch_ms=328.0 | prefetch_q=100 | elapsed=89728.1s
eval | opt_step=22800 | micro_step=182400 | train_loss=3.2228 | val_loss=3.1069 | val_ppl=22.35
progress | opt_step=22825/172211 | micro_step=182600/1377681 | stage=stage2 | span=1 | train_loss=3.2349 | lr=0.000199754 | cpu_batch_ms=1.0 | provider_batch_ms=238.5 | prefetch_q=98 | elapsed=89862.8s
progress | opt_step=22850/172211 | micro_step=182800/1377681 | stage=stage2 | span=1 | train_loss=2.5012 | lr=0.00019975 | cpu_batch_ms=1.0 | provider_batch_ms=277.4 | prefetch_q=100 | elapsed=89954.9s
progress | opt_step=22875/172211 | micro_step=183000/1377681 | stage=stage2 | span=1 | train_loss=3.0720 | lr=0.000199745 | cpu_batch_ms=1.0 | provider_batch_ms=296.6 | prefetch_q=99 | elapsed=90046.5s
progress | opt_step=22900/172211 | micro_step=183200/1377681 | stage=stage2 | span=1 | train_loss=1.9729 | lr=0.000199741 | cpu_batch_ms=1.0 | provider_batch_ms=307.5 | prefetch_q=97 | elapsed=90138.6s
progress | opt_step=22925/172211 | micro_step=183400/1377681 | stage=stage2 | span=1 | train_loss=3.1435 | lr=0.000199736 | cpu_batch_ms=1.0 | provider_batch_ms=256.2 | prefetch_q=98 | elapsed=90252.3s
progress | opt_step=22950/172211 | micro_step=183600/1377681 | stage=stage2 | span=1 | train_loss=2.9931 | lr=0.000199732 | cpu_batch_ms=1.0 | provider_batch_ms=308.3 | prefetch_q=100 | elapsed=90345.2s
progress | opt_step=22975/172211 | micro_step=183800/1377681 | stage=stage2 | span=1 | train_loss=2.8325 | lr=0.000199727 | cpu_batch_ms=1.0 | provider_batch_ms=327.4 | prefetch_q=100 | elapsed=90436.9s
progress | opt_step=23000/172211 | micro_step=184000/1377681 | stage=stage2 | span=1 | train_loss=3.2052 | lr=0.000199723 | cpu_batch_ms=1.0 | provider_batch_ms=343.6 | prefetch_q=85 | elapsed=90528.6s
eval | opt_step=23000 | micro_step=184000 | train_loss=3.2052 | val_loss=3.1235 | val_ppl=22.73
progress | opt_step=23025/172211 | micro_step=184200/1377681 | stage=stage2 | span=1 | train_loss=3.1127 | lr=0.000199718 | cpu_batch_ms=1.0 | provider_batch_ms=228.4 | prefetch_q=97 | elapsed=90646.8s
progress | opt_step=23050/172211 | micro_step=184400/1377681 | stage=stage2 | span=1 | train_loss=2.8944 | lr=0.000199713 | cpu_batch_ms=1.0 | provider_batch_ms=275.1 | prefetch_q=100 | elapsed=90738.9s
progress | opt_step=23075/172211 | micro_step=184600/1377681 | stage=stage2 | span=1 | train_loss=3.4151 | lr=0.000199709 | cpu_batch_ms=1.0 | provider_batch_ms=298.3 | prefetch_q=100 | elapsed=90831.5s
progress | opt_step=23100/172211 | micro_step=184800/1377681 | stage=stage2 | span=1 | train_loss=3.1939 | lr=0.000199704 | cpu_batch_ms=1.0 | provider_batch_ms=313.3 | prefetch_q=99 | elapsed=90923.6s
progress | opt_step=23125/172211 | micro_step=185000/1377681 | stage=stage2 | span=1 | train_loss=3.2633 | lr=0.000199699 | cpu_batch_ms=1.0 | provider_batch_ms=250.4 | prefetch_q=100 | elapsed=91036.7s
progress | opt_step=23150/172211 | micro_step=185200/1377681 | stage=stage2 | span=1 | train_loss=3.1104 | lr=0.000199694 | cpu_batch_ms=1.0 | provider_batch_ms=287.6 | prefetch_q=100 | elapsed=91129.3s
progress | opt_step=23175/172211 | micro_step=185400/1377681 | stage=stage2 | span=1 | train_loss=2.9407 | lr=0.000199689 | cpu_batch_ms=1.0 | provider_batch_ms=312.6 | prefetch_q=93 | elapsed=91221.3s
progress | opt_step=23200/172211 | micro_step=185600/1377681 | stage=stage2 | span=1 | train_loss=2.3156 | lr=0.000199684 | cpu_batch_ms=1.0 | provider_batch_ms=302.2 | prefetch_q=100 | elapsed=91312.6s
eval | opt_step=23200 | micro_step=185600 | train_loss=2.3156 | val_loss=3.1208 | val_ppl=22.66
progress | opt_step=23225/172211 | micro_step=185800/1377681 | stage=stage2 | span=1 | train_loss=2.6274 | lr=0.000199679 | cpu_batch_ms=1.0 | provider_batch_ms=220.9 | prefetch_q=100 | elapsed=91428.7s
progress | opt_step=23250/172211 | micro_step=186000/1377681 | stage=stage2 | span=1 | train_loss=2.9654 | lr=0.000199674 | cpu_batch_ms=1.0 | provider_batch_ms=284.5 | prefetch_q=100 | elapsed=91521.2s
progress | opt_step=23275/172211 | micro_step=186200/1377681 | stage=stage2 | span=1 | train_loss=3.1881 | lr=0.000199669 | cpu_batch_ms=1.0 | provider_batch_ms=306.6 | prefetch_q=100 | elapsed=91613.2s
progress | opt_step=23300/172211 | micro_step=186400/1377681 | stage=stage2 | span=1 | train_loss=2.6584 | lr=0.000199664 | cpu_batch_ms=1.0 | provider_batch_ms=316.9 | prefetch_q=99 | elapsed=91705.0s
progress | opt_step=23325/172211 | micro_step=186600/1377681 | stage=stage2 | span=1 | train_loss=2.8944 | lr=0.000199659 | cpu_batch_ms=1.0 | provider_batch_ms=224.5 | prefetch_q=100 | elapsed=91818.4s
progress | opt_step=23350/172211 | micro_step=186800/1377681 | stage=stage2 | span=1 | train_loss=2.8771 | lr=0.000199654 | cpu_batch_ms=1.0 | provider_batch_ms=283.6 | prefetch_q=98 | elapsed=91910.6s
progress | opt_step=23375/172211 | micro_step=187000/1377681 | stage=stage2 | span=1 | train_loss=2.3938 | lr=0.000199649 | cpu_batch_ms=1.0 | provider_batch_ms=292.2 | prefetch_q=97 | elapsed=92002.3s
progress | opt_step=23400/172211 | micro_step=187200/1377681 | stage=stage2 | span=1 | train_loss=2.8645 | lr=0.000199644 | cpu_batch_ms=1.0 | provider_batch_ms=298.5 | prefetch_q=100 | elapsed=92093.5s
eval | opt_step=23400 | micro_step=187200 | train_loss=2.8645 | val_loss=3.1137 | val_ppl=22.50
progress | opt_step=23425/172211 | micro_step=187400/1377681 | stage=stage2 | span=1 | train_loss=3.0153 | lr=0.000199638 | cpu_batch_ms=1.0 | provider_batch_ms=264.1 | prefetch_q=98 | elapsed=92213.0s
progress | opt_step=23450/172211 | micro_step=187600/1377681 | stage=stage2 | span=1 | train_loss=2.8943 | lr=0.000199633 | cpu_batch_ms=1.0 | provider_batch_ms=303.3 | prefetch_q=98 | elapsed=92305.1s
progress | opt_step=23475/172211 | micro_step=187800/1377681 | stage=stage2 | span=1 | train_loss=3.0943 | lr=0.000199628 | cpu_batch_ms=1.0 | provider_batch_ms=327.3 | prefetch_q=99 | elapsed=92397.9s
progress | opt_step=23500/172211 | micro_step=188000/1377681 | stage=stage2 | span=1 | train_loss=3.1851 | lr=0.000199622 | cpu_batch_ms=1.0 | provider_batch_ms=338.8 | prefetch_q=95 | elapsed=92490.3s
progress | opt_step=23525/172211 | micro_step=188200/1377681 | stage=stage2 | span=1 | train_loss=2.1828 | lr=0.000199617 | cpu_batch_ms=1.0 | provider_batch_ms=247.4 | prefetch_q=98 | elapsed=92606.6s
progress | opt_step=23550/172211 | micro_step=188400/1377681 | stage=stage2 | span=1 | train_loss=3.2193 | lr=0.000199612 | cpu_batch_ms=1.0 | provider_batch_ms=292.6 | prefetch_q=99 | elapsed=92698.7s
progress | opt_step=23575/172211 | micro_step=188600/1377681 | stage=stage2 | span=1 | train_loss=3.2664 | lr=0.000199606 | cpu_batch_ms=1.0 | provider_batch_ms=313.1 | prefetch_q=100 | elapsed=92790.5s
progress | opt_step=23600/172211 | micro_step=188800/1377681 | stage=stage2 | span=1 | train_loss=2.8963 | lr=0.000199601 | cpu_batch_ms=1.0 | provider_batch_ms=326.0 | prefetch_q=96 | elapsed=92882.7s
eval | opt_step=23600 | micro_step=188800 | train_loss=2.8963 | val_loss=3.1196 | val_ppl=22.64
progress | opt_step=23625/172211 | micro_step=189000/1377681 | stage=stage2 | span=1 | train_loss=3.3195 | lr=0.000199595 | cpu_batch_ms=1.0 | provider_batch_ms=232.5 | prefetch_q=96 | elapsed=92998.5s
progress | opt_step=23650/172211 | micro_step=189200/1377681 | stage=stage2 | span=1 | train_loss=3.1016 | lr=0.000199589 | cpu_batch_ms=1.0 | provider_batch_ms=278.1 | prefetch_q=100 | elapsed=93090.7s
progress | opt_step=23675/172211 | micro_step=189400/1377681 | stage=stage2 | span=1 | train_loss=3.1709 | lr=0.000199584 | cpu_batch_ms=1.0 | provider_batch_ms=307.8 | prefetch_q=99 | elapsed=93182.6s
progress | opt_step=23700/172211 | micro_step=189600/1377681 | stage=stage2 | span=1 | train_loss=2.9241 | lr=0.000199578 | cpu_batch_ms=1.0 | provider_batch_ms=319.3 | prefetch_q=100 | elapsed=93274.4s
progress | opt_step=23725/172211 | micro_step=189800/1377681 | stage=stage2 | span=1 | train_loss=2.9571 | lr=0.000199572 | cpu_batch_ms=1.0 | provider_batch_ms=262.9 | prefetch_q=100 | elapsed=93386.8s
progress | opt_step=23750/172211 | micro_step=190000/1377681 | stage=stage2 | span=1 | train_loss=3.0197 | lr=0.000199567 | cpu_batch_ms=1.0 | provider_batch_ms=314.6 | prefetch_q=97 | elapsed=93479.4s
progress | opt_step=23775/172211 | micro_step=190200/1377681 | stage=stage2 | span=1 | train_loss=2.8664 | lr=0.000199561 | cpu_batch_ms=1.0 | provider_batch_ms=328.4 | prefetch_q=95 | elapsed=93571.3s
progress | opt_step=23800/172211 | micro_step=190400/1377681 | stage=stage2 | span=1 | train_loss=3.3393 | lr=0.000199555 | cpu_batch_ms=1.0 | provider_batch_ms=337.6 | prefetch_q=99 | elapsed=93663.6s
eval | opt_step=23800 | micro_step=190400 | train_loss=3.3393 | val_loss=3.1169 | val_ppl=22.58
progress | opt_step=23825/172211 | micro_step=190600/1377681 | stage=stage2 | span=1 | train_loss=3.2049 | lr=0.000199549 | cpu_batch_ms=1.0 | provider_batch_ms=219.5 | prefetch_q=100 | elapsed=93780.3s
progress | opt_step=23850/172211 | micro_step=190800/1377681 | stage=stage2 | span=1 | train_loss=2.6743 | lr=0.000199543 | cpu_batch_ms=1.0 | provider_batch_ms=271.2 | prefetch_q=98 | elapsed=93872.4s
progress | opt_step=23875/172211 | micro_step=191000/1377681 | stage=stage2 | span=1 | train_loss=2.8009 | lr=0.000199537 | cpu_batch_ms=1.0 | provider_batch_ms=295.4 | prefetch_q=99 | elapsed=93964.5s
progress | opt_step=23900/172211 | micro_step=191200/1377681 | stage=stage2 | span=1 | train_loss=2.6298 | lr=0.000199531 | cpu_batch_ms=1.0 | provider_batch_ms=303.5 | prefetch_q=100 | elapsed=94056.2s
progress | opt_step=23925/172211 | micro_step=191400/1377681 | stage=stage2 | span=1 | train_loss=2.8178 | lr=0.000199525 | cpu_batch_ms=1.0 | provider_batch_ms=208.5 | prefetch_q=99 | elapsed=94168.2s
progress | opt_step=23950/172211 | micro_step=191600/1377681 | stage=stage2 | span=1 | train_loss=2.9396 | lr=0.000199519 | cpu_batch_ms=1.0 | provider_batch_ms=270.1 | prefetch_q=100 | elapsed=94261.0s
progress | opt_step=23975/172211 | micro_step=191800/1377681 | stage=stage2 | span=1 | train_loss=2.6981 | lr=0.000199513 | cpu_batch_ms=1.0 | provider_batch_ms=296.5 | prefetch_q=99 | elapsed=94353.2s
progress | opt_step=24000/172211 | micro_step=192000/1377681 | stage=stage2 | span=1 | train_loss=3.0056 | lr=0.000199507 | cpu_batch_ms=1.0 | provider_batch_ms=315.8 | prefetch_q=100 | elapsed=94445.7s
eval | opt_step=24000 | micro_step=192000 | train_loss=3.0056 | val_loss=3.0988 | val_ppl=22.17
progress | opt_step=24025/172211 | micro_step=192200/1377681 | stage=stage2 | span=1 | train_loss=2.9843 | lr=0.000199501 | cpu_batch_ms=1.0 | provider_batch_ms=245.5 | prefetch_q=99 | elapsed=94583.1s
progress | opt_step=24050/172211 | micro_step=192400/1377681 | stage=stage2 | span=1 | train_loss=2.5156 | lr=0.000199495 | cpu_batch_ms=1.0 | provider_batch_ms=288.8 | prefetch_q=98 | elapsed=94675.6s
progress | opt_step=24075/172211 | micro_step=192600/1377681 | stage=stage2 | span=1 | train_loss=2.9240 | lr=0.000199488 | cpu_batch_ms=1.0 | provider_batch_ms=316.6 | prefetch_q=98 | elapsed=94769.0s
progress | opt_step=24100/172211 | micro_step=192800/1377681 | stage=stage2 | span=1 | train_loss=3.0534 | lr=0.000199482 | cpu_batch_ms=1.0 | provider_batch_ms=319.9 | prefetch_q=100 | elapsed=94860.9s
progress | opt_step=24125/172211 | micro_step=193000/1377681 | stage=stage2 | span=1 | train_loss=2.9075 | lr=0.000199476 | cpu_batch_ms=1.0 | provider_batch_ms=252.8 | prefetch_q=100 | elapsed=94974.2s
progress | opt_step=24150/172211 | micro_step=193200/1377681 | stage=stage2 | span=1 | train_loss=2.8952 | lr=0.000199469 | cpu_batch_ms=1.0 | provider_batch_ms=293.7 | prefetch_q=100 | elapsed=95066.5s
progress | opt_step=24175/172211 | micro_step=193400/1377681 | stage=stage2 | span=1 | train_loss=2.9696 | lr=0.000199463 | cpu_batch_ms=1.0 | provider_batch_ms=311.3 | prefetch_q=99 | elapsed=95158.1s
progress | opt_step=24200/172211 | micro_step=193600/1377681 | stage=stage2 | span=1 | train_loss=2.8685 | lr=0.000199456 | cpu_batch_ms=1.0 | provider_batch_ms=329.5 | prefetch_q=97 | elapsed=95250.3s
eval | opt_step=24200 | micro_step=193600 | train_loss=2.8685 | val_loss=3.1138 | val_ppl=22.51
progress | opt_step=24225/172211 | micro_step=193800/1377681 | stage=stage2 | span=1 | train_loss=3.0046 | lr=0.00019945 | cpu_batch_ms=1.0 | provider_batch_ms=248.0 | prefetch_q=100 | elapsed=95366.0s
progress | opt_step=24250/172211 | micro_step=194000/1377681 | stage=stage2 | span=1 | train_loss=2.9590 | lr=0.000199443 | cpu_batch_ms=1.0 | provider_batch_ms=290.4 | prefetch_q=94 | elapsed=95458.3s
progress | opt_step=24275/172211 | micro_step=194200/1377681 | stage=stage2 | span=1 | train_loss=2.7415 | lr=0.000199437 | cpu_batch_ms=1.0 | provider_batch_ms=310.0 | prefetch_q=99 | elapsed=95550.5s
progress | opt_step=24300/172211 | micro_step=194400/1377681 | stage=stage2 | span=1 | train_loss=2.7197 | lr=0.00019943 | cpu_batch_ms=1.0 | provider_batch_ms=309.8 | prefetch_q=100 | elapsed=95641.9s
progress | opt_step=24325/172211 | micro_step=194600/1377681 | stage=stage2 | span=1 | train_loss=3.2747 | lr=0.000199424 | cpu_batch_ms=1.0 | provider_batch_ms=242.9 | prefetch_q=100 | elapsed=95755.4s
progress | opt_step=24350/172211 | micro_step=194800/1377681 | stage=stage2 | span=1 | train_loss=2.5481 | lr=0.000199417 | cpu_batch_ms=1.0 | provider_batch_ms=296.8 | prefetch_q=98 | elapsed=95848.0s
progress | opt_step=24375/172211 | micro_step=195000/1377681 | stage=stage2 | span=1 | train_loss=2.3096 | lr=0.00019941 | cpu_batch_ms=1.0 | provider_batch_ms=323.1 | prefetch_q=100 | elapsed=95940.4s
progress | opt_step=24400/172211 | micro_step=195200/1377681 | stage=stage2 | span=1 | train_loss=2.8110 | lr=0.000199404 | cpu_batch_ms=1.0 | provider_batch_ms=331.2 | prefetch_q=100 | elapsed=96032.4s
eval | opt_step=24400 | micro_step=195200 | train_loss=2.8110 | val_loss=3.1164 | val_ppl=22.56
progress | opt_step=24425/172211 | micro_step=195400/1377681 | stage=stage2 | span=1 | train_loss=2.7371 | lr=0.000199397 | cpu_batch_ms=1.0 | provider_batch_ms=254.5 | prefetch_q=100 | elapsed=96150.8s
progress | opt_step=24450/172211 | micro_step=195600/1377681 | stage=stage2 | span=1 | train_loss=2.8217 | lr=0.00019939 | cpu_batch_ms=1.0 | provider_batch_ms=292.7 | prefetch_q=98 | elapsed=96242.6s
progress | opt_step=24475/172211 | micro_step=195800/1377681 | stage=stage2 | span=1 | train_loss=3.1153 | lr=0.000199383 | cpu_batch_ms=1.0 | provider_batch_ms=310.0 | prefetch_q=95 | elapsed=96334.8s
progress | opt_step=24500/172211 | micro_step=196000/1377681 | stage=stage2 | span=1 | train_loss=3.1087 | lr=0.000199376 | cpu_batch_ms=1.0 | provider_batch_ms=328.8 | prefetch_q=100 | elapsed=96427.0s
progress | opt_step=24525/172211 | micro_step=196200/1377681 | stage=stage2 | span=1 | train_loss=2.9179 | lr=0.000199369 | cpu_batch_ms=1.0 | provider_batch_ms=230.2 | prefetch_q=100 | elapsed=96540.4s
progress | opt_step=24550/172211 | micro_step=196400/1377681 | stage=stage2 | span=1 | train_loss=3.1199 | lr=0.000199362 | cpu_batch_ms=1.0 | provider_batch_ms=302.6 | prefetch_q=100 | elapsed=96633.4s
progress | opt_step=24575/172211 | micro_step=196600/1377681 | stage=stage2 | span=1 | train_loss=2.4632 | lr=0.000199355 | cpu_batch_ms=1.0 | provider_batch_ms=320.3 | prefetch_q=100 | elapsed=96726.3s
progress | opt_step=24600/172211 | micro_step=196800/1377681 | stage=stage2 | span=1 | train_loss=3.0427 | lr=0.000199348 | cpu_batch_ms=1.0 | provider_batch_ms=325.5 | prefetch_q=100 | elapsed=96818.7s
eval | opt_step=24600 | micro_step=196800 | train_loss=3.0427 | val_loss=3.1195 | val_ppl=22.64
progress | opt_step=24625/172211 | micro_step=197000/1377681 | stage=stage2 | span=1 | train_loss=2.7593 | lr=0.000199341 | cpu_batch_ms=1.0 | provider_batch_ms=233.4 | prefetch_q=98 | elapsed=96934.9s
progress | opt_step=24650/172211 | micro_step=197200/1377681 | stage=stage2 | span=1 | train_loss=3.1894 | lr=0.000199334 | cpu_batch_ms=1.0 | provider_batch_ms=284.7 | prefetch_q=98 | elapsed=97027.4s
progress | opt_step=24675/172211 | micro_step=197400/1377681 | stage=stage2 | span=1 | train_loss=3.0472 | lr=0.000199327 | cpu_batch_ms=1.0 | provider_batch_ms=296.8 | prefetch_q=94 | elapsed=97119.3s
progress | opt_step=24700/172211 | micro_step=197600/1377681 | stage=stage2 | span=1 | train_loss=3.1119 | lr=0.00019932 | cpu_batch_ms=1.0 | provider_batch_ms=308.4 | prefetch_q=96 | elapsed=97211.3s
progress | opt_step=24725/172211 | micro_step=197800/1377681 | stage=stage2 | span=1 | train_loss=2.9443 | lr=0.000199312 | cpu_batch_ms=1.0 | provider_batch_ms=248.4 | prefetch_q=98 | elapsed=97324.9s
progress | opt_step=24750/172211 | micro_step=198000/1377681 | stage=stage2 | span=1 | train_loss=2.7230 | lr=0.000199305 | cpu_batch_ms=1.0 | provider_batch_ms=277.0 | prefetch_q=100 | elapsed=97417.2s
progress | opt_step=24775/172211 | micro_step=198200/1377681 | stage=stage2 | span=1 | train_loss=2.8015 | lr=0.000199298 | cpu_batch_ms=1.0 | provider_batch_ms=295.7 | prefetch_q=100 | elapsed=97509.1s
progress | opt_step=24800/172211 | micro_step=198400/1377681 | stage=stage2 | span=1 | train_loss=2.7631 | lr=0.00019929 | cpu_batch_ms=1.0 | provider_batch_ms=308.3 | prefetch_q=99 | elapsed=97600.9s
eval | opt_step=24800 | micro_step=198400 | train_loss=2.7631 | val_loss=3.1123 | val_ppl=22.47
progress | opt_step=24825/172211 | micro_step=198600/1377681 | stage=stage2 | span=1 | train_loss=2.9719 | lr=0.000199283 | cpu_batch_ms=1.0 | provider_batch_ms=245.2 | prefetch_q=97 | elapsed=97718.5s
progress | opt_step=24850/172211 | micro_step=198800/1377681 | stage=stage2 | span=1 | train_loss=2.5962 | lr=0.000199275 | cpu_batch_ms=1.0 | provider_batch_ms=288.2 | prefetch_q=100 | elapsed=97810.5s
progress | opt_step=24875/172211 | micro_step=199000/1377681 | stage=stage2 | span=1 | train_loss=2.6295 | lr=0.000199268 | cpu_batch_ms=1.0 | provider_batch_ms=315.2 | prefetch_q=93 | elapsed=97903.3s
progress | opt_step=24900/172211 | micro_step=199200/1377681 | stage=stage2 | span=1 | train_loss=2.9349 | lr=0.00019926 | cpu_batch_ms=1.0 | provider_batch_ms=324.4 | prefetch_q=100 | elapsed=97996.0s
progress | opt_step=24925/172211 | micro_step=199400/1377681 | stage=stage2 | span=1 | train_loss=2.5728 | lr=0.000199253 | cpu_batch_ms=1.0 | provider_batch_ms=219.5 | prefetch_q=99 | elapsed=98109.5s
progress | opt_step=24950/172211 | micro_step=199600/1377681 | stage=stage2 | span=1 | train_loss=3.0269 | lr=0.000199245 | cpu_batch_ms=1.0 | provider_batch_ms=268.6 | prefetch_q=100 | elapsed=98201.3s
progress | opt_step=24975/172211 | micro_step=199800/1377681 | stage=stage2 | span=1 | train_loss=3.1550 | lr=0.000199238 | cpu_batch_ms=1.0 | provider_batch_ms=290.6 | prefetch_q=96 | elapsed=98293.4s
progress | opt_step=25000/172211 | micro_step=200000/1377681 | stage=stage2 | span=1 | train_loss=3.0118 | lr=0.00019923 | cpu_batch_ms=1.0 | provider_batch_ms=308.0 | prefetch_q=100 | elapsed=98385.9s
eval | opt_step=25000 | micro_step=200000 | train_loss=3.0118 | val_loss=3.0991 | val_ppl=22.18
progress | opt_step=25025/172211 | micro_step=200200/1377681 | stage=stage2 | span=1 | train_loss=2.7639 | lr=0.000199222 | cpu_batch_ms=1.0 | provider_batch_ms=253.7 | prefetch_q=100 | elapsed=98500.7s
progress | opt_step=25050/172211 | micro_step=200400/1377681 | stage=stage2 | span=1 | train_loss=3.1795 | lr=0.000199215 | cpu_batch_ms=1.0 | provider_batch_ms=292.4 | prefetch_q=96 | elapsed=98592.6s
progress | opt_step=25075/172211 | micro_step=200600/1377681 | stage=stage2 | span=1 | train_loss=2.6013 | lr=0.000199207 | cpu_batch_ms=1.0 | provider_batch_ms=302.3 | prefetch_q=100 | elapsed=98684.1s
progress | opt_step=25100/172211 | micro_step=200800/1377681 | stage=stage2 | span=1 | train_loss=3.2412 | lr=0.000199199 | cpu_batch_ms=1.0 | provider_batch_ms=317.6 | prefetch_q=98 | elapsed=98776.6s
progress | opt_step=25125/172211 | micro_step=201000/1377681 | stage=stage2 | span=1 | train_loss=2.7999 | lr=0.000199191 | cpu_batch_ms=1.0 | provider_batch_ms=232.0 | prefetch_q=100 | elapsed=98889.7s
progress | opt_step=25150/172211 | micro_step=201200/1377681 | stage=stage2 | span=1 | train_loss=2.9118 | lr=0.000199183 | cpu_batch_ms=1.0 | provider_batch_ms=284.7 | prefetch_q=100 | elapsed=98982.2s
progress | opt_step=25175/172211 | micro_step=201400/1377681 | stage=stage2 | span=1 | train_loss=2.9588 | lr=0.000199175 | cpu_batch_ms=1.0 | provider_batch_ms=304.5 | prefetch_q=100 | elapsed=99074.3s
progress | opt_step=25200/172211 | micro_step=201600/1377681 | stage=stage2 | span=1 | train_loss=3.2013 | lr=0.000199167 | cpu_batch_ms=1.0 | provider_batch_ms=312.3 | prefetch_q=99 | elapsed=99166.2s
eval | opt_step=25200 | micro_step=201600 | train_loss=3.2013 | val_loss=3.0972 | val_ppl=22.14
progress | opt_step=25225/172211 | micro_step=201800/1377681 | stage=stage2 | span=1 | train_loss=3.0417 | lr=0.000199159 | cpu_batch_ms=1.0 | provider_batch_ms=224.2 | prefetch_q=100 | elapsed=99302.4s
progress | opt_step=25250/172211 | micro_step=202000/1377681 | stage=stage2 | span=1 | train_loss=3.0425 | lr=0.000199151 | cpu_batch_ms=1.0 | provider_batch_ms=286.4 | prefetch_q=90 | elapsed=99394.2s
progress | opt_step=25275/172211 | micro_step=202200/1377681 | stage=stage2 | span=1 | train_loss=2.5007 | lr=0.000199143 | cpu_batch_ms=1.0 | provider_batch_ms=308.3 | prefetch_q=97 | elapsed=99486.6s
progress | opt_step=25300/172211 | micro_step=202400/1377681 | stage=stage2 | span=1 | train_loss=2.9712 | lr=0.000199135 | cpu_batch_ms=1.0 | provider_batch_ms=322.4 | prefetch_q=96 | elapsed=99578.6s
progress | opt_step=25325/172211 | micro_step=202600/1377681 | stage=stage2 | span=1 | train_loss=2.7048 | lr=0.000199127 | cpu_batch_ms=1.0 | provider_batch_ms=241.9 | prefetch_q=100 | elapsed=99692.5s
progress | opt_step=25350/172211 | micro_step=202800/1377681 | stage=stage2 | span=1 | train_loss=2.7964 | lr=0.000199119 | cpu_batch_ms=1.0 | provider_batch_ms=290.2 | prefetch_q=99 | elapsed=99784.8s
progress | opt_step=25375/172211 | micro_step=203000/1377681 | stage=stage2 | span=1 | train_loss=2.8402 | lr=0.00019911 | cpu_batch_ms=1.0 | provider_batch_ms=313.0 | prefetch_q=100 | elapsed=99877.3s
progress | opt_step=25400/172211 | micro_step=203200/1377681 | stage=stage2 | span=1 | train_loss=2.8563 | lr=0.000199102 | cpu_batch_ms=1.0 | provider_batch_ms=326.7 | prefetch_q=99 | elapsed=99969.4s
eval | opt_step=25400 | micro_step=203200 | train_loss=2.8563 | val_loss=3.1134 | val_ppl=22.50
progress | opt_step=25425/172211 | micro_step=203400/1377681 | stage=stage2 | span=1 | train_loss=2.8010 | lr=0.000199094 | cpu_batch_ms=1.0 | provider_batch_ms=236.5 | prefetch_q=98 | elapsed=100087.3s
progress | opt_step=25450/172211 | micro_step=203600/1377681 | stage=stage2 | span=1 | train_loss=2.7328 | lr=0.000199085 | cpu_batch_ms=1.0 | provider_batch_ms=283.6 | prefetch_q=100 | elapsed=100179.6s
progress | opt_step=25475/172211 | micro_step=203800/1377681 | stage=stage2 | span=1 | train_loss=2.7727 | lr=0.000199077 | cpu_batch_ms=1.0 | provider_batch_ms=297.7 | prefetch_q=98 | elapsed=100271.4s
progress | opt_step=25500/172211 | micro_step=204000/1377681 | stage=stage2 | span=1 | train_loss=3.1445 | lr=0.000199069 | cpu_batch_ms=1.0 | provider_batch_ms=312.1 | prefetch_q=100 | elapsed=100363.4s
progress | opt_step=25525/172211 | micro_step=204200/1377681 | stage=stage2 | span=1 | train_loss=3.0975 | lr=0.00019906 | cpu_batch_ms=1.0 | provider_batch_ms=211.3 | prefetch_q=100 | elapsed=100477.1s
progress | opt_step=25550/172211 | micro_step=204400/1377681 | stage=stage2 | span=1 | train_loss=3.1186 | lr=0.000199052 | cpu_batch_ms=1.0 | provider_batch_ms=269.5 | prefetch_q=100 | elapsed=100569.5s
progress | opt_step=25575/172211 | micro_step=204600/1377681 | stage=stage2 | span=1 | train_loss=2.5766 | lr=0.000199043 | cpu_batch_ms=1.0 | provider_batch_ms=294.7 | prefetch_q=100 | elapsed=100661.5s
progress | opt_step=25600/172211 | micro_step=204800/1377681 | stage=stage2 | span=1 | train_loss=2.8871 | lr=0.000199035 | cpu_batch_ms=1.0 | provider_batch_ms=307.2 | prefetch_q=100 | elapsed=100753.5s
eval | opt_step=25600 | micro_step=204800 | train_loss=2.8871 | val_loss=3.0886 | val_ppl=21.95
progress | opt_step=25625/172211 | micro_step=205000/1377681 | stage=stage2 | span=1 | train_loss=2.7098 | lr=0.000199026 | cpu_batch_ms=1.0 | provider_batch_ms=232.7 | prefetch_q=100 | elapsed=100888.0s
progress | opt_step=25650/172211 | micro_step=205200/1377681 | stage=stage2 | span=1 | train_loss=3.1357 | lr=0.000199017 | cpu_batch_ms=1.0 | provider_batch_ms=277.7 | prefetch_q=100 | elapsed=100979.7s
progress | opt_step=25675/172211 | micro_step=205400/1377681 | stage=stage2 | span=1 | train_loss=2.9724 | lr=0.000199009 | cpu_batch_ms=1.0 | provider_batch_ms=303.0 | prefetch_q=94 | elapsed=101071.9s
progress | opt_step=25700/172211 | micro_step=205600/1377681 | stage=stage2 | span=1 | train_loss=2.6845 | lr=0.000199 | cpu_batch_ms=1.0 | provider_batch_ms=314.2 | prefetch_q=99 | elapsed=101164.2s
progress | opt_step=25725/172211 | micro_step=205800/1377681 | stage=stage2 | span=1 | train_loss=3.1353 | lr=0.000198991 | cpu_batch_ms=1.0 | provider_batch_ms=229.9 | prefetch_q=100 | elapsed=101278.1s
progress | opt_step=25750/172211 | micro_step=206000/1377681 | stage=stage2 | span=1 | train_loss=3.0290 | lr=0.000198982 | cpu_batch_ms=1.0 | provider_batch_ms=279.8 | prefetch_q=100 | elapsed=101370.5s
progress | opt_step=25775/172211 | micro_step=206200/1377681 | stage=stage2 | span=1 | train_loss=2.8551 | lr=0.000198973 | cpu_batch_ms=1.0 | provider_batch_ms=298.9 | prefetch_q=97 | elapsed=101462.5s
progress | opt_step=25800/172211 | micro_step=206400/1377681 | stage=stage2 | span=1 | train_loss=2.8624 | lr=0.000198964 | cpu_batch_ms=1.0 | provider_batch_ms=305.6 | prefetch_q=100 | elapsed=101554.5s
eval | opt_step=25800 | micro_step=206400 | train_loss=2.8624 | val_loss=3.1014 | val_ppl=22.23
progress | opt_step=25825/172211 | micro_step=206600/1377681 | stage=stage2 | span=1 | train_loss=2.8360 | lr=0.000198956 | cpu_batch_ms=1.0 | provider_batch_ms=235.7 | prefetch_q=100 | elapsed=101670.4s
progress | opt_step=25850/172211 | micro_step=206800/1377681 | stage=stage2 | span=1 | train_loss=2.9595 | lr=0.000198947 | cpu_batch_ms=1.0 | provider_batch_ms=279.6 | prefetch_q=100 | elapsed=101762.6s
progress | opt_step=25875/172211 | micro_step=207000/1377681 | stage=stage2 | span=1 | train_loss=3.0063 | lr=0.000198938 | cpu_batch_ms=1.0 | provider_batch_ms=303.5 | prefetch_q=100 | elapsed=101854.0s
progress | opt_step=25900/172211 | micro_step=207200/1377681 | stage=stage2 | span=1 | train_loss=2.4729 | lr=0.000198929 | cpu_batch_ms=1.0 | provider_batch_ms=314.9 | prefetch_q=99 | elapsed=101945.4s
progress | opt_step=25925/172211 | micro_step=207400/1377681 | stage=stage2 | span=1 | train_loss=2.8888 | lr=0.000198919 | cpu_batch_ms=1.0 | provider_batch_ms=240.4 | prefetch_q=100 | elapsed=102058.4s
progress | opt_step=25950/172211 | micro_step=207600/1377681 | stage=stage2 | span=1 | train_loss=3.1621 | lr=0.00019891 | cpu_batch_ms=1.0 | provider_batch_ms=278.3 | prefetch_q=98 | elapsed=102150.7s
progress | opt_step=25975/172211 | micro_step=207800/1377681 | stage=stage2 | span=1 | train_loss=2.8231 | lr=0.000198901 | cpu_batch_ms=1.0 | provider_batch_ms=295.3 | prefetch_q=100 | elapsed=102242.4s
progress | opt_step=26000/172211 | micro_step=208000/1377681 | stage=stage2 | span=1 | train_loss=2.8340 | lr=0.000198892 | cpu_batch_ms=1.0 | provider_batch_ms=310.3 | prefetch_q=100 | elapsed=102334.3s
eval | opt_step=26000 | micro_step=208000 | train_loss=2.8340 | val_loss=3.1164 | val_ppl=22.56
progress | opt_step=26025/172211 | micro_step=208200/1377681 | stage=stage2 | span=1 | train_loss=2.0803 | lr=0.000198883 | cpu_batch_ms=1.0 | provider_batch_ms=262.9 | prefetch_q=100 | elapsed=102454.2s
progress | opt_step=26050/172211 | micro_step=208400/1377681 | stage=stage2 | span=1 | train_loss=2.6243 | lr=0.000198873 | cpu_batch_ms=1.0 | provider_batch_ms=300.5 | prefetch_q=100 | elapsed=102546.2s
progress | opt_step=26075/172211 | micro_step=208600/1377681 | stage=stage2 | span=1 | train_loss=2.8310 | lr=0.000198864 | cpu_batch_ms=1.0 | provider_batch_ms=317.5 | prefetch_q=97 | elapsed=102638.1s
progress | opt_step=26100/172211 | micro_step=208800/1377681 | stage=stage2 | span=1 | train_loss=2.9850 | lr=0.000198855 | cpu_batch_ms=1.0 | provider_batch_ms=322.5 | prefetch_q=100 | elapsed=102729.9s
progress | opt_step=26125/172211 | micro_step=209000/1377681 | stage=stage2 | span=1 | train_loss=2.8277 | lr=0.000198845 | cpu_batch_ms=1.0 | provider_batch_ms=237.4 | prefetch_q=99 | elapsed=102843.7s
progress | opt_step=26150/172211 | micro_step=209200/1377681 | stage=stage2 | span=1 | train_loss=2.9927 | lr=0.000198836 | cpu_batch_ms=1.0 | provider_batch_ms=289.0 | prefetch_q=100 | elapsed=102935.7s
progress | opt_step=26175/172211 | micro_step=209400/1377681 | stage=stage2 | span=1 | train_loss=2.6146 | lr=0.000198827 | cpu_batch_ms=1.0 | provider_batch_ms=303.5 | prefetch_q=100 | elapsed=103027.8s
progress | opt_step=26200/172211 | micro_step=209600/1377681 | stage=stage2 | span=1 | train_loss=2.8425 | lr=0.000198817 | cpu_batch_ms=1.0 | provider_batch_ms=314.7 | prefetch_q=100 | elapsed=103119.5s
eval | opt_step=26200 | micro_step=209600 | train_loss=2.8425 | val_loss=3.0929 | val_ppl=22.04
progress | opt_step=26225/172211 | micro_step=209800/1377681 | stage=stage2 | span=1 | train_loss=2.9526 | lr=0.000198807 | cpu_batch_ms=1.0 | provider_batch_ms=230.7 | prefetch_q=100 | elapsed=103235.1s
progress | opt_step=26250/172211 | micro_step=210000/1377681 | stage=stage2 | span=1 | train_loss=3.0609 | lr=0.000198798 | cpu_batch_ms=1.0 | provider_batch_ms=289.7 | prefetch_q=99 | elapsed=103327.3s
progress | opt_step=26275/172211 | micro_step=210200/1377681 | stage=stage2 | span=1 | train_loss=3.0776 | lr=0.000198788 | cpu_batch_ms=1.0 | provider_batch_ms=309.3 | prefetch_q=98 | elapsed=103419.3s
progress | opt_step=26300/172211 | micro_step=210400/1377681 | stage=stage2 | span=1 | train_loss=2.8908 | lr=0.000198779 | cpu_batch_ms=1.0 | provider_batch_ms=317.6 | prefetch_q=100 | elapsed=103511.2s
progress | opt_step=26325/172211 | micro_step=210600/1377681 | stage=stage2 | span=1 | train_loss=2.9409 | lr=0.000198769 | cpu_batch_ms=1.0 | provider_batch_ms=262.9 | prefetch_q=100 | elapsed=103622.7s
progress | opt_step=26350/172211 | micro_step=210800/1377681 | stage=stage2 | span=1 | train_loss=2.7677 | lr=0.000198759 | cpu_batch_ms=1.0 | provider_batch_ms=300.5 | prefetch_q=100 | elapsed=103714.5s
progress | opt_step=26375/172211 | micro_step=211000/1377681 | stage=stage2 | span=1 | train_loss=3.0422 | lr=0.000198749 | cpu_batch_ms=1.0 | provider_batch_ms=312.4 | prefetch_q=97 | elapsed=103806.4s
progress | opt_step=26400/172211 | micro_step=211200/1377681 | stage=stage2 | span=1 | train_loss=2.8613 | lr=0.00019874 | cpu_batch_ms=1.0 | provider_batch_ms=323.5 | prefetch_q=100 | elapsed=103898.1s
eval | opt_step=26400 | micro_step=211200 | train_loss=2.8613 | val_loss=3.0981 | val_ppl=22.16
progress | opt_step=26425/172211 | micro_step=211400/1377681 | stage=stage2 | span=1 | train_loss=2.8177 | lr=0.00019873 | cpu_batch_ms=1.0 | provider_batch_ms=227.1 | prefetch_q=100 | elapsed=104011.6s
progress | opt_step=26450/172211 | micro_step=211600/1377681 | stage=stage2 | span=1 | train_loss=3.1820 | lr=0.00019872 | cpu_batch_ms=1.0 | provider_batch_ms=275.0 | prefetch_q=97 | elapsed=104103.6s
progress | opt_step=26475/172211 | micro_step=211800/1377681 | stage=stage2 | span=1 | train_loss=2.8791 | lr=0.00019871 | cpu_batch_ms=1.0 | provider_batch_ms=303.0 | prefetch_q=97 | elapsed=104195.5s
progress | opt_step=26500/172211 | micro_step=212000/1377681 | stage=stage2 | span=1 | train_loss=3.0160 | lr=0.0001987 | cpu_batch_ms=1.0 | provider_batch_ms=309.4 | prefetch_q=100 | elapsed=104287.6s
progress | opt_step=26525/172211 | micro_step=212200/1377681 | stage=stage2 | span=1 | train_loss=2.5940 | lr=0.00019869 | cpu_batch_ms=1.0 | provider_batch_ms=233.0 | prefetch_q=100 | elapsed=104399.8s
progress | opt_step=26550/172211 | micro_step=212400/1377681 | stage=stage2 | span=1 | train_loss=2.7743 | lr=0.00019868 | cpu_batch_ms=1.0 | provider_batch_ms=280.7 | prefetch_q=100 | elapsed=104491.9s
progress | opt_step=26575/172211 | micro_step=212600/1377681 | stage=stage2 | span=1 | train_loss=2.9648 | lr=0.00019867 | cpu_batch_ms=1.0 | provider_batch_ms=295.9 | prefetch_q=96 | elapsed=104583.3s
progress | opt_step=26600/172211 | micro_step=212800/1377681 | stage=stage2 | span=1 | train_loss=2.8988 | lr=0.00019866 | cpu_batch_ms=1.0 | provider_batch_ms=305.4 | prefetch_q=100 | elapsed=104675.7s
eval | opt_step=26600 | micro_step=212800 | train_loss=2.8988 | val_loss=3.0896 | val_ppl=21.97
progress | opt_step=26625/172211 | micro_step=213000/1377681 | stage=stage2 | span=1 | train_loss=3.2218 | lr=0.00019865 | cpu_batch_ms=1.0 | provider_batch_ms=237.5 | prefetch_q=100 | elapsed=104792.1s
progress | opt_step=26650/172211 | micro_step=213200/1377681 | stage=stage2 | span=1 | train_loss=3.0595 | lr=0.00019864 | cpu_batch_ms=1.0 | provider_batch_ms=274.8 | prefetch_q=100 | elapsed=104883.4s
progress | opt_step=26675/172211 | micro_step=213400/1377681 | stage=stage2 | span=1 | train_loss=2.7013 | lr=0.000198629 | cpu_batch_ms=1.0 | provider_batch_ms=298.6 | prefetch_q=100 | elapsed=104975.5s
progress | opt_step=26700/172211 | micro_step=213600/1377681 | stage=stage2 | span=1 | train_loss=2.7169 | lr=0.000198619 | cpu_batch_ms=1.0 | provider_batch_ms=306.8 | prefetch_q=100 | elapsed=105067.4s
progress | opt_step=26725/172211 | micro_step=213800/1377681 | stage=stage2 | span=1 | train_loss=3.0009 | lr=0.000198609 | cpu_batch_ms=1.0 | provider_batch_ms=264.0 | prefetch_q=98 | elapsed=105181.1s
progress | opt_step=26750/172211 | micro_step=214000/1377681 | stage=stage2 | span=1 | train_loss=2.8515 | lr=0.000198598 | cpu_batch_ms=1.0 | provider_batch_ms=299.3 | prefetch_q=100 | elapsed=105273.7s
progress | opt_step=26775/172211 | micro_step=214200/1377681 | stage=stage2 | span=1 | train_loss=3.0412 | lr=0.000198588 | cpu_batch_ms=1.0 | provider_batch_ms=310.0 | prefetch_q=93 | elapsed=105365.1s
progress | opt_step=26800/172211 | micro_step=214400/1377681 | stage=stage2 | span=1 | train_loss=2.6855 | lr=0.000198578 | cpu_batch_ms=1.0 | provider_batch_ms=317.4 | prefetch_q=97 | elapsed=105457.0s
eval | opt_step=26800 | micro_step=214400 | train_loss=2.6855 | val_loss=3.0898 | val_ppl=21.97
progress | opt_step=26825/172211 | micro_step=214600/1377681 | stage=stage2 | span=1 | train_loss=2.7632 | lr=0.000198567 | cpu_batch_ms=1.0 | provider_batch_ms=233.1 | prefetch_q=97 | elapsed=105571.4s
progress | opt_step=26850/172211 | micro_step=214800/1377681 | stage=stage2 | span=1 | train_loss=2.8758 | lr=0.000198557 | cpu_batch_ms=1.0 | provider_batch_ms=283.5 | prefetch_q=100 | elapsed=105664.1s
progress | opt_step=26875/172211 | micro_step=215000/1377681 | stage=stage2 | span=1 | train_loss=3.0853 | lr=0.000198546 | cpu_batch_ms=1.0 | provider_batch_ms=306.5 | prefetch_q=100 | elapsed=105756.1s
progress | opt_step=26900/172211 | micro_step=215200/1377681 | stage=stage2 | span=1 | train_loss=2.9990 | lr=0.000198536 | cpu_batch_ms=1.0 | provider_batch_ms=326.4 | prefetch_q=95 | elapsed=105849.0s
progress | opt_step=26925/172211 | micro_step=215400/1377681 | stage=stage2 | span=1 | train_loss=3.1187 | lr=0.000198525 | cpu_batch_ms=1.0 | provider_batch_ms=239.0 | prefetch_q=100 | elapsed=105961.1s
progress | opt_step=26950/172211 | micro_step=215600/1377681 | stage=stage2 | span=1 | train_loss=3.0347 | lr=0.000198514 | cpu_batch_ms=1.0 | provider_batch_ms=290.4 | prefetch_q=100 | elapsed=106053.3s
progress | opt_step=26975/172211 | micro_step=215800/1377681 | stage=stage2 | span=1 | train_loss=2.5117 | lr=0.000198504 | cpu_batch_ms=1.0 | provider_batch_ms=309.1 | prefetch_q=100 | elapsed=106145.4s
progress | opt_step=27000/172211 | micro_step=216000/1377681 | stage=stage2 | span=1 | train_loss=2.7106 | lr=0.000198493 | cpu_batch_ms=1.0 | provider_batch_ms=315.6 | prefetch_q=100 | elapsed=106237.6s
eval | opt_step=27000 | micro_step=216000 | train_loss=2.7106 | val_loss=3.0929 | val_ppl=22.04
progress | opt_step=27025/172211 | micro_step=216200/1377681 | stage=stage2 | span=1 | train_loss=3.1573 | lr=0.000198482 | cpu_batch_ms=1.0 | provider_batch_ms=255.7 | prefetch_q=99 | elapsed=106353.1s
progress | opt_step=27050/172211 | micro_step=216400/1377681 | stage=stage2 | span=1 | train_loss=2.8905 | lr=0.000198471 | cpu_batch_ms=1.0 | provider_batch_ms=306.9 | prefetch_q=99 | elapsed=106444.9s
progress | opt_step=27075/172211 | micro_step=216600/1377681 | stage=stage2 | span=1 | train_loss=2.9551 | lr=0.000198461 | cpu_batch_ms=1.0 | provider_batch_ms=319.4 | prefetch_q=100 | elapsed=106537.1s
progress | opt_step=27100/172211 | micro_step=216800/1377681 | stage=stage2 | span=1 | train_loss=3.1377 | lr=0.00019845 | cpu_batch_ms=1.0 | provider_batch_ms=321.8 | prefetch_q=99 | elapsed=106629.2s
progress | opt_step=27125/172211 | micro_step=217000/1377681 | stage=stage2 | span=1 | train_loss=2.8097 | lr=0.000198439 | cpu_batch_ms=1.0 | provider_batch_ms=227.0 | prefetch_q=93 | elapsed=106742.2s
progress | opt_step=27150/172211 | micro_step=217200/1377681 | stage=stage2 | span=1 | train_loss=3.0772 | lr=0.000198428 | cpu_batch_ms=0.9 | provider_batch_ms=282.7 | prefetch_q=100 | elapsed=106834.2s
progress | opt_step=27175/172211 | micro_step=217400/1377681 | stage=stage2 | span=1 | train_loss=3.0683 | lr=0.000198417 | cpu_batch_ms=0.9 | provider_batch_ms=304.6 | prefetch_q=100 | elapsed=106926.1s
progress | opt_step=27200/172211 | micro_step=217600/1377681 | stage=stage2 | span=1 | train_loss=2.9207 | lr=0.000198406 | cpu_batch_ms=0.9 | provider_batch_ms=315.0 | prefetch_q=97 | elapsed=107018.2s
eval | opt_step=27200 | micro_step=217600 | train_loss=2.9207 | val_loss=3.0941 | val_ppl=22.07
progress | opt_step=27225/172211 | micro_step=217800/1377681 | stage=stage2 | span=1 | train_loss=2.8831 | lr=0.000198395 | cpu_batch_ms=0.9 | provider_batch_ms=245.9 | prefetch_q=99 | elapsed=107133.7s
progress | opt_step=27250/172211 | micro_step=218000/1377681 | stage=stage2 | span=1 | train_loss=2.9323 | lr=0.000198384 | cpu_batch_ms=0.9 | provider_batch_ms=282.1 | prefetch_q=100 | elapsed=107226.0s
progress | opt_step=27275/172211 | micro_step=218200/1377681 | stage=stage2 | span=1 | train_loss=3.0550 | lr=0.000198373 | cpu_batch_ms=0.9 | provider_batch_ms=303.8 | prefetch_q=100 | elapsed=107318.3s
progress | opt_step=27300/172211 | micro_step=218400/1377681 | stage=stage2 | span=1 | train_loss=2.9310 | lr=0.000198361 | cpu_batch_ms=0.9 | provider_batch_ms=322.6 | prefetch_q=98 | elapsed=107410.5s
progress | opt_step=27325/172211 | micro_step=218600/1377681 | stage=stage2 | span=1 | train_loss=2.9056 | lr=0.00019835 | cpu_batch_ms=0.9 | provider_batch_ms=247.8 | prefetch_q=99 | elapsed=107522.7s
progress | opt_step=27350/172211 | micro_step=218800/1377681 | stage=stage2 | span=1 | train_loss=2.4942 | lr=0.000198339 | cpu_batch_ms=0.9 | provider_batch_ms=288.8 | prefetch_q=99 | elapsed=107614.2s
progress | opt_step=27375/172211 | micro_step=219000/1377681 | stage=stage2 | span=1 | train_loss=3.0475 | lr=0.000198328 | cpu_batch_ms=0.9 | provider_batch_ms=311.9 | prefetch_q=100 | elapsed=107706.6s
progress | opt_step=27400/172211 | micro_step=219200/1377681 | stage=stage2 | span=1 | train_loss=2.1783 | lr=0.000198316 | cpu_batch_ms=0.9 | provider_batch_ms=326.4 | prefetch_q=95 | elapsed=107798.9s
eval | opt_step=27400 | micro_step=219200 | train_loss=2.1783 | val_loss=3.0829 | val_ppl=21.82
progress | opt_step=27425/172211 | micro_step=219400/1377681 | stage=stage2 | span=1 | train_loss=3.0725 | lr=0.000198305 | cpu_batch_ms=0.9 | provider_batch_ms=231.2 | prefetch_q=97 | elapsed=107935.7s
progress | opt_step=27450/172211 | micro_step=219600/1377681 | stage=stage2 | span=1 | train_loss=2.7517 | lr=0.000198294 | cpu_batch_ms=0.9 | provider_batch_ms=291.2 | prefetch_q=99 | elapsed=108028.1s
progress | opt_step=27475/172211 | micro_step=219800/1377681 | stage=stage2 | span=1 | train_loss=2.9734 | lr=0.000198282 | cpu_batch_ms=0.9 | provider_batch_ms=317.0 | prefetch_q=100 | elapsed=108120.5s
progress | opt_step=27500/172211 | micro_step=220000/1377681 | stage=stage2 | span=1 | train_loss=3.3422 | lr=0.000198271 | cpu_batch_ms=0.9 | provider_batch_ms=325.9 | prefetch_q=100 | elapsed=108212.0s
progress | opt_step=27525/172211 | micro_step=220200/1377681 | stage=stage2 | span=1 | train_loss=3.1422 | lr=0.000198259 | cpu_batch_ms=0.9 | provider_batch_ms=245.0 | prefetch_q=100 | elapsed=108323.4s
progress | opt_step=27550/172211 | micro_step=220400/1377681 | stage=stage2 | span=1 | train_loss=2.7065 | lr=0.000198248 | cpu_batch_ms=0.9 | provider_batch_ms=304.6 | prefetch_q=100 | elapsed=108416.0s
progress | opt_step=27575/172211 | micro_step=220600/1377681 | stage=stage2 | span=1 | train_loss=2.8418 | lr=0.000198236 | cpu_batch_ms=0.9 | provider_batch_ms=323.0 | prefetch_q=100 | elapsed=108508.4s
progress | opt_step=27600/172211 | micro_step=220800/1377681 | stage=stage2 | span=1 | train_loss=3.0352 | lr=0.000198224 | cpu_batch_ms=0.9 | provider_batch_ms=330.9 | prefetch_q=98 | elapsed=108600.1s
eval | opt_step=27600 | micro_step=220800 | train_loss=3.0352 | val_loss=3.0827 | val_ppl=21.82
progress | opt_step=27625/172211 | micro_step=221000/1377681 | stage=stage2 | span=1 | train_loss=2.3441 | lr=0.000198213 | cpu_batch_ms=0.9 | provider_batch_ms=255.5 | prefetch_q=100 | elapsed=108737.2s
progress | opt_step=27650/172211 | micro_step=221200/1377681 | stage=stage2 | span=1 | train_loss=2.8030 | lr=0.000198201 | cpu_batch_ms=0.9 | provider_batch_ms=284.2 | prefetch_q=100 | elapsed=108828.9s
progress | opt_step=27675/172211 | micro_step=221400/1377681 | stage=stage2 | span=1 | train_loss=2.9824 | lr=0.000198189 | cpu_batch_ms=0.9 | provider_batch_ms=308.0 | prefetch_q=100 | elapsed=108921.2s
progress | opt_step=27700/172211 | micro_step=221600/1377681 | stage=stage2 | span=1 | train_loss=3.0583 | lr=0.000198178 | cpu_batch_ms=0.9 | provider_batch_ms=314.3 | prefetch_q=100 | elapsed=109013.0s
progress | opt_step=27725/172211 | micro_step=221800/1377681 | stage=stage2 | span=1 | train_loss=3.1844 | lr=0.000198166 | cpu_batch_ms=0.9 | provider_batch_ms=215.3 | prefetch_q=98 | elapsed=109124.3s
progress | opt_step=27750/172211 | micro_step=222000/1377681 | stage=stage2 | span=1 | train_loss=2.8519 | lr=0.000198154 | cpu_batch_ms=0.9 | provider_batch_ms=256.6 | prefetch_q=100 | elapsed=109216.4s
progress | opt_step=27775/172211 | micro_step=222200/1377681 | stage=stage2 | span=1 | train_loss=3.0101 | lr=0.000198142 | cpu_batch_ms=0.9 | provider_batch_ms=294.1 | prefetch_q=100 | elapsed=109308.7s
progress | opt_step=27800/172211 | micro_step=222400/1377681 | stage=stage2 | span=1 | train_loss=3.1529 | lr=0.00019813 | cpu_batch_ms=0.9 | provider_batch_ms=301.1 | prefetch_q=100 | elapsed=109400.5s
eval | opt_step=27800 | micro_step=222400 | train_loss=3.1529 | val_loss=3.0864 | val_ppl=21.90
progress | opt_step=27825/172211 | micro_step=222600/1377681 | stage=stage2 | span=1 | train_loss=3.0523 | lr=0.000198118 | cpu_batch_ms=0.9 | provider_batch_ms=260.6 | prefetch_q=100 | elapsed=109517.7s
progress | opt_step=27850/172211 | micro_step=222800/1377681 | stage=stage2 | span=1 | train_loss=3.0501 | lr=0.000198106 | cpu_batch_ms=0.9 | provider_batch_ms=309.6 | prefetch_q=97 | elapsed=109610.3s
progress | opt_step=27875/172211 | micro_step=223000/1377681 | stage=stage2 | span=1 | train_loss=2.3373 | lr=0.000198094 | cpu_batch_ms=0.9 | provider_batch_ms=326.6 | prefetch_q=100 | elapsed=109702.5s
progress | opt_step=27900/172211 | micro_step=223200/1377681 | stage=stage2 | span=1 | train_loss=2.7146 | lr=0.000198082 | cpu_batch_ms=0.9 | provider_batch_ms=338.0 | prefetch_q=100 | elapsed=109794.5s
progress | opt_step=27925/172211 | micro_step=223400/1377681 | stage=stage2 | span=1 | train_loss=3.2605 | lr=0.00019807 | cpu_batch_ms=0.9 | provider_batch_ms=273.5 | prefetch_q=100 | elapsed=109907.6s
progress | opt_step=27950/172211 | micro_step=223600/1377681 | stage=stage2 | span=1 | train_loss=3.1161 | lr=0.000198058 | cpu_batch_ms=0.9 | provider_batch_ms=304.1 | prefetch_q=99 | elapsed=109999.7s
progress | opt_step=27975/172211 | micro_step=223800/1377681 | stage=stage2 | span=1 | train_loss=2.7961 | lr=0.000198046 | cpu_batch_ms=0.9 | provider_batch_ms=323.2 | prefetch_q=95 | elapsed=110092.1s
progress | opt_step=28000/172211 | micro_step=224000/1377681 | stage=stage2 | span=1 | train_loss=3.1118 | lr=0.000198033 | cpu_batch_ms=0.9 | provider_batch_ms=322.3 | prefetch_q=97 | elapsed=110183.7s
eval | opt_step=28000 | micro_step=224000 | train_loss=3.1118 | val_loss=3.0772 | val_ppl=21.70
progress | opt_step=28025/172211 | micro_step=224200/1377681 | stage=stage2 | span=1 | train_loss=2.8704 | lr=0.000198021 | cpu_batch_ms=0.9 | provider_batch_ms=257.7 | prefetch_q=99 | elapsed=110319.8s
progress | opt_step=28050/172211 | micro_step=224400/1377681 | stage=stage2 | span=1 | train_loss=2.6860 | lr=0.000198009 | cpu_batch_ms=0.9 | provider_batch_ms=291.3 | prefetch_q=100 | elapsed=110411.5s
progress | opt_step=28075/172211 | micro_step=224600/1377681 | stage=stage2 | span=1 | train_loss=2.8773 | lr=0.000197996 | cpu_batch_ms=0.9 | provider_batch_ms=313.7 | prefetch_q=99 | elapsed=110503.0s
progress | opt_step=28100/172211 | micro_step=224800/1377681 | stage=stage2 | span=1 | train_loss=3.1216 | lr=0.000197984 | cpu_batch_ms=0.9 | provider_batch_ms=331.9 | prefetch_q=100 | elapsed=110595.9s
progress | opt_step=28125/172211 | micro_step=225000/1377681 | stage=stage2 | span=1 | train_loss=2.9990 | lr=0.000197972 | cpu_batch_ms=0.9 | provider_batch_ms=252.7 | prefetch_q=100 | elapsed=110709.7s
progress | opt_step=28150/172211 | micro_step=225200/1377681 | stage=stage2 | span=1 | train_loss=2.7002 | lr=0.000197959 | cpu_batch_ms=0.9 | provider_batch_ms=289.9 | prefetch_q=97 | elapsed=110802.0s
progress | opt_step=28175/172211 | micro_step=225400/1377681 | stage=stage2 | span=1 | train_loss=2.7512 | lr=0.000197947 | cpu_batch_ms=0.9 | provider_batch_ms=314.9 | prefetch_q=99 | elapsed=110893.9s
progress | opt_step=28200/172211 | micro_step=225600/1377681 | stage=stage2 | span=1 | train_loss=2.9265 | lr=0.000197934 | cpu_batch_ms=0.9 | provider_batch_ms=332.4 | prefetch_q=100 | elapsed=110986.0s
eval | opt_step=28200 | micro_step=225600 | train_loss=2.9265 | val_loss=3.0720 | val_ppl=21.59
progress | opt_step=28225/172211 | micro_step=225800/1377681 | stage=stage2 | span=1 | train_loss=2.7404 | lr=0.000197922 | cpu_batch_ms=0.9 | provider_batch_ms=249.8 | prefetch_q=91 | elapsed=111121.8s
progress | opt_step=28250/172211 | micro_step=226000/1377681 | stage=stage2 | span=1 | train_loss=3.0457 | lr=0.000197909 | cpu_batch_ms=0.9 | provider_batch_ms=285.5 | prefetch_q=100 | elapsed=111213.9s
progress | opt_step=28275/172211 | micro_step=226200/1377681 | stage=stage2 | span=1 | train_loss=2.8246 | lr=0.000197896 | cpu_batch_ms=0.9 | provider_batch_ms=306.7 | prefetch_q=99 | elapsed=111306.0s
progress | opt_step=28300/172211 | micro_step=226400/1377681 | stage=stage2 | span=1 | train_loss=2.4585 | lr=0.000197884 | cpu_batch_ms=0.9 | provider_batch_ms=321.1 | prefetch_q=98 | elapsed=111398.3s
progress | opt_step=28325/172211 | micro_step=226600/1377681 | stage=stage2 | span=1 | train_loss=3.2708 | lr=0.000197871 | cpu_batch_ms=0.9 | provider_batch_ms=252.4 | prefetch_q=100 | elapsed=111510.9s
progress | opt_step=28350/172211 | micro_step=226800/1377681 | stage=stage2 | span=1 | train_loss=2.9309 | lr=0.000197858 | cpu_batch_ms=0.9 | provider_batch_ms=294.2 | prefetch_q=100 | elapsed=111603.7s
progress | opt_step=28375/172211 | micro_step=227000/1377681 | stage=stage2 | span=1 | train_loss=2.6004 | lr=0.000197845 | cpu_batch_ms=0.9 | provider_batch_ms=309.4 | prefetch_q=97 | elapsed=111696.5s
progress | opt_step=28400/172211 | micro_step=227200/1377681 | stage=stage2 | span=1 | train_loss=2.8242 | lr=0.000197833 | cpu_batch_ms=0.9 | provider_batch_ms=322.9 | prefetch_q=96 | elapsed=111789.2s
eval | opt_step=28400 | micro_step=227200 | train_loss=2.8242 | val_loss=3.0825 | val_ppl=21.81
progress | opt_step=28425/172211 | micro_step=227400/1377681 | stage=stage2 | span=1 | train_loss=3.0627 | lr=0.00019782 | cpu_batch_ms=0.9 | provider_batch_ms=252.6 | prefetch_q=98 | elapsed=111902.9s
progress | opt_step=28450/172211 | micro_step=227600/1377681 | stage=stage2 | span=1 | train_loss=2.4199 | lr=0.000197807 | cpu_batch_ms=0.9 | provider_batch_ms=302.1 | prefetch_q=100 | elapsed=111995.3s
progress | opt_step=28475/172211 | micro_step=227800/1377681 | stage=stage2 | span=1 | train_loss=2.4663 | lr=0.000197794 | cpu_batch_ms=0.9 | provider_batch_ms=324.8 | prefetch_q=96 | elapsed=112087.8s
progress | opt_step=28500/172211 | micro_step=228000/1377681 | stage=stage2 | span=1 | train_loss=2.9708 | lr=0.000197781 | cpu_batch_ms=0.9 | provider_batch_ms=331.7 | prefetch_q=98 | elapsed=112180.5s
progress | opt_step=28525/172211 | micro_step=228200/1377681 | stage=stage2 | span=1 | train_loss=2.8778 | lr=0.000197768 | cpu_batch_ms=0.9 | provider_batch_ms=241.0 | prefetch_q=97 | elapsed=112295.3s
progress | opt_step=28550/172211 | micro_step=228400/1377681 | stage=stage2 | span=1 | train_loss=3.0918 | lr=0.000197755 | cpu_batch_ms=0.9 | provider_batch_ms=294.0 | prefetch_q=97 | elapsed=112388.0s
progress | opt_step=28575/172211 | micro_step=228600/1377681 | stage=stage2 | span=1 | train_loss=2.4865 | lr=0.000197742 | cpu_batch_ms=0.9 | provider_batch_ms=317.4 | prefetch_q=100 | elapsed=112480.3s
progress | opt_step=28600/172211 | micro_step=228800/1377681 | stage=stage2 | span=1 | train_loss=3.2010 | lr=0.000197729 | cpu_batch_ms=0.9 | provider_batch_ms=322.7 | prefetch_q=99 | elapsed=112572.3s
eval | opt_step=28600 | micro_step=228800 | train_loss=3.2010 | val_loss=3.0744 | val_ppl=21.64
progress | opt_step=28625/172211 | micro_step=229000/1377681 | stage=stage2 | span=1 | train_loss=3.1971 | lr=0.000197715 | cpu_batch_ms=0.9 | provider_batch_ms=226.7 | prefetch_q=100 | elapsed=112687.7s
progress | opt_step=28650/172211 | micro_step=229200/1377681 | stage=stage2 | span=1 | train_loss=2.8685 | lr=0.000197702 | cpu_batch_ms=0.9 | provider_batch_ms=282.6 | prefetch_q=99 | elapsed=112779.5s
progress | opt_step=28675/172211 | micro_step=229400/1377681 | stage=stage2 | span=1 | train_loss=2.7733 | lr=0.000197689 | cpu_batch_ms=0.9 | provider_batch_ms=303.5 | prefetch_q=94 | elapsed=112872.2s
progress | opt_step=28700/172211 | micro_step=229600/1377681 | stage=stage2 | span=1 | train_loss=2.3106 | lr=0.000197676 | cpu_batch_ms=0.9 | provider_batch_ms=320.1 | prefetch_q=98 | elapsed=112964.8s
progress | opt_step=28725/172211 | micro_step=229800/1377681 | stage=stage2 | span=1 | train_loss=2.2565 | lr=0.000197662 | cpu_batch_ms=0.9 | provider_batch_ms=236.9 | prefetch_q=99 | elapsed=113078.1s
progress | opt_step=28750/172211 | micro_step=230000/1377681 | stage=stage2 | span=1 | train_loss=2.7428 | lr=0.000197649 | cpu_batch_ms=0.9 | provider_batch_ms=298.8 | prefetch_q=96 | elapsed=113170.8s
progress | opt_step=28775/172211 | micro_step=230200/1377681 | stage=stage2 | span=1 | train_loss=2.8938 | lr=0.000197636 | cpu_batch_ms=0.9 | provider_batch_ms=313.6 | prefetch_q=99 | elapsed=113263.4s
progress | opt_step=28800/172211 | micro_step=230400/1377681 | stage=stage2 | span=1 | train_loss=3.1533 | lr=0.000197622 | cpu_batch_ms=0.9 | provider_batch_ms=327.2 | prefetch_q=100 | elapsed=113356.0s
eval | opt_step=28800 | micro_step=230400 | train_loss=3.1533 | val_loss=3.0738 | val_ppl=21.62
progress | opt_step=28825/172211 | micro_step=230600/1377681 | stage=stage2 | span=1 | train_loss=2.6822 | lr=0.000197609 | cpu_batch_ms=0.9 | provider_batch_ms=245.8 | prefetch_q=98 | elapsed=113471.7s
progress | opt_step=28850/172211 | micro_step=230800/1377681 | stage=stage2 | span=1 | train_loss=2.8451 | lr=0.000197595 | cpu_batch_ms=0.9 | provider_batch_ms=284.2 | prefetch_q=100 | elapsed=113563.8s
progress | opt_step=28875/172211 | micro_step=231000/1377681 | stage=stage2 | span=1 | train_loss=2.9399 | lr=0.000197582 | cpu_batch_ms=0.9 | provider_batch_ms=317.4 | prefetch_q=89 | elapsed=113656.2s
progress | opt_step=28900/172211 | micro_step=231200/1377681 | stage=stage2 | span=1 | train_loss=2.6298 | lr=0.000197568 | cpu_batch_ms=0.9 | provider_batch_ms=322.0 | prefetch_q=100 | elapsed=113748.4s
progress | opt_step=28925/172211 | micro_step=231400/1377681 | stage=stage2 | span=1 | train_loss=2.7627 | lr=0.000197554 | cpu_batch_ms=0.9 | provider_batch_ms=252.9 | prefetch_q=100 | elapsed=113863.4s
progress | opt_step=28950/172211 | micro_step=231600/1377681 | stage=stage2 | span=1 | train_loss=3.0176 | lr=0.000197541 | cpu_batch_ms=0.9 | provider_batch_ms=296.8 | prefetch_q=100 | elapsed=113955.1s
progress | opt_step=28975/172211 | micro_step=231800/1377681 | stage=stage2 | span=1 | train_loss=2.7617 | lr=0.000197527 | cpu_batch_ms=0.9 | provider_batch_ms=317.7 | prefetch_q=98 | elapsed=114047.4s
progress | opt_step=29000/172211 | micro_step=232000/1377681 | stage=stage2 | span=1 | train_loss=3.1167 | lr=0.000197513 | cpu_batch_ms=0.9 | provider_batch_ms=334.6 | prefetch_q=100 | elapsed=114139.6s
eval | opt_step=29000 | micro_step=232000 | train_loss=3.1167 | val_loss=3.0685 | val_ppl=21.51
progress | opt_step=29025/172211 | micro_step=232200/1377681 | stage=stage2 | span=1 | train_loss=2.5050 | lr=0.0001975 | cpu_batch_ms=0.9 | provider_batch_ms=243.9 | prefetch_q=98 | elapsed=114278.2s
progress | opt_step=29050/172211 | micro_step=232400/1377681 | stage=stage2 | span=1 | train_loss=2.9059 | lr=0.000197486 | cpu_batch_ms=0.9 | provider_batch_ms=281.5 | prefetch_q=100 | elapsed=114370.5s
progress | opt_step=29075/172211 | micro_step=232600/1377681 | stage=stage2 | span=1 | train_loss=2.9755 | lr=0.000197472 | cpu_batch_ms=0.9 | provider_batch_ms=308.3 | prefetch_q=100 | elapsed=114462.7s
progress | opt_step=29100/172211 | micro_step=232800/1377681 | stage=stage2 | span=1 | train_loss=2.8670 | lr=0.000197458 | cpu_batch_ms=0.9 | provider_batch_ms=316.0 | prefetch_q=97 | elapsed=114553.9s
progress | opt_step=29125/172211 | micro_step=233000/1377681 | stage=stage2 | span=1 | train_loss=3.0387 | lr=0.000197444 | cpu_batch_ms=0.9 | provider_batch_ms=226.8 | prefetch_q=100 | elapsed=114666.2s
progress | opt_step=29150/172211 | micro_step=233200/1377681 | stage=stage2 | span=1 | train_loss=2.6423 | lr=0.00019743 | cpu_batch_ms=0.9 | provider_batch_ms=275.7 | prefetch_q=99 | elapsed=114757.9s
progress | opt_step=29175/172211 | micro_step=233400/1377681 | stage=stage2 | span=1 | train_loss=2.5916 | lr=0.000197416 | cpu_batch_ms=0.9 | provider_batch_ms=304.9 | prefetch_q=100 | elapsed=114850.3s
progress | opt_step=29200/172211 | micro_step=233600/1377681 | stage=stage2 | span=1 | train_loss=3.0992 | lr=0.000197402 | cpu_batch_ms=0.9 | provider_batch_ms=318.3 | prefetch_q=99 | elapsed=114942.1s
eval | opt_step=29200 | micro_step=233600 | train_loss=3.0992 | val_loss=3.0606 | val_ppl=21.34
progress | opt_step=29225/172211 | micro_step=233800/1377681 | stage=stage2 | span=1 | train_loss=3.0582 | lr=0.000197388 | cpu_batch_ms=0.9 | provider_batch_ms=248.6 | prefetch_q=100 | elapsed=115079.3s
progress | opt_step=29250/172211 | micro_step=234000/1377681 | stage=stage2 | span=1 | train_loss=2.8638 | lr=0.000197374 | cpu_batch_ms=0.9 | provider_batch_ms=290.2 | prefetch_q=100 | elapsed=115171.4s
progress | opt_step=29275/172211 | micro_step=234200/1377681 | stage=stage2 | span=1 | train_loss=2.7930 | lr=0.00019736 | cpu_batch_ms=0.9 | provider_batch_ms=313.7 | prefetch_q=100 | elapsed=115263.6s
progress | opt_step=29300/172211 | micro_step=234400/1377681 | stage=stage2 | span=1 | train_loss=2.1253 | lr=0.000197346 | cpu_batch_ms=0.9 | provider_batch_ms=318.7 | prefetch_q=100 | elapsed=115355.9s
progress | opt_step=29325/172211 | micro_step=234600/1377681 | stage=stage2 | span=1 | train_loss=2.3188 | lr=0.000197331 | cpu_batch_ms=0.9 | provider_batch_ms=236.6 | prefetch_q=99 | elapsed=115469.2s
progress | opt_step=29350/172211 | micro_step=234800/1377681 | stage=stage2 | span=1 | train_loss=2.5905 | lr=0.000197317 | cpu_batch_ms=0.9 | provider_batch_ms=296.4 | prefetch_q=100 | elapsed=115561.1s
progress | opt_step=29375/172211 | micro_step=235000/1377681 | stage=stage2 | span=1 | train_loss=2.6893 | lr=0.000197303 | cpu_batch_ms=0.9 | provider_batch_ms=317.1 | prefetch_q=100 | elapsed=115653.3s
progress | opt_step=29400/172211 | micro_step=235200/1377681 | stage=stage2 | span=1 | train_loss=3.0568 | lr=0.000197288 | cpu_batch_ms=0.9 | provider_batch_ms=322.4 | prefetch_q=100 | elapsed=115745.8s
eval | opt_step=29400 | micro_step=235200 | train_loss=3.0568 | val_loss=3.0632 | val_ppl=21.40
progress | opt_step=29425/172211 | micro_step=235400/1377681 | stage=stage2 | span=1 | train_loss=3.1541 | lr=0.000197274 | cpu_batch_ms=0.9 | provider_batch_ms=244.2 | prefetch_q=98 | elapsed=115860.6s
progress | opt_step=29450/172211 | micro_step=235600/1377681 | stage=stage2 | span=1 | train_loss=2.7729 | lr=0.00019726 | cpu_batch_ms=0.9 | provider_batch_ms=276.2 | prefetch_q=98 | elapsed=115952.7s
progress | opt_step=29475/172211 | micro_step=235800/1377681 | stage=stage2 | span=1 | train_loss=3.0510 | lr=0.000197245 | cpu_batch_ms=0.9 | provider_batch_ms=286.9 | prefetch_q=98 | elapsed=116044.6s
progress | opt_step=29500/172211 | micro_step=236000/1377681 | stage=stage2 | span=1 | train_loss=3.0438 | lr=0.000197231 | cpu_batch_ms=0.9 | provider_batch_ms=294.2 | prefetch_q=100 | elapsed=116136.0s
progress | opt_step=29525/172211 | micro_step=236200/1377681 | stage=stage2 | span=1 | train_loss=2.9655 | lr=0.000197216 | cpu_batch_ms=0.9 | provider_batch_ms=241.1 | prefetch_q=99 | elapsed=116247.8s
progress | opt_step=29550/172211 | micro_step=236400/1377681 | stage=stage2 | span=1 | train_loss=2.1395 | lr=0.000197202 | cpu_batch_ms=0.9 | provider_batch_ms=295.3 | prefetch_q=100 | elapsed=116340.5s
progress | opt_step=29575/172211 | micro_step=236600/1377681 | stage=stage2 | span=1 | train_loss=2.7472 | lr=0.000197187 | cpu_batch_ms=0.9 | provider_batch_ms=315.2 | prefetch_q=100 | elapsed=116432.3s
progress | opt_step=29600/172211 | micro_step=236800/1377681 | stage=stage2 | span=1 | train_loss=2.5647 | lr=0.000197172 | cpu_batch_ms=0.9 | provider_batch_ms=328.9 | prefetch_q=100 | elapsed=116524.5s
eval | opt_step=29600 | micro_step=236800 | train_loss=2.5647 | val_loss=3.0699 | val_ppl=21.54
progress | opt_step=29625/172211 | micro_step=237000/1377681 | stage=stage2 | span=1 | train_loss=1.9321 | lr=0.000197158 | cpu_batch_ms=0.9 | provider_batch_ms=251.0 | prefetch_q=100 | elapsed=116639.5s
progress | opt_step=29650/172211 | micro_step=237200/1377681 | stage=stage2 | span=1 | train_loss=2.8596 | lr=0.000197143 | cpu_batch_ms=0.9 | provider_batch_ms=285.8 | prefetch_q=100 | elapsed=116731.6s
progress | opt_step=29675/172211 | micro_step=237400/1377681 | stage=stage2 | span=1 | train_loss=2.7498 | lr=0.000197128 | cpu_batch_ms=0.9 | provider_batch_ms=304.1 | prefetch_q=99 | elapsed=116824.0s
progress | opt_step=29700/172211 | micro_step=237600/1377681 | stage=stage2 | span=1 | train_loss=2.8022 | lr=0.000197114 | cpu_batch_ms=0.9 | provider_batch_ms=319.0 | prefetch_q=100 | elapsed=116916.5s
progress | opt_step=29725/172211 | micro_step=237800/1377681 | stage=stage2 | span=1 | train_loss=3.2110 | lr=0.000197099 | cpu_batch_ms=0.9 | provider_batch_ms=247.4 | prefetch_q=97 | elapsed=117029.9s
progress | opt_step=29750/172211 | micro_step=238000/1377681 | stage=stage2 | span=1 | train_loss=3.2271 | lr=0.000197084 | cpu_batch_ms=0.9 | provider_batch_ms=292.0 | prefetch_q=100 | elapsed=117122.1s
progress | opt_step=29775/172211 | micro_step=238200/1377681 | stage=stage2 | span=1 | train_loss=2.8135 | lr=0.000197069 | cpu_batch_ms=0.9 | provider_batch_ms=312.7 | prefetch_q=97 | elapsed=117215.1s
progress | opt_step=29800/172211 | micro_step=238400/1377681 | stage=stage2 | span=1 | train_loss=3.2250 | lr=0.000197054 | cpu_batch_ms=0.9 | provider_batch_ms=321.2 | prefetch_q=100 | elapsed=117307.2s
eval | opt_step=29800 | micro_step=238400 | train_loss=3.2250 | val_loss=3.0476 | val_ppl=21.07
progress | opt_step=29825/172211 | micro_step=238600/1377681 | stage=stage2 | span=1 | train_loss=3.0954 | lr=0.000197039 | cpu_batch_ms=0.9 | provider_batch_ms=220.6 | prefetch_q=100 | elapsed=117444.0s
progress | opt_step=29850/172211 | micro_step=238800/1377681 | stage=stage2 | span=1 | train_loss=2.6571 | lr=0.000197024 | cpu_batch_ms=0.9 | provider_batch_ms=291.6 | prefetch_q=97 | elapsed=117536.7s
progress | opt_step=29875/172211 | micro_step=239000/1377681 | stage=stage2 | span=1 | train_loss=2.9979 | lr=0.000197009 | cpu_batch_ms=0.9 | provider_batch_ms=312.8 | prefetch_q=100 | elapsed=117628.7s
progress | opt_step=29900/172211 | micro_step=239200/1377681 | stage=stage2 | span=1 | train_loss=3.1624 | lr=0.000196994 | cpu_batch_ms=0.9 | provider_batch_ms=327.3 | prefetch_q=100 | elapsed=117720.6s
progress | opt_step=29925/172211 | micro_step=239400/1377681 | stage=stage2 | span=1 | train_loss=3.1505 | lr=0.000196979 | cpu_batch_ms=0.9 | provider_batch_ms=243.4 | prefetch_q=100 | elapsed=117833.2s
progress | opt_step=29950/172211 | micro_step=239600/1377681 | stage=stage2 | span=1 | train_loss=3.0975 | lr=0.000196964 | cpu_batch_ms=0.9 | provider_batch_ms=287.1 | prefetch_q=100 | elapsed=117926.4s
progress | opt_step=29975/172211 | micro_step=239800/1377681 | stage=stage2 | span=1 | train_loss=2.5758 | lr=0.000196949 | cpu_batch_ms=0.9 | provider_batch_ms=311.8 | prefetch_q=99 | elapsed=118018.7s
progress | opt_step=30000/172211 | micro_step=240000/1377681 | stage=stage2 | span=1 | train_loss=2.6605 | lr=0.000196933 | cpu_batch_ms=0.9 | provider_batch_ms=322.1 | prefetch_q=100 | elapsed=118110.4s
eval | opt_step=30000 | micro_step=240000 | train_loss=2.6605 | val_loss=3.0465 | val_ppl=21.04
progress | opt_step=30025/172211 | micro_step=240200/1377681 | stage=stage2 | span=1 | train_loss=3.2322 | lr=0.000196918 | cpu_batch_ms=0.9 | provider_batch_ms=231.6 | prefetch_q=100 | elapsed=118245.0s
progress | opt_step=30050/172211 | micro_step=240400/1377681 | stage=stage2 | span=1 | train_loss=3.0423 | lr=0.000196903 | cpu_batch_ms=0.9 | provider_batch_ms=285.9 | prefetch_q=100 | elapsed=118337.8s
progress | opt_step=30075/172211 | micro_step=240600/1377681 | stage=stage2 | span=1 | train_loss=2.7871 | lr=0.000196887 | cpu_batch_ms=0.9 | provider_batch_ms=306.5 | prefetch_q=96 | elapsed=118429.5s
progress | opt_step=30100/172211 | micro_step=240800/1377681 | stage=stage2 | span=1 | train_loss=3.0305 | lr=0.000196872 | cpu_batch_ms=0.9 | provider_batch_ms=317.5 | prefetch_q=99 | elapsed=118522.2s
progress | opt_step=30125/172211 | micro_step=241000/1377681 | stage=stage2 | span=1 | train_loss=2.8072 | lr=0.000196857 | cpu_batch_ms=0.9 | provider_batch_ms=245.7 | prefetch_q=100 | elapsed=118637.3s
progress | opt_step=30150/172211 | micro_step=241200/1377681 | stage=stage2 | span=1 | train_loss=3.2395 | lr=0.000196841 | cpu_batch_ms=0.9 | provider_batch_ms=297.0 | prefetch_q=100 | elapsed=118729.0s
progress | opt_step=30175/172211 | micro_step=241400/1377681 | stage=stage2 | span=1 | train_loss=2.6438 | lr=0.000196826 | cpu_batch_ms=0.9 | provider_batch_ms=316.5 | prefetch_q=96 | elapsed=118821.4s
progress | opt_step=30200/172211 | micro_step=241600/1377681 | stage=stage2 | span=1 | train_loss=2.5359 | lr=0.00019681 | cpu_batch_ms=0.9 | provider_batch_ms=329.2 | prefetch_q=97 | elapsed=118914.2s
eval | opt_step=30200 | micro_step=241600 | train_loss=2.5359 | val_loss=3.0553 | val_ppl=21.23
progress | opt_step=30225/172211 | micro_step=241800/1377681 | stage=stage2 | span=1 | train_loss=3.1415 | lr=0.000196795 | cpu_batch_ms=0.9 | provider_batch_ms=239.0 | prefetch_q=100 | elapsed=119030.4s
progress | opt_step=30250/172211 | micro_step=242000/1377681 | stage=stage2 | span=1 | train_loss=2.8603 | lr=0.000196779 | cpu_batch_ms=0.9 | provider_batch_ms=274.5 | prefetch_q=100 | elapsed=119122.1s
progress | opt_step=30275/172211 | micro_step=242200/1377681 | stage=stage2 | span=1 | train_loss=2.8304 | lr=0.000196763 | cpu_batch_ms=0.9 | provider_batch_ms=296.9 | prefetch_q=99 | elapsed=119214.4s
progress | opt_step=30300/172211 | micro_step=242400/1377681 | stage=stage2 | span=1 | train_loss=3.1326 | lr=0.000196748 | cpu_batch_ms=0.9 | provider_batch_ms=308.5 | prefetch_q=100 | elapsed=119306.4s
progress | opt_step=30325/172211 | micro_step=242600/1377681 | stage=stage2 | span=1 | train_loss=2.6993 | lr=0.000196732 | cpu_batch_ms=0.9 | provider_batch_ms=238.0 | prefetch_q=100 | elapsed=119419.8s
progress | opt_step=30350/172211 | micro_step=242800/1377681 | stage=stage2 | span=1 | train_loss=2.4939 | lr=0.000196716 | cpu_batch_ms=0.9 | provider_batch_ms=285.2 | prefetch_q=100 | elapsed=119511.9s
progress | opt_step=30375/172211 | micro_step=243000/1377681 | stage=stage2 | span=1 | train_loss=3.3620 | lr=0.0001967 | cpu_batch_ms=0.9 | provider_batch_ms=300.3 | prefetch_q=96 | elapsed=119603.5s
progress | opt_step=30400/172211 | micro_step=243200/1377681 | stage=stage2 | span=1 | train_loss=2.8477 | lr=0.000196685 | cpu_batch_ms=0.9 | provider_batch_ms=312.6 | prefetch_q=100 | elapsed=119695.4s
eval | opt_step=30400 | micro_step=243200 | train_loss=2.8477 | val_loss=3.0457 | val_ppl=21.02
progress | opt_step=30425/172211 | micro_step=243400/1377681 | stage=stage2 | span=1 | train_loss=2.9623 | lr=0.000196669 | cpu_batch_ms=0.9 | provider_batch_ms=228.5 | prefetch_q=100 | elapsed=119832.4s
progress | opt_step=30450/172211 | micro_step=243600/1377681 | stage=stage2 | span=1 | train_loss=2.9048 | lr=0.000196653 | cpu_batch_ms=0.9 | provider_batch_ms=270.1 | prefetch_q=100 | elapsed=119924.4s
progress | opt_step=30475/172211 | micro_step=243800/1377681 | stage=stage2 | span=1 | train_loss=2.7936 | lr=0.000196637 | cpu_batch_ms=0.9 | provider_batch_ms=281.9 | prefetch_q=96 | elapsed=120016.2s
progress | opt_step=30500/172211 | micro_step=244000/1377681 | stage=stage2 | span=1 | train_loss=2.3528 | lr=0.000196621 | cpu_batch_ms=0.9 | provider_batch_ms=299.4 | prefetch_q=100 | elapsed=120107.8s
progress | opt_step=30525/172211 | micro_step=244200/1377681 | stage=stage2 | span=1 | train_loss=2.5295 | lr=0.000196605 | cpu_batch_ms=0.9 | provider_batch_ms=246.6 | prefetch_q=93 | elapsed=120222.5s
progress | opt_step=30550/172211 | micro_step=244400/1377681 | stage=stage2 | span=1 | train_loss=3.2332 | lr=0.000196589 | cpu_batch_ms=0.9 | provider_batch_ms=295.9 | prefetch_q=98 | elapsed=120314.2s
progress | opt_step=30575/172211 | micro_step=244600/1377681 | stage=stage2 | span=1 | train_loss=2.9902 | lr=0.000196573 | cpu_batch_ms=0.9 | provider_batch_ms=320.7 | prefetch_q=98 | elapsed=120406.2s
progress | opt_step=30600/172211 | micro_step=244800/1377681 | stage=stage2 | span=1 | train_loss=2.8543 | lr=0.000196557 | cpu_batch_ms=0.9 | provider_batch_ms=324.5 | prefetch_q=99 | elapsed=120497.9s
eval | opt_step=30600 | micro_step=244800 | train_loss=2.8543 | val_loss=3.0481 | val_ppl=21.07
progress | opt_step=30625/172211 | micro_step=245000/1377681 | stage=stage2 | span=1 | train_loss=2.7951 | lr=0.000196541 | cpu_batch_ms=0.9 | provider_batch_ms=246.0 | prefetch_q=97 | elapsed=120619.9s
progress | opt_step=30650/172211 | micro_step=245200/1377681 | stage=stage2 | span=1 | train_loss=2.0588 | lr=0.000196524 | cpu_batch_ms=0.9 | provider_batch_ms=283.8 | prefetch_q=97 | elapsed=120711.9s
progress | opt_step=30675/172211 | micro_step=245400/1377681 | stage=stage2 | span=1 | train_loss=3.0412 | lr=0.000196508 | cpu_batch_ms=0.9 | provider_batch_ms=298.4 | prefetch_q=100 | elapsed=120803.5s
progress | opt_step=30700/172211 | micro_step=245600/1377681 | stage=stage2 | span=1 | train_loss=2.8147 | lr=0.000196492 | cpu_batch_ms=0.9 | provider_batch_ms=307.9 | prefetch_q=99 | elapsed=120895.1s
progress | opt_step=30725/172211 | micro_step=245800/1377681 | stage=stage2 | span=1 | train_loss=2.2107 | lr=0.000196476 | cpu_batch_ms=0.9 | provider_batch_ms=237.9 | prefetch_q=98 | elapsed=121008.5s
progress | opt_step=30750/172211 | micro_step=246000/1377681 | stage=stage2 | span=1 | train_loss=2.8450 | lr=0.000196459 | cpu_batch_ms=0.9 | provider_batch_ms=297.0 | prefetch_q=91 | elapsed=121100.9s
progress | opt_step=30775/172211 | micro_step=246200/1377681 | stage=stage2 | span=1 | train_loss=2.8780 | lr=0.000196443 | cpu_batch_ms=0.9 | provider_batch_ms=309.6 | prefetch_q=100 | elapsed=121192.2s
progress | opt_step=30800/172211 | micro_step=246400/1377681 | stage=stage2 | span=1 | train_loss=2.9709 | lr=0.000196426 | cpu_batch_ms=0.9 | provider_batch_ms=320.0 | prefetch_q=100 | elapsed=121284.3s
eval | opt_step=30800 | micro_step=246400 | train_loss=2.9709 | val_loss=3.0492 | val_ppl=21.10
progress | opt_step=30825/172211 | micro_step=246600/1377681 | stage=stage2 | span=1 | train_loss=3.0136 | lr=0.00019641 | cpu_batch_ms=0.9 | provider_batch_ms=245.0 | prefetch_q=100 | elapsed=121400.3s
progress | opt_step=30850/172211 | micro_step=246800/1377681 | stage=stage2 | span=1 | train_loss=3.0056 | lr=0.000196393 | cpu_batch_ms=0.9 | provider_batch_ms=289.5 | prefetch_q=100 | elapsed=121492.1s
progress | opt_step=30875/172211 | micro_step=247000/1377681 | stage=stage2 | span=1 | train_loss=2.6628 | lr=0.000196377 | cpu_batch_ms=0.9 | provider_batch_ms=308.2 | prefetch_q=100 | elapsed=121583.5s
progress | opt_step=30900/172211 | micro_step=247200/1377681 | stage=stage2 | span=1 | train_loss=2.6598 | lr=0.00019636 | cpu_batch_ms=0.9 | provider_batch_ms=319.0 | prefetch_q=98 | elapsed=121675.5s
progress | opt_step=30925/172211 | micro_step=247400/1377681 | stage=stage2 | span=1 | train_loss=2.7843 | lr=0.000196344 | cpu_batch_ms=0.9 | provider_batch_ms=230.4 | prefetch_q=100 | elapsed=121788.9s
progress | opt_step=30950/172211 | micro_step=247600/1377681 | stage=stage2 | span=1 | train_loss=2.7879 | lr=0.000196327 | cpu_batch_ms=0.9 | provider_batch_ms=287.2 | prefetch_q=100 | elapsed=121881.2s
progress | opt_step=30975/172211 | micro_step=247800/1377681 | stage=stage2 | span=1 | train_loss=2.9363 | lr=0.00019631 | cpu_batch_ms=0.9 | provider_batch_ms=305.5 | prefetch_q=99 | elapsed=121972.8s
progress | opt_step=31000/172211 | micro_step=248000/1377681 | stage=stage2 | span=1 | train_loss=2.5193 | lr=0.000196294 | cpu_batch_ms=0.9 | provider_batch_ms=317.3 | prefetch_q=100 | elapsed=122065.3s
eval | opt_step=31000 | micro_step=248000 | train_loss=2.5193 | val_loss=3.0451 | val_ppl=21.01
progress | opt_step=31025/172211 | micro_step=248200/1377681 | stage=stage2 | span=1 | train_loss=3.0593 | lr=0.000196277 | cpu_batch_ms=0.9 | provider_batch_ms=245.5 | prefetch_q=98 | elapsed=122201.2s
progress | opt_step=31050/172211 | micro_step=248400/1377681 | stage=stage2 | span=1 | train_loss=3.0976 | lr=0.00019626 | cpu_batch_ms=0.9 | provider_batch_ms=305.9 | prefetch_q=100 | elapsed=122293.7s
progress | opt_step=31075/172211 | micro_step=248600/1377681 | stage=stage2 | span=1 | train_loss=2.8946 | lr=0.000196243 | cpu_batch_ms=0.9 | provider_batch_ms=321.2 | prefetch_q=100 | elapsed=122385.9s
progress | opt_step=31100/172211 | micro_step=248800/1377681 | stage=stage2 | span=1 | train_loss=2.7951 | lr=0.000196227 | cpu_batch_ms=0.9 | provider_batch_ms=331.0 | prefetch_q=99 | elapsed=122478.3s
progress | opt_step=31125/172211 | micro_step=249000/1377681 | stage=stage2 | span=1 | train_loss=2.6865 | lr=0.00019621 | cpu_batch_ms=0.9 | provider_batch_ms=243.8 | prefetch_q=100 | elapsed=122592.4s
progress | opt_step=31150/172211 | micro_step=249200/1377681 | stage=stage2 | span=1 | train_loss=2.8879 | lr=0.000196193 | cpu_batch_ms=0.9 | provider_batch_ms=296.7 | prefetch_q=91 | elapsed=122684.7s
progress | opt_step=31175/172211 | micro_step=249400/1377681 | stage=stage2 | span=1 | train_loss=2.8004 | lr=0.000196176 | cpu_batch_ms=0.9 | provider_batch_ms=314.0 | prefetch_q=100 | elapsed=122777.0s
progress | opt_step=31200/172211 | micro_step=249600/1377681 | stage=stage2 | span=1 | train_loss=3.0178 | lr=0.000196159 | cpu_batch_ms=0.9 | provider_batch_ms=323.0 | prefetch_q=99 | elapsed=122868.8s
eval | opt_step=31200 | micro_step=249600 | train_loss=3.0178 | val_loss=3.0498 | val_ppl=21.11
progress | opt_step=31225/172211 | micro_step=249800/1377681 | stage=stage2 | span=1 | train_loss=2.9694 | lr=0.000196142 | cpu_batch_ms=0.9 | provider_batch_ms=243.7 | prefetch_q=100 | elapsed=122984.5s
progress | opt_step=31250/172211 | micro_step=250000/1377681 | stage=stage2 | span=1 | train_loss=2.8600 | lr=0.000196125 | cpu_batch_ms=0.9 | provider_batch_ms=285.2 | prefetch_q=100 | elapsed=123076.4s
progress | opt_step=31275/172211 | micro_step=250200/1377681 | stage=stage2 | span=1 | train_loss=2.8061 | lr=0.000196108 | cpu_batch_ms=0.9 | provider_batch_ms=313.8 | prefetch_q=95 | elapsed=123169.3s
progress | opt_step=31300/172211 | micro_step=250400/1377681 | stage=stage2 | span=1 | train_loss=2.8416 | lr=0.00019609 | cpu_batch_ms=0.9 | provider_batch_ms=317.4 | prefetch_q=97 | elapsed=123261.3s
progress | opt_step=31325/172211 | micro_step=250600/1377681 | stage=stage2 | span=1 | train_loss=2.7864 | lr=0.000196073 | cpu_batch_ms=0.9 | provider_batch_ms=237.1 | prefetch_q=100 | elapsed=123377.2s
progress | opt_step=31350/172211 | micro_step=250800/1377681 | stage=stage2 | span=1 | train_loss=2.8591 | lr=0.000196056 | cpu_batch_ms=0.9 | provider_batch_ms=282.4 | prefetch_q=100 | elapsed=123468.8s
progress | opt_step=31375/172211 | micro_step=251000/1377681 | stage=stage2 | span=1 | train_loss=2.8484 | lr=0.000196039 | cpu_batch_ms=0.9 | provider_batch_ms=305.1 | prefetch_q=98 | elapsed=123560.7s
progress | opt_step=31400/172211 | micro_step=251200/1377681 | stage=stage2 | span=1 | train_loss=3.3260 | lr=0.000196021 | cpu_batch_ms=0.9 | provider_batch_ms=316.7 | prefetch_q=100 | elapsed=123653.1s
eval | opt_step=31400 | micro_step=251200 | train_loss=3.3260 | val_loss=3.0501 | val_ppl=21.12
progress | opt_step=31425/172211 | micro_step=251400/1377681 | stage=stage2 | span=1 | train_loss=3.0497 | lr=0.000196004 | cpu_batch_ms=0.9 | provider_batch_ms=239.2 | prefetch_q=100 | elapsed=123771.4s
progress | opt_step=31450/172211 | micro_step=251600/1377681 | stage=stage2 | span=1 | train_loss=2.5453 | lr=0.000195987 | cpu_batch_ms=0.9 | provider_batch_ms=285.9 | prefetch_q=100 | elapsed=123863.8s
progress | opt_step=31475/172211 | micro_step=251800/1377681 | stage=stage2 | span=1 | train_loss=2.9677 | lr=0.000195969 | cpu_batch_ms=0.9 | provider_batch_ms=309.0 | prefetch_q=99 | elapsed=123956.6s
progress | opt_step=31500/172211 | micro_step=252000/1377681 | stage=stage2 | span=1 | train_loss=2.5647 | lr=0.000195952 | cpu_batch_ms=0.9 | provider_batch_ms=319.8 | prefetch_q=100 | elapsed=124049.3s
progress | opt_step=31525/172211 | micro_step=252200/1377681 | stage=stage2 | span=1 | train_loss=2.7801 | lr=0.000195934 | cpu_batch_ms=0.9 | provider_batch_ms=236.2 | prefetch_q=100 | elapsed=124163.7s
progress | opt_step=31550/172211 | micro_step=252400/1377681 | stage=stage2 | span=1 | train_loss=2.7370 | lr=0.000195917 | cpu_batch_ms=0.9 | provider_batch_ms=290.2 | prefetch_q=100 | elapsed=124256.9s
progress | opt_step=31575/172211 | micro_step=252600/1377681 | stage=stage2 | span=1 | train_loss=2.5853 | lr=0.000195899 | cpu_batch_ms=0.9 | provider_batch_ms=303.5 | prefetch_q=99 | elapsed=124348.9s
progress | opt_step=31600/172211 | micro_step=252800/1377681 | stage=stage2 | span=1 | train_loss=2.8476 | lr=0.000195882 | cpu_batch_ms=0.9 | provider_batch_ms=313.9 | prefetch_q=97 | elapsed=124440.9s
eval | opt_step=31600 | micro_step=252800 | train_loss=2.8476 | val_loss=3.0443 | val_ppl=21.00
progress | opt_step=31625/172211 | micro_step=253000/1377681 | stage=stage2 | span=1 | train_loss=2.6148 | lr=0.000195864 | cpu_batch_ms=0.9 | provider_batch_ms=241.6 | prefetch_q=100 | elapsed=124576.9s
progress | opt_step=31650/172211 | micro_step=253200/1377681 | stage=stage2 | span=1 | train_loss=2.9046 | lr=0.000195846 | cpu_batch_ms=0.9 | provider_batch_ms=293.0 | prefetch_q=98 | elapsed=124669.2s
progress | opt_step=31675/172211 | micro_step=253400/1377681 | stage=stage2 | span=1 | train_loss=2.7108 | lr=0.000195829 | cpu_batch_ms=0.9 | provider_batch_ms=317.3 | prefetch_q=100 | elapsed=124761.9s
progress | opt_step=31700/172211 | micro_step=253600/1377681 | stage=stage2 | span=1 | train_loss=2.7776 | lr=0.000195811 | cpu_batch_ms=0.9 | provider_batch_ms=318.7 | prefetch_q=100 | elapsed=124853.5s
progress | opt_step=31725/172211 | micro_step=253800/1377681 | stage=stage2 | span=1 | train_loss=2.5533 | lr=0.000195793 | cpu_batch_ms=0.9 | provider_batch_ms=217.8 | prefetch_q=99 | elapsed=124966.6s
progress | opt_step=31750/172211 | micro_step=254000/1377681 | stage=stage2 | span=1 | train_loss=2.9413 | lr=0.000195775 | cpu_batch_ms=0.9 | provider_batch_ms=286.7 | prefetch_q=95 | elapsed=125059.0s
progress | opt_step=31775/172211 | micro_step=254200/1377681 | stage=stage2 | span=1 | train_loss=2.5184 | lr=0.000195757 | cpu_batch_ms=0.9 | provider_batch_ms=304.4 | prefetch_q=99 | elapsed=125151.2s
progress | opt_step=31800/172211 | micro_step=254400/1377681 | stage=stage2 | span=1 | train_loss=3.0109 | lr=0.00019574 | cpu_batch_ms=0.9 | provider_batch_ms=314.8 | prefetch_q=97 | elapsed=125243.3s
eval | opt_step=31800 | micro_step=254400 | train_loss=3.0109 | val_loss=3.0444 | val_ppl=21.00
progress | opt_step=31825/172211 | micro_step=254600/1377681 | stage=stage2 | span=1 | train_loss=3.0717 | lr=0.000195722 | cpu_batch_ms=0.9 | provider_batch_ms=223.4 | prefetch_q=99 | elapsed=125361.3s
progress | opt_step=31850/172211 | micro_step=254800/1377681 | stage=stage2 | span=1 | train_loss=2.6857 | lr=0.000195704 | cpu_batch_ms=0.9 | provider_batch_ms=268.4 | prefetch_q=99 | elapsed=125453.4s
progress | opt_step=31875/172211 | micro_step=255000/1377681 | stage=stage2 | span=1 | train_loss=2.9010 | lr=0.000195686 | cpu_batch_ms=0.9 | provider_batch_ms=296.6 | prefetch_q=100 | elapsed=125545.5s
progress | opt_step=31900/172211 | micro_step=255200/1377681 | stage=stage2 | span=1 | train_loss=2.8936 | lr=0.000195668 | cpu_batch_ms=0.9 | provider_batch_ms=309.0 | prefetch_q=98 | elapsed=125637.1s
progress | opt_step=31925/172211 | micro_step=255400/1377681 | stage=stage2 | span=1 | train_loss=2.4709 | lr=0.00019565 | cpu_batch_ms=0.9 | provider_batch_ms=232.9 | prefetch_q=99 | elapsed=125749.8s
progress | opt_step=31950/172211 | micro_step=255600/1377681 | stage=stage2 | span=1 | train_loss=2.8272 | lr=0.000195631 | cpu_batch_ms=0.9 | provider_batch_ms=269.7 | prefetch_q=100 | elapsed=125841.6s
progress | opt_step=31975/172211 | micro_step=255800/1377681 | stage=stage2 | span=1 | train_loss=2.3267 | lr=0.000195613 | cpu_batch_ms=0.9 | provider_batch_ms=294.6 | prefetch_q=100 | elapsed=125934.0s
progress | opt_step=32000/172211 | micro_step=256000/1377681 | stage=stage2 | span=1 | train_loss=2.5333 | lr=0.000195595 | cpu_batch_ms=0.9 | provider_batch_ms=306.0 | prefetch_q=100 | elapsed=126025.8s
eval | opt_step=32000 | micro_step=256000 | train_loss=2.5333 | val_loss=3.0397 | val_ppl=20.90
progress | opt_step=32025/172211 | micro_step=256200/1377681 | stage=stage2 | span=1 | train_loss=2.4231 | lr=0.000195577 | cpu_batch_ms=0.9 | provider_batch_ms=238.0 | prefetch_q=99 | elapsed=126164.4s
progress | opt_step=32050/172211 | micro_step=256400/1377681 | stage=stage2 | span=1 | train_loss=2.5274 | lr=0.000195559 | cpu_batch_ms=0.9 | provider_batch_ms=296.0 | prefetch_q=99 | elapsed=126256.6s
progress | opt_step=32075/172211 | micro_step=256600/1377681 | stage=stage2 | span=1 | train_loss=3.0522 | lr=0.00019554 | cpu_batch_ms=0.9 | provider_batch_ms=321.4 | prefetch_q=98 | elapsed=126349.1s
progress | opt_step=32100/172211 | micro_step=256800/1377681 | stage=stage2 | span=1 | train_loss=2.9887 | lr=0.000195522 | cpu_batch_ms=0.9 | provider_batch_ms=328.8 | prefetch_q=100 | elapsed=126441.3s
progress | opt_step=32125/172211 | micro_step=257000/1377681 | stage=stage2 | span=1 | train_loss=2.9389 | lr=0.000195504 | cpu_batch_ms=0.9 | provider_batch_ms=271.3 | prefetch_q=97 | elapsed=126553.8s
progress | opt_step=32150/172211 | micro_step=257200/1377681 | stage=stage2 | span=1 | train_loss=2.8243 | lr=0.000195485 | cpu_batch_ms=0.9 | provider_batch_ms=309.2 | prefetch_q=92 | elapsed=126645.9s
progress | opt_step=32175/172211 | micro_step=257400/1377681 | stage=stage2 | span=1 | train_loss=2.4000 | lr=0.000195467 | cpu_batch_ms=0.9 | provider_batch_ms=319.2 | prefetch_q=99 | elapsed=126738.3s
progress | opt_step=32200/172211 | micro_step=257600/1377681 | stage=stage2 | span=1 | train_loss=2.6339 | lr=0.000195448 | cpu_batch_ms=0.9 | provider_batch_ms=331.0 | prefetch_q=100 | elapsed=126830.6s
eval | opt_step=32200 | micro_step=257600 | train_loss=2.6339 | val_loss=3.0294 | val_ppl=20.68
progress | opt_step=32225/172211 | micro_step=257800/1377681 | stage=stage2 | span=1 | train_loss=2.9488 | lr=0.00019543 | cpu_batch_ms=0.9 | provider_batch_ms=248.2 | prefetch_q=100 | elapsed=126966.7s
progress | opt_step=32250/172211 | micro_step=258000/1377681 | stage=stage2 | span=1 | train_loss=2.5630 | lr=0.000195411 | cpu_batch_ms=0.9 | provider_batch_ms=284.2 | prefetch_q=99 | elapsed=127058.6s
progress | opt_step=32275/172211 | micro_step=258200/1377681 | stage=stage2 | span=1 | train_loss=2.7498 | lr=0.000195393 | cpu_batch_ms=0.9 | provider_batch_ms=301.8 | prefetch_q=100 | elapsed=127150.2s
progress | opt_step=32300/172211 | micro_step=258400/1377681 | stage=stage2 | span=1 | train_loss=2.7091 | lr=0.000195374 | cpu_batch_ms=0.9 | provider_batch_ms=317.7 | prefetch_q=96 | elapsed=127241.9s
progress | opt_step=32325/172211 | micro_step=258600/1377681 | stage=stage2 | span=1 | train_loss=2.8878 | lr=0.000195355 | cpu_batch_ms=0.9 | provider_batch_ms=228.9 | prefetch_q=97 | elapsed=127353.8s
progress | opt_step=32350/172211 | micro_step=258800/1377681 | stage=stage2 | span=1 | train_loss=3.0181 | lr=0.000195337 | cpu_batch_ms=0.9 | provider_batch_ms=280.2 | prefetch_q=100 | elapsed=127445.9s
progress | opt_step=32375/172211 | micro_step=259000/1377681 | stage=stage2 | span=1 | train_loss=2.8613 | lr=0.000195318 | cpu_batch_ms=0.9 | provider_batch_ms=313.5 | prefetch_q=100 | elapsed=127538.0s
progress | opt_step=32400/172211 | micro_step=259200/1377681 | stage=stage2 | span=1 | train_loss=2.4007 | lr=0.000195299 | cpu_batch_ms=0.9 | provider_batch_ms=318.4 | prefetch_q=100 | elapsed=127629.9s
eval | opt_step=32400 | micro_step=259200 | train_loss=2.4007 | val_loss=3.0465 | val_ppl=21.04
progress | opt_step=32425/172211 | micro_step=259400/1377681 | stage=stage2 | span=1 | train_loss=2.6893 | lr=0.00019528 | cpu_batch_ms=0.9 | provider_batch_ms=242.5 | prefetch_q=100 | elapsed=127743.3s
progress | opt_step=32450/172211 | micro_step=259600/1377681 | stage=stage2 | span=1 | train_loss=2.9257 | lr=0.000195262 | cpu_batch_ms=0.9 | provider_batch_ms=295.5 | prefetch_q=100 | elapsed=127836.1s
progress | opt_step=32475/172211 | micro_step=259800/1377681 | stage=stage2 | span=1 | train_loss=2.9420 | lr=0.000195243 | cpu_batch_ms=0.9 | provider_batch_ms=314.1 | prefetch_q=100 | elapsed=127928.5s
progress | opt_step=32500/172211 | micro_step=260000/1377681 | stage=stage2 | span=1 | train_loss=3.1154 | lr=0.000195224 | cpu_batch_ms=0.9 | provider_batch_ms=318.7 | prefetch_q=99 | elapsed=128020.4s
progress | opt_step=32525/172211 | micro_step=260200/1377681 | stage=stage2 | span=1 | train_loss=3.0816 | lr=0.000195205 | cpu_batch_ms=0.9 | provider_batch_ms=250.1 | prefetch_q=100 | elapsed=128132.3s
progress | opt_step=32550/172211 | micro_step=260400/1377681 | stage=stage2 | span=1 | train_loss=2.8235 | lr=0.000195186 | cpu_batch_ms=0.9 | provider_batch_ms=282.4 | prefetch_q=100 | elapsed=128224.2s
progress | opt_step=32575/172211 | micro_step=260600/1377681 | stage=stage2 | span=1 | train_loss=2.8259 | lr=0.000195167 | cpu_batch_ms=0.9 | provider_batch_ms=304.1 | prefetch_q=96 | elapsed=128316.0s
progress | opt_step=32600/172211 | micro_step=260800/1377681 | stage=stage2 | span=1 | train_loss=2.7166 | lr=0.000195148 | cpu_batch_ms=0.9 | provider_batch_ms=309.0 | prefetch_q=100 | elapsed=128407.6s
eval | opt_step=32600 | micro_step=260800 | train_loss=2.7166 | val_loss=3.0400 | val_ppl=20.91
progress | opt_step=32625/172211 | micro_step=261000/1377681 | stage=stage2 | span=1 | train_loss=3.1715 | lr=0.000195129 | cpu_batch_ms=0.9 | provider_batch_ms=224.1 | prefetch_q=97 | elapsed=128520.5s
progress | opt_step=32650/172211 | micro_step=261200/1377681 | stage=stage2 | span=1 | train_loss=2.8239 | lr=0.000195109 | cpu_batch_ms=0.9 | provider_batch_ms=278.6 | prefetch_q=98 | elapsed=128612.2s
progress | opt_step=32675/172211 | micro_step=261400/1377681 | stage=stage2 | span=1 | train_loss=2.8056 | lr=0.00019509 | cpu_batch_ms=0.9 | provider_batch_ms=295.9 | prefetch_q=90 | elapsed=128704.1s
progress | opt_step=32700/172211 | micro_step=261600/1377681 | stage=stage2 | span=1 | train_loss=2.9822 | lr=0.000195071 | cpu_batch_ms=0.9 | provider_batch_ms=310.8 | prefetch_q=99 | elapsed=128796.5s
progress | opt_step=32725/172211 | micro_step=261800/1377681 | stage=stage2 | span=1 | train_loss=2.9168 | lr=0.000195052 | cpu_batch_ms=0.9 | provider_batch_ms=255.9 | prefetch_q=96 | elapsed=128908.4s
progress | opt_step=32750/172211 | micro_step=262000/1377681 | stage=stage2 | span=1 | train_loss=2.8498 | lr=0.000195033 | cpu_batch_ms=0.9 | provider_batch_ms=288.9 | prefetch_q=100 | elapsed=129001.0s
progress | opt_step=32775/172211 | micro_step=262200/1377681 | stage=stage2 | span=1 | train_loss=2.6076 | lr=0.000195013 | cpu_batch_ms=0.9 | provider_batch_ms=313.8 | prefetch_q=98 | elapsed=129093.5s
progress | opt_step=32800/172211 | micro_step=262400/1377681 | stage=stage2 | span=1 | train_loss=3.2612 | lr=0.000194994 | cpu_batch_ms=0.9 | provider_batch_ms=326.0 | prefetch_q=100 | elapsed=129185.8s
eval | opt_step=32800 | micro_step=262400 | train_loss=3.2612 | val_loss=3.0422 | val_ppl=20.95
progress | opt_step=32825/172211 | micro_step=262600/1377681 | stage=stage2 | span=1 | train_loss=2.8847 | lr=0.000194974 | cpu_batch_ms=0.9 | provider_batch_ms=235.9 | prefetch_q=100 | elapsed=129299.7s
progress | opt_step=32850/172211 | micro_step=262800/1377681 | stage=stage2 | span=1 | train_loss=2.8702 | lr=0.000194955 | cpu_batch_ms=0.9 | provider_batch_ms=286.0 | prefetch_q=97 | elapsed=129391.2s
progress | opt_step=32875/172211 | micro_step=263000/1377681 | stage=stage2 | span=1 | train_loss=2.9284 | lr=0.000194936 | cpu_batch_ms=0.9 | provider_batch_ms=310.2 | prefetch_q=99 | elapsed=129483.4s
progress | opt_step=32900/172211 | micro_step=263200/1377681 | stage=stage2 | span=1 | train_loss=2.5634 | lr=0.000194916 | cpu_batch_ms=0.9 | provider_batch_ms=323.1 | prefetch_q=100 | elapsed=129575.8s
progress | opt_step=32925/172211 | micro_step=263400/1377681 | stage=stage2 | span=1 | train_loss=3.1229 | lr=0.000194897 | cpu_batch_ms=0.9 | provider_batch_ms=255.8 | prefetch_q=100 | elapsed=129688.9s
progress | opt_step=32950/172211 | micro_step=263600/1377681 | stage=stage2 | span=1 | train_loss=2.5674 | lr=0.000194877 | cpu_batch_ms=0.9 | provider_batch_ms=299.8 | prefetch_q=100 | elapsed=129781.5s
progress | opt_step=32975/172211 | micro_step=263800/1377681 | stage=stage2 | span=1 | train_loss=2.6731 | lr=0.000194857 | cpu_batch_ms=0.9 | provider_batch_ms=321.0 | prefetch_q=100 | elapsed=129873.5s
progress | opt_step=33000/172211 | micro_step=264000/1377681 | stage=stage2 | span=1 | train_loss=2.8737 | lr=0.000194838 | cpu_batch_ms=0.9 | provider_batch_ms=329.4 | prefetch_q=100 | elapsed=129966.1s
eval | opt_step=33000 | micro_step=264000 | train_loss=2.8737 | val_loss=3.0436 | val_ppl=20.98
progress | opt_step=33025/172211 | micro_step=264200/1377681 | stage=stage2 | span=1 | train_loss=2.8881 | lr=0.000194818 | cpu_batch_ms=0.9 | provider_batch_ms=219.5 | prefetch_q=100 | elapsed=130080.4s
progress | opt_step=33050/172211 | micro_step=264400/1377681 | stage=stage2 | span=1 | train_loss=2.9719 | lr=0.000194798 | cpu_batch_ms=0.9 | provider_batch_ms=270.3 | prefetch_q=100 | elapsed=130172.3s
progress | opt_step=33075/172211 | micro_step=264600/1377681 | stage=stage2 | span=1 | train_loss=3.2337 | lr=0.000194779 | cpu_batch_ms=0.9 | provider_batch_ms=293.9 | prefetch_q=100 | elapsed=130264.7s
progress | opt_step=33100/172211 | micro_step=264800/1377681 | stage=stage2 | span=1 | train_loss=2.8883 | lr=0.000194759 | cpu_batch_ms=0.9 | provider_batch_ms=310.1 | prefetch_q=100 | elapsed=130356.8s
progress | opt_step=33125/172211 | micro_step=265000/1377681 | stage=stage2 | span=1 | train_loss=3.0247 | lr=0.000194739 | cpu_batch_ms=0.9 | provider_batch_ms=239.3 | prefetch_q=99 | elapsed=130468.7s
progress | opt_step=33150/172211 | micro_step=265200/1377681 | stage=stage2 | span=1 | train_loss=2.5983 | lr=0.000194719 | cpu_batch_ms=0.9 | provider_batch_ms=293.9 | prefetch_q=100 | elapsed=130561.3s
progress | opt_step=33175/172211 | micro_step=265400/1377681 | stage=stage2 | span=1 | train_loss=2.8131 | lr=0.000194699 | cpu_batch_ms=0.9 | provider_batch_ms=312.7 | prefetch_q=99 | elapsed=130653.7s
progress | opt_step=33200/172211 | micro_step=265600/1377681 | stage=stage2 | span=1 | train_loss=2.8877 | lr=0.000194679 | cpu_batch_ms=0.9 | provider_batch_ms=321.8 | prefetch_q=96 | elapsed=130745.8s
eval | opt_step=33200 | micro_step=265600 | train_loss=2.8877 | val_loss=3.0302 | val_ppl=20.70
progress | opt_step=33225/172211 | micro_step=265800/1377681 | stage=stage2 | span=1 | train_loss=2.8094 | lr=0.000194659 | cpu_batch_ms=0.9 | provider_batch_ms=255.9 | prefetch_q=100 | elapsed=130861.0s
progress | opt_step=33250/172211 | micro_step=266000/1377681 | stage=stage2 | span=1 | train_loss=2.7583 | lr=0.000194639 | cpu_batch_ms=0.9 | provider_batch_ms=284.2 | prefetch_q=100 | elapsed=130952.3s
progress | opt_step=33275/172211 | micro_step=266200/1377681 | stage=stage2 | span=1 | train_loss=2.6083 | lr=0.000194619 | cpu_batch_ms=0.9 | provider_batch_ms=304.1 | prefetch_q=100 | elapsed=131044.8s
progress | opt_step=33300/172211 | micro_step=266400/1377681 | stage=stage2 | span=1 | train_loss=2.3715 | lr=0.000194599 | cpu_batch_ms=0.9 | provider_batch_ms=308.2 | prefetch_q=100 | elapsed=131136.4s
progress | opt_step=33325/172211 | micro_step=266600/1377681 | stage=stage2 | span=1 | train_loss=3.3577 | lr=0.000194579 | cpu_batch_ms=0.9 | provider_batch_ms=236.7 | prefetch_q=100 | elapsed=131248.1s
progress | opt_step=33350/172211 | micro_step=266800/1377681 | stage=stage2 | span=1 | train_loss=2.5018 | lr=0.000194559 | cpu_batch_ms=0.9 | provider_batch_ms=283.7 | prefetch_q=98 | elapsed=131339.8s
progress | opt_step=33375/172211 | micro_step=267000/1377681 | stage=stage2 | span=1 | train_loss=2.7428 | lr=0.000194539 | cpu_batch_ms=0.9 | provider_batch_ms=305.7 | prefetch_q=100 | elapsed=131432.3s
progress | opt_step=33400/172211 | micro_step=267200/1377681 | stage=stage2 | span=1 | train_loss=2.7061 | lr=0.000194518 | cpu_batch_ms=0.9 | provider_batch_ms=322.1 | prefetch_q=98 | elapsed=131525.0s
eval | opt_step=33400 | micro_step=267200 | train_loss=2.7061 | val_loss=3.0181 | val_ppl=20.45
progress | opt_step=33425/172211 | micro_step=267400/1377681 | stage=stage2 | span=1 | train_loss=3.0590 | lr=0.000194498 | cpu_batch_ms=0.9 | provider_batch_ms=227.3 | prefetch_q=98 | elapsed=131662.6s
progress | opt_step=33450/172211 | micro_step=267600/1377681 | stage=stage2 | span=1 | train_loss=3.0938 | lr=0.000194478 | cpu_batch_ms=0.9 | provider_batch_ms=282.3 | prefetch_q=100 | elapsed=131754.8s
progress | opt_step=33475/172211 | micro_step=267800/1377681 | stage=stage2 | span=1 | train_loss=2.7891 | lr=0.000194458 | cpu_batch_ms=0.9 | provider_batch_ms=304.4 | prefetch_q=96 | elapsed=131846.4s
progress | opt_step=33500/172211 | micro_step=268000/1377681 | stage=stage2 | span=1 | train_loss=2.9693 | lr=0.000194437 | cpu_batch_ms=0.9 | provider_batch_ms=321.1 | prefetch_q=97 | elapsed=131938.8s
progress | opt_step=33525/172211 | micro_step=268200/1377681 | stage=stage2 | span=1 | train_loss=2.8331 | lr=0.000194417 | cpu_batch_ms=0.9 | provider_batch_ms=230.1 | prefetch_q=100 | elapsed=132050.6s
progress | opt_step=33550/172211 | micro_step=268400/1377681 | stage=stage2 | span=1 | train_loss=3.0248 | lr=0.000194396 | cpu_batch_ms=0.9 | provider_batch_ms=283.4 | prefetch_q=100 | elapsed=132142.4s
progress | opt_step=33575/172211 | micro_step=268600/1377681 | stage=stage2 | span=1 | train_loss=2.9783 | lr=0.000194376 | cpu_batch_ms=0.9 | provider_batch_ms=302.0 | prefetch_q=100 | elapsed=132234.5s
progress | opt_step=33600/172211 | micro_step=268800/1377681 | stage=stage2 | span=1 | train_loss=2.6024 | lr=0.000194355 | cpu_batch_ms=0.9 | provider_batch_ms=315.4 | prefetch_q=95 | elapsed=132326.6s
eval | opt_step=33600 | micro_step=268800 | train_loss=2.6024 | val_loss=3.0263 | val_ppl=20.62
progress | opt_step=33625/172211 | micro_step=269000/1377681 | stage=stage2 | span=1 | train_loss=2.8656 | lr=0.000194335 | cpu_batch_ms=0.9 | provider_batch_ms=222.4 | prefetch_q=99 | elapsed=132440.7s
progress | opt_step=33650/172211 | micro_step=269200/1377681 | stage=stage2 | span=1 | train_loss=2.2932 | lr=0.000194314 | cpu_batch_ms=0.9 | provider_batch_ms=274.6 | prefetch_q=99 | elapsed=132532.7s
progress | opt_step=33675/172211 | micro_step=269400/1377681 | stage=stage2 | span=1 | train_loss=2.5921 | lr=0.000194294 | cpu_batch_ms=0.9 | provider_batch_ms=302.6 | prefetch_q=100 | elapsed=132624.8s
progress | opt_step=33700/172211 | micro_step=269600/1377681 | stage=stage2 | span=1 | train_loss=2.8000 | lr=0.000194273 | cpu_batch_ms=0.9 | provider_batch_ms=316.3 | prefetch_q=99 | elapsed=132716.4s
progress | opt_step=33725/172211 | micro_step=269800/1377681 | stage=stage2 | span=1 | train_loss=2.9026 | lr=0.000194252 | cpu_batch_ms=0.9 | provider_batch_ms=249.5 | prefetch_q=99 | elapsed=132829.3s
progress | opt_step=33750/172211 | micro_step=270000/1377681 | stage=stage2 | span=1 | train_loss=2.9762 | lr=0.000194232 | cpu_batch_ms=0.9 | provider_batch_ms=294.1 | prefetch_q=98 | elapsed=132921.4s
progress | opt_step=33775/172211 | micro_step=270200/1377681 | stage=stage2 | span=1 | train_loss=2.7483 | lr=0.000194211 | cpu_batch_ms=0.9 | provider_batch_ms=307.4 | prefetch_q=99 | elapsed=133013.2s
progress | opt_step=33800/172211 | micro_step=270400/1377681 | stage=stage2 | span=1 | train_loss=2.6219 | lr=0.00019419 | cpu_batch_ms=0.9 | provider_batch_ms=316.3 | prefetch_q=100 | elapsed=133104.7s
eval | opt_step=33800 | micro_step=270400 | train_loss=2.6219 | val_loss=3.0245 | val_ppl=20.58
progress | opt_step=33825/172211 | micro_step=270600/1377681 | stage=stage2 | span=1 | train_loss=2.5001 | lr=0.000194169 | cpu_batch_ms=0.9 | provider_batch_ms=232.5 | prefetch_q=100 | elapsed=133220.3s
progress | opt_step=33850/172211 | micro_step=270800/1377681 | stage=stage2 | span=1 | train_loss=3.0855 | lr=0.000194148 | cpu_batch_ms=0.9 | provider_batch_ms=275.2 | prefetch_q=97 | elapsed=133311.6s
progress | opt_step=33875/172211 | micro_step=271000/1377681 | stage=stage2 | span=1 | train_loss=2.5084 | lr=0.000194127 | cpu_batch_ms=0.9 | provider_batch_ms=291.7 | prefetch_q=100 | elapsed=133403.3s
progress | opt_step=33900/172211 | micro_step=271200/1377681 | stage=stage2 | span=1 | train_loss=2.4117 | lr=0.000194106 | cpu_batch_ms=0.9 | provider_batch_ms=304.0 | prefetch_q=99 | elapsed=133494.6s
progress | opt_step=33925/172211 | micro_step=271400/1377681 | stage=stage2 | span=1 | train_loss=2.6826 | lr=0.000194085 | cpu_batch_ms=0.9 | provider_batch_ms=262.3 | prefetch_q=99 | elapsed=133606.7s
progress | opt_step=33950/172211 | micro_step=271600/1377681 | stage=stage2 | span=1 | train_loss=2.6609 | lr=0.000194064 | cpu_batch_ms=0.9 | provider_batch_ms=292.6 | prefetch_q=99 | elapsed=133697.8s
progress | opt_step=33975/172211 | micro_step=271800/1377681 | stage=stage2 | span=1 | train_loss=3.0183 | lr=0.000194043 | cpu_batch_ms=0.9 | provider_batch_ms=313.8 | prefetch_q=99 | elapsed=133790.5s
progress | opt_step=34000/172211 | micro_step=272000/1377681 | stage=stage2 | span=1 | train_loss=2.5883 | lr=0.000194022 | cpu_batch_ms=0.9 | provider_batch_ms=324.3 | prefetch_q=98 | elapsed=133882.2s
eval | opt_step=34000 | micro_step=272000 | train_loss=2.5883 | val_loss=3.0422 | val_ppl=20.95
progress | opt_step=34025/172211 | micro_step=272200/1377681 | stage=stage2 | span=1 | train_loss=2.8039 | lr=0.000194001 | cpu_batch_ms=0.9 | provider_batch_ms=240.9 | prefetch_q=96 | elapsed=133997.5s
progress | opt_step=34050/172211 | micro_step=272400/1377681 | stage=stage2 | span=1 | train_loss=2.6871 | lr=0.00019398 | cpu_batch_ms=0.9 | provider_batch_ms=279.3 | prefetch_q=98 | elapsed=134088.9s
progress | opt_step=34075/172211 | micro_step=272600/1377681 | stage=stage2 | span=1 | train_loss=2.9713 | lr=0.000193959 | cpu_batch_ms=0.9 | provider_batch_ms=301.6 | prefetch_q=99 | elapsed=134181.5s
progress | opt_step=34100/172211 | micro_step=272800/1377681 | stage=stage2 | span=1 | train_loss=3.0842 | lr=0.000193938 | cpu_batch_ms=0.9 | provider_batch_ms=318.4 | prefetch_q=100 | elapsed=134273.7s
progress | opt_step=34125/172211 | micro_step=273000/1377681 | stage=stage2 | span=1 | train_loss=3.0251 | lr=0.000193916 | cpu_batch_ms=0.9 | provider_batch_ms=232.0 | prefetch_q=100 | elapsed=134387.1s
progress | opt_step=34150/172211 | micro_step=273200/1377681 | stage=stage2 | span=1 | train_loss=2.7945 | lr=0.000193895 | cpu_batch_ms=0.9 | provider_batch_ms=279.1 | prefetch_q=96 | elapsed=134479.4s
progress | opt_step=34175/172211 | micro_step=273400/1377681 | stage=stage2 | span=1 | train_loss=2.9204 | lr=0.000193874 | cpu_batch_ms=0.9 | provider_batch_ms=299.2 | prefetch_q=97 | elapsed=134571.3s
progress | opt_step=34200/172211 | micro_step=273600/1377681 | stage=stage2 | span=1 | train_loss=3.2515 | lr=0.000193852 | cpu_batch_ms=0.9 | provider_batch_ms=314.3 | prefetch_q=94 | elapsed=134663.9s
eval | opt_step=34200 | micro_step=273600 | train_loss=3.2515 | val_loss=3.0333 | val_ppl=20.77
progress | opt_step=34225/172211 | micro_step=273800/1377681 | stage=stage2 | span=1 | train_loss=2.9872 | lr=0.000193831 | cpu_batch_ms=0.9 | provider_batch_ms=252.3 | prefetch_q=100 | elapsed=134778.9s
progress | opt_step=34250/172211 | micro_step=274000/1377681 | stage=stage2 | span=1 | train_loss=3.0585 | lr=0.000193809 | cpu_batch_ms=0.9 | provider_batch_ms=302.6 | prefetch_q=100 | elapsed=134872.1s
progress | opt_step=34275/172211 | micro_step=274200/1377681 | stage=stage2 | span=1 | train_loss=2.8714 | lr=0.000193788 | cpu_batch_ms=0.9 | provider_batch_ms=317.3 | prefetch_q=100 | elapsed=134964.6s
progress | opt_step=34300/172211 | micro_step=274400/1377681 | stage=stage2 | span=1 | train_loss=2.4061 | lr=0.000193766 | cpu_batch_ms=0.9 | provider_batch_ms=332.2 | prefetch_q=99 | elapsed=135057.3s
progress | opt_step=34325/172211 | micro_step=274600/1377681 | stage=stage2 | span=1 | train_loss=2.9943 | lr=0.000193745 | cpu_batch_ms=0.9 | provider_batch_ms=243.8 | prefetch_q=98 | elapsed=135179.8s
progress | opt_step=34350/172211 | micro_step=274800/1377681 | stage=stage2 | span=1 | train_loss=3.1347 | lr=0.000193723 | cpu_batch_ms=0.9 | provider_batch_ms=286.4 | prefetch_q=100 | elapsed=135272.2s
progress | opt_step=34375/172211 | micro_step=275000/1377681 | stage=stage2 | span=1 | train_loss=3.0526 | lr=0.000193702 | cpu_batch_ms=0.9 | provider_batch_ms=308.5 | prefetch_q=100 | elapsed=135364.6s
progress | opt_step=34400/172211 | micro_step=275200/1377681 | stage=stage2 | span=1 | train_loss=2.8510 | lr=0.00019368 | cpu_batch_ms=0.9 | provider_batch_ms=322.9 | prefetch_q=100 | elapsed=135457.5s
eval | opt_step=34400 | micro_step=275200 | train_loss=2.8510 | val_loss=3.0191 | val_ppl=20.47
progress | opt_step=34425/172211 | micro_step=275400/1377681 | stage=stage2 | span=1 | train_loss=3.0031 | lr=0.000193658 | cpu_batch_ms=0.9 | provider_batch_ms=235.3 | prefetch_q=99 | elapsed=135633.5s
progress | opt_step=34450/172211 | micro_step=275600/1377681 | stage=stage2 | span=1 | train_loss=2.9169 | lr=0.000193636 | cpu_batch_ms=0.9 | provider_batch_ms=293.6 | prefetch_q=99 | elapsed=135727.5s
progress | opt_step=34475/172211 | micro_step=275800/1377681 | stage=stage2 | span=1 | train_loss=2.7721 | lr=0.000193615 | cpu_batch_ms=0.9 | provider_batch_ms=318.4 | prefetch_q=98 | elapsed=135820.8s
progress | opt_step=34500/172211 | micro_step=276000/1377681 | stage=stage2 | span=1 | train_loss=2.4065 | lr=0.000193593 | cpu_batch_ms=0.9 | provider_batch_ms=334.2 | prefetch_q=95 | elapsed=135914.7s
progress | opt_step=34525/172211 | micro_step=276200/1377681 | stage=stage2 | span=1 | train_loss=2.9491 | lr=0.000193571 | cpu_batch_ms=0.9 | provider_batch_ms=248.9 | prefetch_q=100 | elapsed=136034.9s
progress | opt_step=34550/172211 | micro_step=276400/1377681 | stage=stage2 | span=1 | train_loss=2.5173 | lr=0.000193549 | cpu_batch_ms=0.9 | provider_batch_ms=291.5 | prefetch_q=100 | elapsed=136128.5s
progress | opt_step=34575/172211 | micro_step=276600/1377681 | stage=stage2 | span=1 | train_loss=2.4922 | lr=0.000193527 | cpu_batch_ms=0.9 | provider_batch_ms=302.1 | prefetch_q=99 | elapsed=136221.3s
progress | opt_step=34600/172211 | micro_step=276800/1377681 | stage=stage2 | span=1 | train_loss=2.8952 | lr=0.000193505 | cpu_batch_ms=0.9 | provider_batch_ms=318.5 | prefetch_q=92 | elapsed=136314.8s
eval | opt_step=34600 | micro_step=276800 | train_loss=2.8952 | val_loss=3.0216 | val_ppl=20.52
progress | opt_step=34625/172211 | micro_step=277000/1377681 | stage=stage2 | span=1 | train_loss=2.8199 | lr=0.000193483 | cpu_batch_ms=0.9 | provider_batch_ms=246.3 | prefetch_q=100 | elapsed=136444.4s
progress | opt_step=34650/172211 | micro_step=277200/1377681 | stage=stage2 | span=1 | train_loss=2.5548 | lr=0.000193461 | cpu_batch_ms=0.9 | provider_batch_ms=299.4 | prefetch_q=100 | elapsed=136537.3s
progress | opt_step=34675/172211 | micro_step=277400/1377681 | stage=stage2 | span=1 | train_loss=2.7770 | lr=0.000193439 | cpu_batch_ms=0.9 | provider_batch_ms=320.1 | prefetch_q=100 | elapsed=136630.5s
progress | opt_step=34700/172211 | micro_step=277600/1377681 | stage=stage2 | span=1 | train_loss=2.7822 | lr=0.000193417 | cpu_batch_ms=0.9 | provider_batch_ms=338.3 | prefetch_q=100 | elapsed=136723.9s
progress | opt_step=34725/172211 | micro_step=277800/1377681 | stage=stage2 | span=1 | train_loss=3.0430 | lr=0.000193395 | cpu_batch_ms=0.9 | provider_batch_ms=253.3 | prefetch_q=100 | elapsed=136842.3s
progress | opt_step=34750/172211 | micro_step=278000/1377681 | stage=stage2 | span=1 | train_loss=2.9486 | lr=0.000193373 | cpu_batch_ms=0.9 | provider_batch_ms=288.0 | prefetch_q=98 | elapsed=136935.2s
progress | opt_step=34775/172211 | micro_step=278200/1377681 | stage=stage2 | span=1 | train_loss=2.7284 | lr=0.000193351 | cpu_batch_ms=0.9 | provider_batch_ms=313.6 | prefetch_q=100 | elapsed=137027.9s
progress | opt_step=34800/172211 | micro_step=278400/1377681 | stage=stage2 | span=1 | train_loss=3.1386 | lr=0.000193328 | cpu_batch_ms=0.9 | provider_batch_ms=319.9 | prefetch_q=100 | elapsed=137120.8s
eval | opt_step=34800 | micro_step=278400 | train_loss=3.1386 | val_loss=3.0085 | val_ppl=20.26
progress | opt_step=34825/172211 | micro_step=278600/1377681 | stage=stage2 | span=1 | train_loss=2.8396 | lr=0.000193306 | cpu_batch_ms=0.9 | provider_batch_ms=239.2 | prefetch_q=100 | elapsed=137261.9s
progress | opt_step=34850/172211 | micro_step=278800/1377681 | stage=stage2 | span=1 | train_loss=2.5991 | lr=0.000193284 | cpu_batch_ms=0.9 | provider_batch_ms=285.2 | prefetch_q=100 | elapsed=137355.0s
progress | opt_step=34875/172211 | micro_step=279000/1377681 | stage=stage2 | span=1 | train_loss=2.7784 | lr=0.000193261 | cpu_batch_ms=0.9 | provider_batch_ms=311.6 | prefetch_q=99 | elapsed=137447.7s
progress | opt_step=34900/172211 | micro_step=279200/1377681 | stage=stage2 | span=1 | train_loss=2.9164 | lr=0.000193239 | cpu_batch_ms=0.9 | provider_batch_ms=324.4 | prefetch_q=97 | elapsed=137541.1s
progress | opt_step=34925/172211 | micro_step=279400/1377681 | stage=stage2 | span=1 | train_loss=2.8787 | lr=0.000193217 | cpu_batch_ms=0.9 | provider_batch_ms=248.7 | prefetch_q=99 | elapsed=137660.2s
progress | opt_step=34950/172211 | micro_step=279600/1377681 | stage=stage2 | span=1 | train_loss=2.7083 | lr=0.000193194 | cpu_batch_ms=0.9 | provider_batch_ms=304.5 | prefetch_q=99 | elapsed=137754.0s
progress | opt_step=34975/172211 | micro_step=279800/1377681 | stage=stage2 | span=1 | train_loss=2.7038 | lr=0.000193172 | cpu_batch_ms=0.9 | provider_batch_ms=330.3 | prefetch_q=95 | elapsed=137847.3s
progress | opt_step=35000/172211 | micro_step=280000/1377681 | stage=stage2 | span=1 | train_loss=2.9426 | lr=0.000193149 | cpu_batch_ms=0.9 | provider_batch_ms=337.3 | prefetch_q=100 | elapsed=137939.2s
eval | opt_step=35000 | micro_step=280000 | train_loss=2.9426 | val_loss=3.0250 | val_ppl=20.59
progress | opt_step=35025/172211 | micro_step=280200/1377681 | stage=stage2 | span=1 | train_loss=3.0032 | lr=0.000193127 | cpu_batch_ms=0.9 | provider_batch_ms=236.7 | prefetch_q=99 | elapsed=138061.4s
progress | opt_step=35050/172211 | micro_step=280400/1377681 | stage=stage2 | span=1 | train_loss=2.8077 | lr=0.000193104 | cpu_batch_ms=0.9 | provider_batch_ms=270.0 | prefetch_q=99 | elapsed=138154.2s
progress | opt_step=35075/172211 | micro_step=280600/1377681 | stage=stage2 | span=1 | train_loss=2.8303 | lr=0.000193081 | cpu_batch_ms=0.9 | provider_batch_ms=305.3 | prefetch_q=100 | elapsed=138247.0s
progress | opt_step=35100/172211 | micro_step=280800/1377681 | stage=stage2 | span=1 | train_loss=3.1308 | lr=0.000193059 | cpu_batch_ms=0.9 | provider_batch_ms=313.8 | prefetch_q=100 | elapsed=138339.5s
progress | opt_step=35125/172211 | micro_step=281000/1377681 | stage=stage2 | span=1 | train_loss=2.9367 | lr=0.000193036 | cpu_batch_ms=0.9 | provider_batch_ms=244.1 | prefetch_q=100 | elapsed=138451.3s
progress | opt_step=35150/172211 | micro_step=281200/1377681 | stage=stage2 | span=1 | train_loss=2.8315 | lr=0.000193013 | cpu_batch_ms=0.9 | provider_batch_ms=287.8 | prefetch_q=100 | elapsed=138544.2s
progress | opt_step=35175/172211 | micro_step=281400/1377681 | stage=stage2 | span=1 | train_loss=2.9426 | lr=0.00019299 | cpu_batch_ms=0.9 | provider_batch_ms=310.6 | prefetch_q=96 | elapsed=138637.0s
progress | opt_step=35200/172211 | micro_step=281600/1377681 | stage=stage2 | span=1 | train_loss=2.6349 | lr=0.000192968 | cpu_batch_ms=0.9 | provider_batch_ms=323.8 | prefetch_q=99 | elapsed=138729.7s
eval | opt_step=35200 | micro_step=281600 | train_loss=2.6349 | val_loss=3.0035 | val_ppl=20.16
progress | opt_step=35225/172211 | micro_step=281800/1377681 | stage=stage2 | span=1 | train_loss=3.1803 | lr=0.000192945 | cpu_batch_ms=0.9 | provider_batch_ms=251.4 | prefetch_q=100 | elapsed=138868.5s
progress | opt_step=35250/172211 | micro_step=282000/1377681 | stage=stage2 | span=1 | train_loss=2.3603 | lr=0.000192922 | cpu_batch_ms=0.9 | provider_batch_ms=293.6 | prefetch_q=100 | elapsed=138961.2s
progress | opt_step=35275/172211 | micro_step=282200/1377681 | stage=stage2 | span=1 | train_loss=2.6221 | lr=0.000192899 | cpu_batch_ms=0.9 | provider_batch_ms=313.4 | prefetch_q=100 | elapsed=139053.6s
progress | opt_step=35300/172211 | micro_step=282400/1377681 | stage=stage2 | span=1 | train_loss=2.6431 | lr=0.000192876 | cpu_batch_ms=0.9 | provider_batch_ms=324.7 | prefetch_q=100 | elapsed=139146.3s
progress | opt_step=35325/172211 | micro_step=282600/1377681 | stage=stage2 | span=1 | train_loss=2.5029 | lr=0.000192853 | cpu_batch_ms=0.9 | provider_batch_ms=227.0 | prefetch_q=100 | elapsed=139264.9s
progress | opt_step=35350/172211 | micro_step=282800/1377681 | stage=stage2 | span=1 | train_loss=2.5276 | lr=0.00019283 | cpu_batch_ms=0.9 | provider_batch_ms=282.0 | prefetch_q=100 | elapsed=139357.4s
progress | opt_step=35375/172211 | micro_step=283000/1377681 | stage=stage2 | span=1 | train_loss=2.1886 | lr=0.000192807 | cpu_batch_ms=0.9 | provider_batch_ms=304.5 | prefetch_q=100 | elapsed=139451.0s
progress | opt_step=35400/172211 | micro_step=283200/1377681 | stage=stage2 | span=1 | train_loss=2.5689 | lr=0.000192784 | cpu_batch_ms=0.9 | provider_batch_ms=331.0 | prefetch_q=94 | elapsed=139543.9s
eval | opt_step=35400 | micro_step=283200 | train_loss=2.5689 | val_loss=3.0032 | val_ppl=20.15
progress | opt_step=35425/172211 | micro_step=283400/1377681 | stage=stage2 | span=1 | train_loss=2.7096 | lr=0.000192761 | cpu_batch_ms=0.9 | provider_batch_ms=269.9 | prefetch_q=99 | elapsed=139685.4s
progress | opt_step=35450/172211 | micro_step=283600/1377681 | stage=stage2 | span=1 | train_loss=2.7322 | lr=0.000192738 | cpu_batch_ms=0.9 | provider_batch_ms=304.0 | prefetch_q=100 | elapsed=139777.8s
progress | opt_step=35475/172211 | micro_step=283800/1377681 | stage=stage2 | span=1 | train_loss=3.0049 | lr=0.000192714 | cpu_batch_ms=0.9 | provider_batch_ms=314.9 | prefetch_q=100 | elapsed=139870.5s
progress | opt_step=35500/172211 | micro_step=284000/1377681 | stage=stage2 | span=1 | train_loss=2.8117 | lr=0.000192691 | cpu_batch_ms=0.9 | provider_batch_ms=321.9 | prefetch_q=100 | elapsed=139962.8s
progress | opt_step=35525/172211 | micro_step=284200/1377681 | stage=stage2 | span=1 | train_loss=2.3899 | lr=0.000192668 | cpu_batch_ms=0.9 | provider_batch_ms=258.1 | prefetch_q=98 | elapsed=140076.1s
progress | opt_step=35550/172211 | micro_step=284400/1377681 | stage=stage2 | span=1 | train_loss=2.8899 | lr=0.000192645 | cpu_batch_ms=0.9 | provider_batch_ms=306.3 | prefetch_q=100 | elapsed=140169.3s
progress | opt_step=35575/172211 | micro_step=284600/1377681 | stage=stage2 | span=1 | train_loss=2.6760 | lr=0.000192621 | cpu_batch_ms=0.9 | provider_batch_ms=332.3 | prefetch_q=100 | elapsed=140262.6s
progress | opt_step=35600/172211 | micro_step=284800/1377681 | stage=stage2 | span=1 | train_loss=3.1268 | lr=0.000192598 | cpu_batch_ms=0.9 | provider_batch_ms=336.7 | prefetch_q=99 | elapsed=140355.7s
eval | opt_step=35600 | micro_step=284800 | train_loss=3.1268 | val_loss=3.0027 | val_ppl=20.14
progress | opt_step=35625/172211 | micro_step=285000/1377681 | stage=stage2 | span=1 | train_loss=2.5094 | lr=0.000192575 | cpu_batch_ms=0.9 | provider_batch_ms=265.8 | prefetch_q=96 | elapsed=140491.1s
progress | opt_step=35650/172211 | micro_step=285200/1377681 | stage=stage2 | span=1 | train_loss=2.9038 | lr=0.000192551 | cpu_batch_ms=0.9 | provider_batch_ms=314.3 | prefetch_q=100 | elapsed=140584.8s
progress | opt_step=35675/172211 | micro_step=285400/1377681 | stage=stage2 | span=1 | train_loss=2.8345 | lr=0.000192528 | cpu_batch_ms=0.9 | provider_batch_ms=324.4 | prefetch_q=100 | elapsed=140677.3s
progress | opt_step=35700/172211 | micro_step=285600/1377681 | stage=stage2 | span=1 | train_loss=2.7617 | lr=0.000192504 | cpu_batch_ms=0.9 | provider_batch_ms=335.4 | prefetch_q=92 | elapsed=140770.0s
progress | opt_step=35725/172211 | micro_step=285800/1377681 | stage=stage2 | span=1 | train_loss=2.7864 | lr=0.000192481 | cpu_batch_ms=0.9 | provider_batch_ms=228.3 | prefetch_q=98 | elapsed=140882.2s
progress | opt_step=35750/172211 | micro_step=286000/1377681 | stage=stage2 | span=1 | train_loss=2.5006 | lr=0.000192457 | cpu_batch_ms=0.9 | provider_batch_ms=285.1 | prefetch_q=100 | elapsed=140975.6s
progress | opt_step=35775/172211 | micro_step=286200/1377681 | stage=stage2 | span=1 | train_loss=2.9074 | lr=0.000192433 | cpu_batch_ms=0.9 | provider_batch_ms=293.2 | prefetch_q=98 | elapsed=141067.7s
progress | opt_step=35800/172211 | micro_step=286400/1377681 | stage=stage2 | span=1 | train_loss=2.6468 | lr=0.00019241 | cpu_batch_ms=0.9 | provider_batch_ms=313.3 | prefetch_q=99 | elapsed=141160.5s
eval | opt_step=35800 | micro_step=286400 | train_loss=2.6468 | val_loss=3.0095 | val_ppl=20.28
progress | opt_step=35825/172211 | micro_step=286600/1377681 | stage=stage2 | span=1 | train_loss=2.1867 | lr=0.000192386 | cpu_batch_ms=0.9 | provider_batch_ms=233.0 | prefetch_q=99 | elapsed=141276.9s
progress | opt_step=35850/172211 | micro_step=286800/1377681 | stage=stage2 | span=1 | train_loss=2.6682 | lr=0.000192362 | cpu_batch_ms=0.9 | provider_batch_ms=286.2 | prefetch_q=100 | elapsed=141369.3s
progress | opt_step=35875/172211 | micro_step=287000/1377681 | stage=stage2 | span=1 | train_loss=2.9236 | lr=0.000192338 | cpu_batch_ms=0.9 | provider_batch_ms=299.9 | prefetch_q=100 | elapsed=141462.1s
progress | opt_step=35900/172211 | micro_step=287200/1377681 | stage=stage2 | span=1 | train_loss=3.0043 | lr=0.000192315 | cpu_batch_ms=0.9 | provider_batch_ms=312.9 | prefetch_q=98 | elapsed=141554.4s
progress | opt_step=35925/172211 | micro_step=287400/1377681 | stage=stage2 | span=1 | train_loss=1.9804 | lr=0.000192291 | cpu_batch_ms=0.9 | provider_batch_ms=232.0 | prefetch_q=98 | elapsed=141668.0s
progress | opt_step=35950/172211 | micro_step=287600/1377681 | stage=stage2 | span=1 | train_loss=2.7743 | lr=0.000192267 | cpu_batch_ms=0.9 | provider_batch_ms=285.6 | prefetch_q=98 | elapsed=141760.6s
progress | opt_step=35975/172211 | micro_step=287800/1377681 | stage=stage2 | span=1 | train_loss=2.2766 | lr=0.000192243 | cpu_batch_ms=0.9 | provider_batch_ms=297.6 | prefetch_q=100 | elapsed=141852.7s
progress | opt_step=36000/172211 | micro_step=288000/1377681 | stage=stage2 | span=1 | train_loss=3.1354 | lr=0.000192219 | cpu_batch_ms=0.9 | provider_batch_ms=307.6 | prefetch_q=98 | elapsed=141945.7s
eval | opt_step=36000 | micro_step=288000 | train_loss=3.1354 | val_loss=2.9982 | val_ppl=20.05
progress | opt_step=36025/172211 | micro_step=288200/1377681 | stage=stage2 | span=1 | train_loss=2.6374 | lr=0.000192195 | cpu_batch_ms=0.9 | provider_batch_ms=225.0 | prefetch_q=100 | elapsed=142081.6s
progress | opt_step=36050/172211 | micro_step=288400/1377681 | stage=stage2 | span=1 | train_loss=2.7702 | lr=0.000192171 | cpu_batch_ms=0.9 | provider_batch_ms=272.6 | prefetch_q=98 | elapsed=142174.8s
progress | opt_step=36075/172211 | micro_step=288600/1377681 | stage=stage2 | span=1 | train_loss=2.6831 | lr=0.000192147 | cpu_batch_ms=0.9 | provider_batch_ms=302.7 | prefetch_q=98 | elapsed=142268.0s
progress | opt_step=36100/172211 | micro_step=288800/1377681 | stage=stage2 | span=1 | train_loss=1.9774 | lr=0.000192123 | cpu_batch_ms=0.9 | provider_batch_ms=316.6 | prefetch_q=100 | elapsed=142360.7s
progress | opt_step=36125/172211 | micro_step=289000/1377681 | stage=stage2 | span=1 | train_loss=2.7879 | lr=0.000192099 | cpu_batch_ms=0.9 | provider_batch_ms=256.1 | prefetch_q=100 | elapsed=142475.4s
progress | opt_step=36150/172211 | micro_step=289200/1377681 | stage=stage2 | span=1 | train_loss=2.9593 | lr=0.000192075 | cpu_batch_ms=0.9 | provider_batch_ms=303.5 | prefetch_q=98 | elapsed=142569.2s
progress | opt_step=36175/172211 | micro_step=289400/1377681 | stage=stage2 | span=1 | train_loss=2.5380 | lr=0.000192051 | cpu_batch_ms=0.9 | provider_batch_ms=326.3 | prefetch_q=99 | elapsed=142661.8s
progress | opt_step=36200/172211 | micro_step=289600/1377681 | stage=stage2 | span=1 | train_loss=2.4924 | lr=0.000192026 | cpu_batch_ms=0.9 | provider_batch_ms=335.9 | prefetch_q=100 | elapsed=142754.1s
eval | opt_step=36200 | micro_step=289600 | train_loss=2.4924 | val_loss=3.0116 | val_ppl=20.32
progress | opt_step=36225/172211 | micro_step=289800/1377681 | stage=stage2 | span=1 | train_loss=2.6118 | lr=0.000192002 | cpu_batch_ms=0.9 | provider_batch_ms=237.8 | prefetch_q=100 | elapsed=142876.8s
progress | opt_step=36250/172211 | micro_step=290000/1377681 | stage=stage2 | span=1 | train_loss=3.0686 | lr=0.000191978 | cpu_batch_ms=0.9 | provider_batch_ms=276.1 | prefetch_q=99 | elapsed=142969.7s
progress | opt_step=36275/172211 | micro_step=290200/1377681 | stage=stage2 | span=1 | train_loss=2.5766 | lr=0.000191953 | cpu_batch_ms=0.9 | provider_batch_ms=303.8 | prefetch_q=100 | elapsed=143062.6s
progress | opt_step=36300/172211 | micro_step=290400/1377681 | stage=stage2 | span=1 | train_loss=2.3031 | lr=0.000191929 | cpu_batch_ms=0.9 | provider_batch_ms=318.0 | prefetch_q=97 | elapsed=143155.2s
progress | opt_step=36325/172211 | micro_step=290600/1377681 | stage=stage2 | span=1 | train_loss=2.5237 | lr=0.000191905 | cpu_batch_ms=0.9 | provider_batch_ms=243.8 | prefetch_q=100 | elapsed=143273.0s
progress | opt_step=36350/172211 | micro_step=290800/1377681 | stage=stage2 | span=1 | train_loss=2.7224 | lr=0.00019188 | cpu_batch_ms=0.9 | provider_batch_ms=291.5 | prefetch_q=100 | elapsed=143365.8s
progress | opt_step=36375/172211 | micro_step=291000/1377681 | stage=stage2 | span=1 | train_loss=3.1368 | lr=0.000191856 | cpu_batch_ms=0.9 | provider_batch_ms=311.4 | prefetch_q=98 | elapsed=143458.9s
progress | opt_step=36400/172211 | micro_step=291200/1377681 | stage=stage2 | span=1 | train_loss=2.8453 | lr=0.000191831 | cpu_batch_ms=0.9 | provider_batch_ms=320.6 | prefetch_q=100 | elapsed=143551.7s
eval | opt_step=36400 | micro_step=291200 | train_loss=2.8453 | val_loss=3.0241 | val_ppl=20.58
progress | opt_step=36425/172211 | micro_step=291400/1377681 | stage=stage2 | span=1 | train_loss=2.5436 | lr=0.000191807 | cpu_batch_ms=0.9 | provider_batch_ms=237.1 | prefetch_q=100 | elapsed=143669.7s
progress | opt_step=36450/172211 | micro_step=291600/1377681 | stage=stage2 | span=1 | train_loss=2.2562 | lr=0.000191782 | cpu_batch_ms=0.9 | provider_batch_ms=284.8 | prefetch_q=98 | elapsed=143762.2s
progress | opt_step=36475/172211 | micro_step=291800/1377681 | stage=stage2 | span=1 | train_loss=2.7975 | lr=0.000191758 | cpu_batch_ms=0.9 | provider_batch_ms=310.8 | prefetch_q=100 | elapsed=143854.9s
progress | opt_step=36500/172211 | micro_step=292000/1377681 | stage=stage2 | span=1 | train_loss=2.6772 | lr=0.000191733 | cpu_batch_ms=0.9 | provider_batch_ms=327.9 | prefetch_q=100 | elapsed=143948.3s
progress | opt_step=36525/172211 | micro_step=292200/1377681 | stage=stage2 | span=1 | train_loss=3.2902 | lr=0.000191708 | cpu_batch_ms=0.9 | provider_batch_ms=239.8 | prefetch_q=97 | elapsed=144059.3s
progress | opt_step=36550/172211 | micro_step=292400/1377681 | stage=stage2 | span=1 | train_loss=2.6329 | lr=0.000191683 | cpu_batch_ms=0.9 | provider_batch_ms=297.8 | prefetch_q=90 | elapsed=144152.0s
progress | opt_step=36575/172211 | micro_step=292600/1377681 | stage=stage2 | span=1 | train_loss=2.8294 | lr=0.000191659 | cpu_batch_ms=0.9 | provider_batch_ms=313.1 | prefetch_q=100 | elapsed=144244.4s
progress | opt_step=36600/172211 | micro_step=292800/1377681 | stage=stage2 | span=1 | train_loss=2.4174 | lr=0.000191634 | cpu_batch_ms=0.9 | provider_batch_ms=320.7 | prefetch_q=98 | elapsed=144337.1s
eval | opt_step=36600 | micro_step=292800 | train_loss=2.4174 | val_loss=3.0027 | val_ppl=20.14
progress | opt_step=36625/172211 | micro_step=293000/1377681 | stage=stage2 | span=1 | train_loss=2.7967 | lr=0.000191609 | cpu_batch_ms=0.9 | provider_batch_ms=248.8 | prefetch_q=99 | elapsed=144451.8s
progress | opt_step=36650/172211 | micro_step=293200/1377681 | stage=stage2 | span=1 | train_loss=2.3686 | lr=0.000191584 | cpu_batch_ms=0.9 | provider_batch_ms=295.8 | prefetch_q=100 | elapsed=144544.2s
progress | opt_step=36675/172211 | micro_step=293400/1377681 | stage=stage2 | span=1 | train_loss=2.4298 | lr=0.000191559 | cpu_batch_ms=0.9 | provider_batch_ms=320.6 | prefetch_q=94 | elapsed=144637.9s
progress | opt_step=36700/172211 | micro_step=293600/1377681 | stage=stage2 | span=1 | train_loss=2.6233 | lr=0.000191534 | cpu_batch_ms=0.9 | provider_batch_ms=332.8 | prefetch_q=100 | elapsed=144731.6s
progress | opt_step=36725/172211 | micro_step=293800/1377681 | stage=stage2 | span=1 | train_loss=2.4592 | lr=0.00019151 | cpu_batch_ms=0.9 | provider_batch_ms=252.2 | prefetch_q=99 | elapsed=144847.2s
progress | opt_step=36750/172211 | micro_step=294000/1377681 | stage=stage2 | span=1 | train_loss=2.7842 | lr=0.000191485 | cpu_batch_ms=0.9 | provider_batch_ms=306.9 | prefetch_q=100 | elapsed=144940.4s
progress | opt_step=36775/172211 | micro_step=294200/1377681 | stage=stage2 | span=1 | train_loss=1.9304 | lr=0.000191459 | cpu_batch_ms=0.9 | provider_batch_ms=326.7 | prefetch_q=99 | elapsed=145033.4s
progress | opt_step=36800/172211 | micro_step=294400/1377681 | stage=stage2 | span=1 | train_loss=3.0069 | lr=0.000191434 | cpu_batch_ms=0.9 | provider_batch_ms=334.7 | prefetch_q=96 | elapsed=145125.7s
eval | opt_step=36800 | micro_step=294400 | train_loss=3.0069 | val_loss=2.9927 | val_ppl=19.94
progress | opt_step=36825/172211 | micro_step=294600/1377681 | stage=stage2 | span=1 | train_loss=2.7062 | lr=0.000191409 | cpu_batch_ms=0.9 | provider_batch_ms=243.0 | prefetch_q=95 | elapsed=145264.3s
progress | opt_step=36850/172211 | micro_step=294800/1377681 | stage=stage2 | span=1 | train_loss=2.9755 | lr=0.000191384 | cpu_batch_ms=0.9 | provider_batch_ms=293.8 | prefetch_q=100 | elapsed=145357.1s
progress | opt_step=36875/172211 | micro_step=295000/1377681 | stage=stage2 | span=1 | train_loss=3.0753 | lr=0.000191359 | cpu_batch_ms=0.9 | provider_batch_ms=306.9 | prefetch_q=98 | elapsed=145449.6s
progress | opt_step=36900/172211 | micro_step=295200/1377681 | stage=stage2 | span=1 | train_loss=2.3672 | lr=0.000191334 | cpu_batch_ms=0.9 | provider_batch_ms=319.6 | prefetch_q=100 | elapsed=145542.0s
progress | opt_step=36925/172211 | micro_step=295400/1377681 | stage=stage2 | span=1 | train_loss=2.9668 | lr=0.000191309 | cpu_batch_ms=0.9 | provider_batch_ms=250.0 | prefetch_q=97 | elapsed=145654.8s
progress | opt_step=36950/172211 | micro_step=295600/1377681 | stage=stage2 | span=1 | train_loss=2.2077 | lr=0.000191283 | cpu_batch_ms=0.9 | provider_batch_ms=299.0 | prefetch_q=100 | elapsed=145748.1s
progress | opt_step=36975/172211 | micro_step=295800/1377681 | stage=stage2 | span=1 | train_loss=2.9892 | lr=0.000191258 | cpu_batch_ms=0.9 | provider_batch_ms=321.6 | prefetch_q=100 | elapsed=145840.9s
progress | opt_step=37000/172211 | micro_step=296000/1377681 | stage=stage2 | span=1 | train_loss=2.7295 | lr=0.000191233 | cpu_batch_ms=0.9 | provider_batch_ms=341.3 | prefetch_q=98 | elapsed=145935.1s
eval | opt_step=37000 | micro_step=296000 | train_loss=2.7295 | val_loss=3.0077 | val_ppl=20.24
progress | opt_step=37025/172211 | micro_step=296200/1377681 | stage=stage2 | span=1 | train_loss=2.4742 | lr=0.000191207 | cpu_batch_ms=0.9 | provider_batch_ms=263.2 | prefetch_q=97 | elapsed=146056.3s
progress | opt_step=37050/172211 | micro_step=296400/1377681 | stage=stage2 | span=1 | train_loss=2.9147 | lr=0.000191182 | cpu_batch_ms=0.9 | provider_batch_ms=297.6 | prefetch_q=97 | elapsed=146148.4s
progress | opt_step=37075/172211 | micro_step=296600/1377681 | stage=stage2 | span=1 | train_loss=2.5630 | lr=0.000191156 | cpu_batch_ms=0.9 | provider_batch_ms=305.9 | prefetch_q=100 | elapsed=146240.5s
progress | opt_step=37100/172211 | micro_step=296800/1377681 | stage=stage2 | span=1 | train_loss=2.4291 | lr=0.000191131 | cpu_batch_ms=0.9 | provider_batch_ms=322.1 | prefetch_q=100 | elapsed=146333.9s
progress | opt_step=37125/172211 | micro_step=297000/1377681 | stage=stage2 | span=1 | train_loss=2.3461 | lr=0.000191105 | cpu_batch_ms=0.9 | provider_batch_ms=279.1 | prefetch_q=100 | elapsed=146452.6s
progress | opt_step=37150/172211 | micro_step=297200/1377681 | stage=stage2 | span=1 | train_loss=2.8404 | lr=0.00019108 | cpu_batch_ms=0.9 | provider_batch_ms=311.8 | prefetch_q=100 | elapsed=146545.5s
progress | opt_step=37175/172211 | micro_step=297400/1377681 | stage=stage2 | span=1 | train_loss=2.7081 | lr=0.000191054 | cpu_batch_ms=0.9 | provider_batch_ms=330.9 | prefetch_q=99 | elapsed=146638.6s
progress | opt_step=37200/172211 | micro_step=297600/1377681 | stage=stage2 | span=1 | train_loss=2.8054 | lr=0.000191029 | cpu_batch_ms=0.9 | provider_batch_ms=341.1 | prefetch_q=99 | elapsed=146731.7s
eval | opt_step=37200 | micro_step=297600 | train_loss=2.8054 | val_loss=3.0055 | val_ppl=20.20
progress | opt_step=37225/172211 | micro_step=297800/1377681 | stage=stage2 | span=1 | train_loss=2.5327 | lr=0.000191003 | cpu_batch_ms=0.9 | provider_batch_ms=252.4 | prefetch_q=100 | elapsed=146853.1s
progress | opt_step=37250/172211 | micro_step=298000/1377681 | stage=stage2 | span=1 | train_loss=3.0173 | lr=0.000190977 | cpu_batch_ms=0.9 | provider_batch_ms=299.0 | prefetch_q=100 | elapsed=146946.2s
progress | opt_step=37275/172211 | micro_step=298200/1377681 | stage=stage2 | span=1 | train_loss=2.4189 | lr=0.000190952 | cpu_batch_ms=0.9 | provider_batch_ms=314.6 | prefetch_q=99 | elapsed=147039.0s
progress | opt_step=37300/172211 | micro_step=298400/1377681 | stage=stage2 | span=1 | train_loss=2.6911 | lr=0.000190926 | cpu_batch_ms=0.9 | provider_batch_ms=325.3 | prefetch_q=93 | elapsed=147131.9s
progress | opt_step=37325/172211 | micro_step=298600/1377681 | stage=stage2 | span=1 | train_loss=3.0762 | lr=0.0001909 | cpu_batch_ms=0.9 | provider_batch_ms=257.5 | prefetch_q=99 | elapsed=147249.8s
progress | opt_step=37350/172211 | micro_step=298800/1377681 | stage=stage2 | span=1 | train_loss=2.6676 | lr=0.000190874 | cpu_batch_ms=0.9 | provider_batch_ms=299.0 | prefetch_q=100 | elapsed=147342.4s
progress | opt_step=37375/172211 | micro_step=299000/1377681 | stage=stage2 | span=1 | train_loss=2.6915 | lr=0.000190848 | cpu_batch_ms=0.9 | provider_batch_ms=320.0 | prefetch_q=100 | elapsed=147434.9s
progress | opt_step=37400/172211 | micro_step=299200/1377681 | stage=stage2 | span=1 | train_loss=3.1651 | lr=0.000190822 | cpu_batch_ms=0.9 | provider_batch_ms=327.0 | prefetch_q=100 | elapsed=147527.2s
eval | opt_step=37400 | micro_step=299200 | train_loss=3.1651 | val_loss=2.9907 | val_ppl=19.90
progress | opt_step=37425/172211 | micro_step=299400/1377681 | stage=stage2 | span=1 | train_loss=2.8625 | lr=0.000190797 | cpu_batch_ms=0.9 | provider_batch_ms=265.4 | prefetch_q=100 | elapsed=147665.3s
progress | opt_step=37450/172211 | micro_step=299600/1377681 | stage=stage2 | span=1 | train_loss=2.9041 | lr=0.000190771 | cpu_batch_ms=0.9 | provider_batch_ms=309.9 | prefetch_q=98 | elapsed=147757.9s
progress | opt_step=37475/172211 | micro_step=299800/1377681 | stage=stage2 | span=1 | train_loss=2.0112 | lr=0.000190745 | cpu_batch_ms=0.9 | provider_batch_ms=342.1 | prefetch_q=96 | elapsed=147850.9s
progress | opt_step=37500/172211 | micro_step=300000/1377681 | stage=stage2 | span=1 | train_loss=2.5968 | lr=0.000190719 | cpu_batch_ms=0.9 | provider_batch_ms=348.9 | prefetch_q=100 | elapsed=147944.3s
progress | opt_step=37525/172211 | micro_step=300200/1377681 | stage=stage2 | span=1 | train_loss=2.6719 | lr=0.000190692 | cpu_batch_ms=0.9 | provider_batch_ms=266.5 | prefetch_q=91 | elapsed=148058.0s
progress | opt_step=37550/172211 | micro_step=300400/1377681 | stage=stage2 | span=1 | train_loss=2.7068 | lr=0.000190666 | cpu_batch_ms=0.9 | provider_batch_ms=305.5 | prefetch_q=97 | elapsed=148151.2s
progress | opt_step=37575/172211 | micro_step=300600/1377681 | stage=stage2 | span=1 | train_loss=2.4132 | lr=0.00019064 | cpu_batch_ms=0.9 | provider_batch_ms=313.6 | prefetch_q=100 | elapsed=148244.2s
progress | opt_step=37600/172211 | micro_step=300800/1377681 | stage=stage2 | span=1 | train_loss=2.3559 | lr=0.000190614 | cpu_batch_ms=0.9 | provider_batch_ms=321.8 | prefetch_q=94 | elapsed=148336.5s
eval | opt_step=37600 | micro_step=300800 | train_loss=2.3559 | val_loss=3.0021 | val_ppl=20.13
progress | opt_step=37625/172211 | micro_step=301000/1377681 | stage=stage2 | span=1 | train_loss=2.9217 | lr=0.000190588 | cpu_batch_ms=0.9 | provider_batch_ms=243.2 | prefetch_q=99 | elapsed=148449.9s
progress | opt_step=37650/172211 | micro_step=301200/1377681 | stage=stage2 | span=1 | train_loss=1.9292 | lr=0.000190562 | cpu_batch_ms=0.9 | provider_batch_ms=284.4 | prefetch_q=100 | elapsed=148542.2s
progress | opt_step=37675/172211 | micro_step=301400/1377681 | stage=stage2 | span=1 | train_loss=2.6556 | lr=0.000190535 | cpu_batch_ms=0.9 | provider_batch_ms=312.8 | prefetch_q=98 | elapsed=148635.2s
progress | opt_step=37700/172211 | micro_step=301600/1377681 | stage=stage2 | span=1 | train_loss=2.8488 | lr=0.000190509 | cpu_batch_ms=0.9 | provider_batch_ms=328.9 | prefetch_q=100 | elapsed=148728.3s
progress | opt_step=37725/172211 | micro_step=301800/1377681 | stage=stage2 | span=1 | train_loss=2.7426 | lr=0.000190483 | cpu_batch_ms=0.9 | provider_batch_ms=250.6 | prefetch_q=97 | elapsed=148845.1s
progress | opt_step=37750/172211 | micro_step=302000/1377681 | stage=stage2 | span=1 | train_loss=2.8981 | lr=0.000190456 | cpu_batch_ms=0.9 | provider_batch_ms=291.2 | prefetch_q=100 | elapsed=148937.4s
progress | opt_step=37775/172211 | micro_step=302200/1377681 | stage=stage2 | span=1 | train_loss=3.0042 | lr=0.00019043 | cpu_batch_ms=0.9 | provider_batch_ms=303.0 | prefetch_q=99 | elapsed=149030.6s
progress | opt_step=37800/172211 | micro_step=302400/1377681 | stage=stage2 | span=1 | train_loss=2.6616 | lr=0.000190403 | cpu_batch_ms=0.9 | provider_batch_ms=319.3 | prefetch_q=100 | elapsed=149122.8s
eval | opt_step=37800 | micro_step=302400 | train_loss=2.6616 | val_loss=2.9937 | val_ppl=19.96
progress | opt_step=37825/172211 | micro_step=302600/1377681 | stage=stage2 | span=1 | train_loss=2.9478 | lr=0.000190377 | cpu_batch_ms=0.9 | provider_batch_ms=250.6 | prefetch_q=100 | elapsed=149242.8s
progress | opt_step=37850/172211 | micro_step=302800/1377681 | stage=stage2 | span=1 | train_loss=2.7109 | lr=0.00019035 | cpu_batch_ms=0.9 | provider_batch_ms=288.5 | prefetch_q=99 | elapsed=149335.6s
progress | opt_step=37875/172211 | micro_step=303000/1377681 | stage=stage2 | span=1 | train_loss=3.0484 | lr=0.000190324 | cpu_batch_ms=0.9 | provider_batch_ms=313.7 | prefetch_q=98 | elapsed=149427.9s
progress | opt_step=37900/172211 | micro_step=303200/1377681 | stage=stage2 | span=1 | train_loss=2.6174 | lr=0.000190297 | cpu_batch_ms=0.9 | provider_batch_ms=325.7 | prefetch_q=100 | elapsed=149520.9s
progress | opt_step=37925/172211 | micro_step=303400/1377681 | stage=stage2 | span=1 | train_loss=2.9413 | lr=0.000190271 | cpu_batch_ms=0.9 | provider_batch_ms=233.4 | prefetch_q=100 | elapsed=149636.6s
progress | opt_step=37950/172211 | micro_step=303600/1377681 | stage=stage2 | span=1 | train_loss=2.8662 | lr=0.000190244 | cpu_batch_ms=0.9 | provider_batch_ms=282.2 | prefetch_q=100 | elapsed=149729.2s
progress | opt_step=37975/172211 | micro_step=303800/1377681 | stage=stage2 | span=1 | train_loss=3.0282 | lr=0.000190217 | cpu_batch_ms=0.9 | provider_batch_ms=304.5 | prefetch_q=99 | elapsed=149821.6s
progress | opt_step=38000/172211 | micro_step=304000/1377681 | stage=stage2 | span=1 | train_loss=2.3571 | lr=0.000190191 | cpu_batch_ms=0.9 | provider_batch_ms=314.0 | prefetch_q=100 | elapsed=149914.6s
eval | opt_step=38000 | micro_step=304000 | train_loss=2.3571 | val_loss=2.9939 | val_ppl=19.96
progress | opt_step=38025/172211 | micro_step=304200/1377681 | stage=stage2 | span=1 | train_loss=2.9726 | lr=0.000190164 | cpu_batch_ms=0.9 | provider_batch_ms=241.8 | prefetch_q=98 | elapsed=150037.9s
progress | opt_step=38050/172211 | micro_step=304400/1377681 | stage=stage2 | span=1 | train_loss=3.0061 | lr=0.000190137 | cpu_batch_ms=0.9 | provider_batch_ms=286.3 | prefetch_q=100 | elapsed=150130.5s
progress | opt_step=38075/172211 | micro_step=304600/1377681 | stage=stage2 | span=1 | train_loss=2.6278 | lr=0.00019011 | cpu_batch_ms=0.9 | provider_batch_ms=305.8 | prefetch_q=99 | elapsed=150222.8s
progress | opt_step=38100/172211 | micro_step=304800/1377681 | stage=stage2 | span=1 | train_loss=2.9470 | lr=0.000190083 | cpu_batch_ms=0.9 | provider_batch_ms=329.6 | prefetch_q=94 | elapsed=150316.3s
progress | opt_step=38125/172211 | micro_step=305000/1377681 | stage=stage2 | span=1 | train_loss=3.0295 | lr=0.000190056 | cpu_batch_ms=0.9 | provider_batch_ms=242.4 | prefetch_q=100 | elapsed=150429.9s
progress | opt_step=38150/172211 | micro_step=305200/1377681 | stage=stage2 | span=1 | train_loss=2.5465 | lr=0.00019003 | cpu_batch_ms=0.9 | provider_batch_ms=297.7 | prefetch_q=100 | elapsed=150522.9s
progress | opt_step=38175/172211 | micro_step=305400/1377681 | stage=stage2 | span=1 | train_loss=2.3636 | lr=0.000190003 | cpu_batch_ms=0.9 | provider_batch_ms=319.6 | prefetch_q=100 | elapsed=150615.9s
progress | opt_step=38200/172211 | micro_step=305600/1377681 | stage=stage2 | span=1 | train_loss=3.0350 | lr=0.000189976 | cpu_batch_ms=0.9 | provider_batch_ms=332.2 | prefetch_q=98 | elapsed=150708.5s
eval | opt_step=38200 | micro_step=305600 | train_loss=3.0350 | val_loss=2.9914 | val_ppl=19.91
progress | opt_step=38225/172211 | micro_step=305800/1377681 | stage=stage2 | span=1 | train_loss=3.1701 | lr=0.000189949 | cpu_batch_ms=0.9 | provider_batch_ms=253.5 | prefetch_q=100 | elapsed=150823.6s
progress | opt_step=38250/172211 | micro_step=306000/1377681 | stage=stage2 | span=1 | train_loss=2.3404 | lr=0.000189921 | cpu_batch_ms=0.9 | provider_batch_ms=299.0 | prefetch_q=99 | elapsed=150916.7s
progress | opt_step=38275/172211 | micro_step=306200/1377681 | stage=stage2 | span=1 | train_loss=2.6612 | lr=0.000189894 | cpu_batch_ms=0.9 | provider_batch_ms=315.3 | prefetch_q=100 | elapsed=151009.4s
progress | opt_step=38300/172211 | micro_step=306400/1377681 | stage=stage2 | span=1 | train_loss=2.3787 | lr=0.000189867 | cpu_batch_ms=0.9 | provider_batch_ms=323.4 | prefetch_q=100 | elapsed=151102.2s
progress | opt_step=38325/172211 | micro_step=306600/1377681 | stage=stage2 | span=1 | train_loss=2.8163 | lr=0.00018984 | cpu_batch_ms=0.9 | provider_batch_ms=257.0 | prefetch_q=100 | elapsed=151215.8s
progress | opt_step=38350/172211 | micro_step=306800/1377681 | stage=stage2 | span=1 | train_loss=2.9741 | lr=0.000189813 | cpu_batch_ms=0.9 | provider_batch_ms=298.9 | prefetch_q=98 | elapsed=151308.7s
progress | opt_step=38375/172211 | micro_step=307000/1377681 | stage=stage2 | span=1 | train_loss=2.7211 | lr=0.000189786 | cpu_batch_ms=0.9 | provider_batch_ms=319.9 | prefetch_q=96 | elapsed=151401.2s
progress | opt_step=38400/172211 | micro_step=307200/1377681 | stage=stage2 | span=1 | train_loss=2.8628 | lr=0.000189758 | cpu_batch_ms=0.9 | provider_batch_ms=329.0 | prefetch_q=98 | elapsed=151494.0s
eval | opt_step=38400 | micro_step=307200 | train_loss=2.8628 | val_loss=2.9860 | val_ppl=19.81
progress | opt_step=38425/172211 | micro_step=307400/1377681 | stage=stage2 | span=1 | train_loss=2.8795 | lr=0.000189731 | cpu_batch_ms=0.9 | provider_batch_ms=269.6 | prefetch_q=99 | elapsed=151635.8s
progress | opt_step=38450/172211 | micro_step=307600/1377681 | stage=stage2 | span=1 | train_loss=3.1254 | lr=0.000189704 | cpu_batch_ms=0.9 | provider_batch_ms=301.4 | prefetch_q=100 | elapsed=151728.4s
progress | opt_step=38475/172211 | micro_step=307800/1377681 | stage=stage2 | span=1 | train_loss=3.1683 | lr=0.000189676 | cpu_batch_ms=0.9 | provider_batch_ms=327.0 | prefetch_q=94 | elapsed=151820.4s
progress | opt_step=38500/172211 | micro_step=308000/1377681 | stage=stage2 | span=1 | train_loss=3.1424 | lr=0.000189649 | cpu_batch_ms=0.9 | provider_batch_ms=335.0 | prefetch_q=100 | elapsed=151913.6s
progress | opt_step=38525/172211 | micro_step=308200/1377681 | stage=stage2 | span=1 | train_loss=2.9649 | lr=0.000189621 | cpu_batch_ms=0.9 | provider_batch_ms=266.0 | prefetch_q=100 | elapsed=152033.0s
progress | opt_step=38550/172211 | micro_step=308400/1377681 | stage=stage2 | span=1 | train_loss=2.7747 | lr=0.000189594 | cpu_batch_ms=0.9 | provider_batch_ms=314.1 | prefetch_q=100 | elapsed=152125.5s
progress | opt_step=38575/172211 | micro_step=308600/1377681 | stage=stage2 | span=1 | train_loss=2.9740 | lr=0.000189566 | cpu_batch_ms=0.9 | provider_batch_ms=325.0 | prefetch_q=100 | elapsed=152218.0s
progress | opt_step=38600/172211 | micro_step=308800/1377681 | stage=stage2 | span=1 | train_loss=2.6110 | lr=0.000189539 | cpu_batch_ms=0.9 | provider_batch_ms=336.0 | prefetch_q=97 | elapsed=152311.4s
eval | opt_step=38600 | micro_step=308800 | train_loss=2.6110 | val_loss=2.9834 | val_ppl=19.75
progress | opt_step=38625/172211 | micro_step=309000/1377681 | stage=stage2 | span=1 | train_loss=2.6141 | lr=0.000189511 | cpu_batch_ms=0.9 | provider_batch_ms=253.1 | prefetch_q=99 | elapsed=152452.4s
progress | opt_step=38650/172211 | micro_step=309200/1377681 | stage=stage2 | span=1 | train_loss=2.7118 | lr=0.000189484 | cpu_batch_ms=0.9 | provider_batch_ms=291.3 | prefetch_q=100 | elapsed=152545.5s
progress | opt_step=38675/172211 | micro_step=309400/1377681 | stage=stage2 | span=1 | train_loss=2.8474 | lr=0.000189456 | cpu_batch_ms=0.9 | provider_batch_ms=313.3 | prefetch_q=100 | elapsed=152637.9s
progress | opt_step=38700/172211 | micro_step=309600/1377681 | stage=stage2 | span=1 | train_loss=2.8711 | lr=0.000189428 | cpu_batch_ms=0.9 | provider_batch_ms=329.2 | prefetch_q=100 | elapsed=152730.9s
progress | opt_step=38725/172211 | micro_step=309800/1377681 | stage=stage2 | span=1 | train_loss=2.8684 | lr=0.000189401 | cpu_batch_ms=0.9 | provider_batch_ms=235.6 | prefetch_q=100 | elapsed=152849.0s
progress | opt_step=38750/172211 | micro_step=310000/1377681 | stage=stage2 | span=1 | train_loss=3.1265 | lr=0.000189373 | cpu_batch_ms=0.9 | provider_batch_ms=297.7 | prefetch_q=96 | elapsed=152942.0s
progress | opt_step=38775/172211 | micro_step=310200/1377681 | stage=stage2 | span=1 | train_loss=2.5318 | lr=0.000189345 | cpu_batch_ms=0.9 | provider_batch_ms=314.9 | prefetch_q=100 | elapsed=153034.5s
progress | opt_step=38800/172211 | micro_step=310400/1377681 | stage=stage2 | span=1 | train_loss=2.9130 | lr=0.000189317 | cpu_batch_ms=0.9 | provider_batch_ms=324.1 | prefetch_q=100 | elapsed=153127.2s
eval | opt_step=38800 | micro_step=310400 | train_loss=2.9130 | val_loss=2.9957 | val_ppl=20.00
progress | opt_step=38825/172211 | micro_step=310600/1377681 | stage=stage2 | span=1 | train_loss=2.8746 | lr=0.000189289 | cpu_batch_ms=0.9 | provider_batch_ms=227.6 | prefetch_q=100 | elapsed=153242.2s
progress | opt_step=38850/172211 | micro_step=310800/1377681 | stage=stage2 | span=1 | train_loss=2.7301 | lr=0.000189262 | cpu_batch_ms=0.9 | provider_batch_ms=280.7 | prefetch_q=97 | elapsed=153334.8s
progress | opt_step=38875/172211 | micro_step=311000/1377681 | stage=stage2 | span=1 | train_loss=3.1332 | lr=0.000189234 | cpu_batch_ms=0.9 | provider_batch_ms=297.8 | prefetch_q=100 | elapsed=153427.2s
progress | opt_step=38900/172211 | micro_step=311200/1377681 | stage=stage2 | span=1 | train_loss=3.1255 | lr=0.000189206 | cpu_batch_ms=0.9 | provider_batch_ms=309.2 | prefetch_q=100 | elapsed=153519.9s
progress | opt_step=38925/172211 | micro_step=311400/1377681 | stage=stage2 | span=1 | train_loss=2.3367 | lr=0.000189178 | cpu_batch_ms=0.9 | provider_batch_ms=218.0 | prefetch_q=98 | elapsed=153635.9s
progress | opt_step=38950/172211 | micro_step=311600/1377681 | stage=stage2 | span=1 | train_loss=2.8086 | lr=0.00018915 | cpu_batch_ms=0.9 | provider_batch_ms=277.4 | prefetch_q=100 | elapsed=153728.8s
progress | opt_step=38975/172211 | micro_step=311800/1377681 | stage=stage2 | span=1 | train_loss=2.8189 | lr=0.000189122 | cpu_batch_ms=0.9 | provider_batch_ms=311.1 | prefetch_q=100 | elapsed=153822.3s
progress | opt_step=39000/172211 | micro_step=312000/1377681 | stage=stage2 | span=1 | train_loss=2.7213 | lr=0.000189094 | cpu_batch_ms=0.9 | provider_batch_ms=329.7 | prefetch_q=94 | elapsed=153915.3s
eval | opt_step=39000 | micro_step=312000 | train_loss=2.7213 | val_loss=2.9989 | val_ppl=20.06
progress | opt_step=39025/172211 | micro_step=312200/1377681 | stage=stage2 | span=1 | train_loss=2.5424 | lr=0.000189065 | cpu_batch_ms=0.9 | provider_batch_ms=260.1 | prefetch_q=100 | elapsed=154036.7s
progress | opt_step=39050/172211 | micro_step=312400/1377681 | stage=stage2 | span=1 | train_loss=2.6402 | lr=0.000189037 | cpu_batch_ms=0.9 | provider_batch_ms=305.0 | prefetch_q=99 | elapsed=154129.8s
progress | opt_step=39075/172211 | micro_step=312600/1377681 | stage=stage2 | span=1 | train_loss=2.4319 | lr=0.000189009 | cpu_batch_ms=0.9 | provider_batch_ms=312.9 | prefetch_q=100 | elapsed=154222.3s
progress | opt_step=39100/172211 | micro_step=312800/1377681 | stage=stage2 | span=1 | train_loss=2.3094 | lr=0.000188981 | cpu_batch_ms=0.9 | provider_batch_ms=323.6 | prefetch_q=100 | elapsed=154314.6s
progress | opt_step=39125/172211 | micro_step=313000/1377681 | stage=stage2 | span=1 | train_loss=2.4898 | lr=0.000188953 | cpu_batch_ms=0.9 | provider_batch_ms=232.2 | prefetch_q=99 | elapsed=154428.0s
progress | opt_step=39150/172211 | micro_step=313200/1377681 | stage=stage2 | span=1 | train_loss=3.2236 | lr=0.000188924 | cpu_batch_ms=0.9 | provider_batch_ms=277.4 | prefetch_q=98 | elapsed=154520.8s
progress | opt_step=39175/172211 | micro_step=313400/1377681 | stage=stage2 | span=1 | train_loss=2.4909 | lr=0.000188896 | cpu_batch_ms=0.9 | provider_batch_ms=304.1 | prefetch_q=90 | elapsed=154614.0s
progress | opt_step=39200/172211 | micro_step=313600/1377681 | stage=stage2 | span=1 | train_loss=2.6477 | lr=0.000188868 | cpu_batch_ms=0.9 | provider_batch_ms=313.7 | prefetch_q=100 | elapsed=154706.9s
eval | opt_step=39200 | micro_step=313600 | train_loss=2.6477 | val_loss=2.9844 | val_ppl=19.77
progress | opt_step=39225/172211 | micro_step=313800/1377681 | stage=stage2 | span=1 | train_loss=2.8746 | lr=0.000188839 | cpu_batch_ms=0.9 | provider_batch_ms=263.4 | prefetch_q=100 | elapsed=154824.9s
progress | opt_step=39250/172211 | micro_step=314000/1377681 | stage=stage2 | span=1 | train_loss=2.4747 | lr=0.000188811 | cpu_batch_ms=0.9 | provider_batch_ms=302.1 | prefetch_q=100 | elapsed=154918.4s
progress | opt_step=39275/172211 | micro_step=314200/1377681 | stage=stage2 | span=1 | train_loss=3.1527 | lr=0.000188782 | cpu_batch_ms=0.9 | provider_batch_ms=305.2 | prefetch_q=100 | elapsed=155010.3s
progress | opt_step=39300/172211 | micro_step=314400/1377681 | stage=stage2 | span=1 | train_loss=2.7138 | lr=0.000188754 | cpu_batch_ms=0.9 | provider_batch_ms=326.8 | prefetch_q=97 | elapsed=155103.2s
progress | opt_step=39325/172211 | micro_step=314600/1377681 | stage=stage2 | span=1 | train_loss=2.6667 | lr=0.000188725 | cpu_batch_ms=0.9 | provider_batch_ms=240.2 | prefetch_q=99 | elapsed=155216.7s
progress | opt_step=39350/172211 | micro_step=314800/1377681 | stage=stage2 | span=1 | train_loss=2.9406 | lr=0.000188697 | cpu_batch_ms=0.9 | provider_batch_ms=294.4 | prefetch_q=99 | elapsed=155310.5s
progress | opt_step=39375/172211 | micro_step=315000/1377681 | stage=stage2 | span=1 | train_loss=2.8815 | lr=0.000188668 | cpu_batch_ms=0.9 | provider_batch_ms=311.1 | prefetch_q=99 | elapsed=155403.0s
progress | opt_step=39400/172211 | micro_step=315200/1377681 | stage=stage2 | span=1 | train_loss=2.9717 | lr=0.00018864 | cpu_batch_ms=0.9 | provider_batch_ms=318.5 | prefetch_q=100 | elapsed=155495.3s
eval | opt_step=39400 | micro_step=315200 | train_loss=2.9717 | val_loss=2.9818 | val_ppl=19.72
progress | opt_step=39425/172211 | micro_step=315400/1377681 | stage=stage2 | span=1 | train_loss=2.8780 | lr=0.000188611 | cpu_batch_ms=0.9 | provider_batch_ms=257.5 | prefetch_q=100 | elapsed=155634.8s
progress | opt_step=39450/172211 | micro_step=315600/1377681 | stage=stage2 | span=1 | train_loss=2.8691 | lr=0.000188582 | cpu_batch_ms=0.9 | provider_batch_ms=303.2 | prefetch_q=100 | elapsed=155727.7s
progress | opt_step=39475/172211 | micro_step=315800/1377681 | stage=stage2 | span=1 | train_loss=2.2406 | lr=0.000188553 | cpu_batch_ms=0.9 | provider_batch_ms=316.9 | prefetch_q=100 | elapsed=155820.1s
progress | opt_step=39500/172211 | micro_step=316000/1377681 | stage=stage2 | span=1 | train_loss=2.9557 | lr=0.000188525 | cpu_batch_ms=0.9 | provider_batch_ms=329.0 | prefetch_q=100 | elapsed=155913.2s
progress | opt_step=39525/172211 | micro_step=316200/1377681 | stage=stage2 | span=1 | train_loss=2.8790 | lr=0.000188496 | cpu_batch_ms=0.9 | provider_batch_ms=259.4 | prefetch_q=100 | elapsed=156031.4s
progress | opt_step=39550/172211 | micro_step=316400/1377681 | stage=stage2 | span=1 | train_loss=2.3173 | lr=0.000188467 | cpu_batch_ms=0.9 | provider_batch_ms=296.7 | prefetch_q=100 | elapsed=156124.2s
progress | opt_step=39575/172211 | micro_step=316600/1377681 | stage=stage2 | span=1 | train_loss=2.4492 | lr=0.000188438 | cpu_batch_ms=0.9 | provider_batch_ms=320.3 | prefetch_q=97 | elapsed=156216.8s
progress | opt_step=39600/172211 | micro_step=316800/1377681 | stage=stage2 | span=1 | train_loss=2.5181 | lr=0.000188409 | cpu_batch_ms=0.9 | provider_batch_ms=330.2 | prefetch_q=100 | elapsed=156309.7s
eval | opt_step=39600 | micro_step=316800 | train_loss=2.5181 | val_loss=2.9876 | val_ppl=19.84
progress | opt_step=39625/172211 | micro_step=317000/1377681 | stage=stage2 | span=1 | train_loss=2.7598 | lr=0.00018838 | cpu_batch_ms=0.9 | provider_batch_ms=248.1 | prefetch_q=100 | elapsed=156432.0s
progress | opt_step=39650/172211 | micro_step=317200/1377681 | stage=stage2 | span=1 | train_loss=2.9241 | lr=0.000188351 | cpu_batch_ms=0.9 | provider_batch_ms=295.3 | prefetch_q=100 | elapsed=156524.9s
progress | opt_step=39675/172211 | micro_step=317400/1377681 | stage=stage2 | span=1 | train_loss=3.1548 | lr=0.000188322 | cpu_batch_ms=0.9 | provider_batch_ms=312.6 | prefetch_q=99 | elapsed=156617.3s
progress | opt_step=39700/172211 | micro_step=317600/1377681 | stage=stage2 | span=1 | train_loss=3.0160 | lr=0.000188293 | cpu_batch_ms=0.9 | provider_batch_ms=325.1 | prefetch_q=100 | elapsed=156710.5s
progress | opt_step=39725/172211 | micro_step=317800/1377681 | stage=stage2 | span=1 | train_loss=2.8466 | lr=0.000188264 | cpu_batch_ms=0.9 | provider_batch_ms=254.4 | prefetch_q=100 | elapsed=156822.7s
progress | opt_step=39750/172211 | micro_step=318000/1377681 | stage=stage2 | span=1 | train_loss=2.9115 | lr=0.000188235 | cpu_batch_ms=0.9 | provider_batch_ms=320.5 | prefetch_q=91 | elapsed=156916.4s
progress | opt_step=39775/172211 | micro_step=318200/1377681 | stage=stage2 | span=1 | train_loss=2.8592 | lr=0.000188206 | cpu_batch_ms=0.9 | provider_batch_ms=338.2 | prefetch_q=99 | elapsed=157010.0s
progress | opt_step=39800/172211 | micro_step=318400/1377681 | stage=stage2 | span=1 | train_loss=2.7708 | lr=0.000188177 | cpu_batch_ms=0.9 | provider_batch_ms=336.4 | prefetch_q=100 | elapsed=157102.4s
eval | opt_step=39800 | micro_step=318400 | train_loss=2.7708 | val_loss=2.9853 | val_ppl=19.79
progress | opt_step=39825/172211 | micro_step=318600/1377681 | stage=stage2 | span=1 | train_loss=2.7720 | lr=0.000188148 | cpu_batch_ms=0.9 | provider_batch_ms=213.3 | prefetch_q=99 | elapsed=157221.8s
progress | opt_step=39850/172211 | micro_step=318800/1377681 | stage=stage2 | span=1 | train_loss=3.3446 | lr=0.000188118 | cpu_batch_ms=0.9 | provider_batch_ms=269.0 | prefetch_q=100 | elapsed=157314.7s
progress | opt_step=39875/172211 | micro_step=319000/1377681 | stage=stage2 | span=1 | train_loss=2.9127 | lr=0.000188089 | cpu_batch_ms=0.9 | provider_batch_ms=286.8 | prefetch_q=96 | elapsed=157407.6s
progress | opt_step=39900/172211 | micro_step=319200/1377681 | stage=stage2 | span=1 | train_loss=2.6863 | lr=0.00018806 | cpu_batch_ms=0.9 | provider_batch_ms=311.2 | prefetch_q=100 | elapsed=157500.0s
progress | opt_step=39925/172211 | micro_step=319400/1377681 | stage=stage2 | span=1 | train_loss=2.6775 | lr=0.00018803 | cpu_batch_ms=0.9 | provider_batch_ms=236.5 | prefetch_q=100 | elapsed=157612.9s
progress | opt_step=39950/172211 | micro_step=319600/1377681 | stage=stage2 | span=1 | train_loss=2.4951 | lr=0.000188001 | cpu_batch_ms=0.9 | provider_batch_ms=282.5 | prefetch_q=100 | elapsed=157705.5s
progress | opt_step=39975/172211 | micro_step=319800/1377681 | stage=stage2 | span=1 | train_loss=2.6169 | lr=0.000187972 | cpu_batch_ms=0.9 | provider_batch_ms=307.1 | prefetch_q=100 | elapsed=157798.7s
progress | opt_step=40000/172211 | micro_step=320000/1377681 | stage=stage2 | span=1 | train_loss=2.9330 | lr=0.000187942 | cpu_batch_ms=0.9 | provider_batch_ms=325.3 | prefetch_q=90 | elapsed=157891.9s
eval | opt_step=40000 | micro_step=320000 | train_loss=2.9330 | val_loss=2.9928 | val_ppl=19.94
progress | opt_step=40025/172211 | micro_step=320200/1377681 | stage=stage2 | span=1 | train_loss=2.7704 | lr=0.000187913 | cpu_batch_ms=0.9 | provider_batch_ms=244.2 | prefetch_q=100 | elapsed=158008.1s
progress | opt_step=40050/172211 | micro_step=320400/1377681 | stage=stage2 | span=1 | train_loss=2.6930 | lr=0.000187883 | cpu_batch_ms=0.9 | provider_batch_ms=283.7 | prefetch_q=100 | elapsed=158100.8s
progress | opt_step=40075/172211 | micro_step=320600/1377681 | stage=stage2 | span=1 | train_loss=3.0257 | lr=0.000187854 | cpu_batch_ms=0.9 | provider_batch_ms=310.2 | prefetch_q=100 | elapsed=158194.1s
progress | opt_step=40100/172211 | micro_step=320800/1377681 | stage=stage2 | span=1 | train_loss=2.6574 | lr=0.000187824 | cpu_batch_ms=0.9 | provider_batch_ms=323.3 | prefetch_q=99 | elapsed=158287.0s
progress | opt_step=40125/172211 | micro_step=321000/1377681 | stage=stage2 | span=1 | train_loss=2.6789 | lr=0.000187795 | cpu_batch_ms=0.9 | provider_batch_ms=242.4 | prefetch_q=100 | elapsed=158399.5s
progress | opt_step=40150/172211 | micro_step=321200/1377681 | stage=stage2 | span=1 | train_loss=2.6386 | lr=0.000187765 | cpu_batch_ms=0.9 | provider_batch_ms=299.4 | prefetch_q=97 | elapsed=158492.3s
progress | opt_step=40175/172211 | micro_step=321400/1377681 | stage=stage2 | span=1 | train_loss=2.8756 | lr=0.000187735 | cpu_batch_ms=0.9 | provider_batch_ms=305.3 | prefetch_q=95 | elapsed=158584.8s
progress | opt_step=40200/172211 | micro_step=321600/1377681 | stage=stage2 | span=1 | train_loss=3.0292 | lr=0.000187706 | cpu_batch_ms=0.9 | provider_batch_ms=319.4 | prefetch_q=100 | elapsed=158677.8s
eval | opt_step=40200 | micro_step=321600 | train_loss=3.0292 | val_loss=2.9992 | val_ppl=20.07
progress | opt_step=40225/172211 | micro_step=321800/1377681 | stage=stage2 | span=1 | train_loss=2.8520 | lr=0.000187676 | cpu_batch_ms=0.9 | provider_batch_ms=247.3 | prefetch_q=100 | elapsed=158796.3s
progress | opt_step=40250/172211 | micro_step=322000/1377681 | stage=stage2 | span=1 | train_loss=3.0863 | lr=0.000187646 | cpu_batch_ms=0.9 | provider_batch_ms=292.1 | prefetch_q=100 | elapsed=158889.3s
progress | opt_step=40275/172211 | micro_step=322200/1377681 | stage=stage2 | span=1 | train_loss=3.0868 | lr=0.000187616 | cpu_batch_ms=0.9 | provider_batch_ms=321.5 | prefetch_q=98 | elapsed=158982.6s
progress | opt_step=40300/172211 | micro_step=322400/1377681 | stage=stage2 | span=1 | train_loss=2.5260 | lr=0.000187586 | cpu_batch_ms=0.9 | provider_batch_ms=337.2 | prefetch_q=98 | elapsed=159075.7s
progress | opt_step=40325/172211 | micro_step=322600/1377681 | stage=stage2 | span=1 | train_loss=2.6916 | lr=0.000187557 | cpu_batch_ms=0.9 | provider_batch_ms=245.0 | prefetch_q=99 | elapsed=159196.6s
progress | opt_step=40350/172211 | micro_step=322800/1377681 | stage=stage2 | span=1 | train_loss=2.2929 | lr=0.000187527 | cpu_batch_ms=0.9 | provider_batch_ms=309.3 | prefetch_q=100 | elapsed=159290.0s
progress | opt_step=40375/172211 | micro_step=323000/1377681 | stage=stage2 | span=1 | train_loss=2.6945 | lr=0.000187497 | cpu_batch_ms=0.9 | provider_batch_ms=313.6 | prefetch_q=100 | elapsed=159382.1s
progress | opt_step=40400/172211 | micro_step=323200/1377681 | stage=stage2 | span=1 | train_loss=3.1242 | lr=0.000187467 | cpu_batch_ms=0.9 | provider_batch_ms=330.1 | prefetch_q=100 | elapsed=159475.9s
eval | opt_step=40400 | micro_step=323200 | train_loss=3.1242 | val_loss=2.9891 | val_ppl=19.87
progress | opt_step=40425/172211 | micro_step=323400/1377681 | stage=stage2 | span=1 | train_loss=3.2409 | lr=0.000187437 | cpu_batch_ms=0.9 | provider_batch_ms=251.4 | prefetch_q=94 | elapsed=159596.3s
progress | opt_step=40450/172211 | micro_step=323600/1377681 | stage=stage2 | span=1 | train_loss=3.0846 | lr=0.000187407 | cpu_batch_ms=0.9 | provider_batch_ms=292.8 | prefetch_q=100 | elapsed=159689.5s
progress | opt_step=40475/172211 | micro_step=323800/1377681 | stage=stage2 | span=1 | train_loss=2.9072 | lr=0.000187377 | cpu_batch_ms=0.9 | provider_batch_ms=318.7 | prefetch_q=100 | elapsed=159782.4s
progress | opt_step=40500/172211 | micro_step=324000/1377681 | stage=stage2 | span=1 | train_loss=2.6171 | lr=0.000187347 | cpu_batch_ms=0.9 | provider_batch_ms=321.8 | prefetch_q=100 | elapsed=159874.3s
progress | opt_step=40525/172211 | micro_step=324200/1377681 | stage=stage2 | span=1 | train_loss=2.8129 | lr=0.000187316 | cpu_batch_ms=0.9 | provider_batch_ms=243.1 | prefetch_q=95 | elapsed=159988.4s
progress | opt_step=40550/172211 | micro_step=324400/1377681 | stage=stage2 | span=1 | train_loss=2.9658 | lr=0.000187286 | cpu_batch_ms=0.9 | provider_batch_ms=298.2 | prefetch_q=92 | elapsed=160081.8s
progress | opt_step=40575/172211 | micro_step=324600/1377681 | stage=stage2 | span=1 | train_loss=2.7653 | lr=0.000187256 | cpu_batch_ms=0.9 | provider_batch_ms=316.3 | prefetch_q=100 | elapsed=160174.4s
progress | opt_step=40600/172211 | micro_step=324800/1377681 | stage=stage2 | span=1 | train_loss=2.8882 | lr=0.000187226 | cpu_batch_ms=0.9 | provider_batch_ms=329.2 | prefetch_q=100 | elapsed=160267.0s
eval | opt_step=40600 | micro_step=324800 | train_loss=2.8882 | val_loss=2.9909 | val_ppl=19.90
progress | opt_step=40625/172211 | micro_step=325000/1377681 | stage=stage2 | span=1 | train_loss=2.5025 | lr=0.000187196 | cpu_batch_ms=0.9 | provider_batch_ms=273.3 | prefetch_q=100 | elapsed=160394.6s
progress | opt_step=40650/172211 | micro_step=325200/1377681 | stage=stage2 | span=1 | train_loss=2.8240 | lr=0.000187165 | cpu_batch_ms=0.9 | provider_batch_ms=320.1 | prefetch_q=100 | elapsed=160488.1s
progress | opt_step=40675/172211 | micro_step=325400/1377681 | stage=stage2 | span=1 | train_loss=2.9720 | lr=0.000187135 | cpu_batch_ms=0.9 | provider_batch_ms=328.8 | prefetch_q=99 | elapsed=160580.6s
progress | opt_step=40700/172211 | micro_step=325600/1377681 | stage=stage2 | span=1 | train_loss=2.9467 | lr=0.000187105 | cpu_batch_ms=0.9 | provider_batch_ms=328.7 | prefetch_q=100 | elapsed=160672.8s
progress | opt_step=40725/172211 | micro_step=325800/1377681 | stage=stage2 | span=1 | train_loss=2.7747 | lr=0.000187074 | cpu_batch_ms=0.9 | provider_batch_ms=223.7 | prefetch_q=100 | elapsed=160788.9s
progress | opt_step=40750/172211 | micro_step=326000/1377681 | stage=stage2 | span=1 | train_loss=2.7495 | lr=0.000187044 | cpu_batch_ms=0.9 | provider_batch_ms=288.4 | prefetch_q=100 | elapsed=160882.5s
progress | opt_step=40775/172211 | micro_step=326200/1377681 | stage=stage2 | span=1 | train_loss=2.5185 | lr=0.000187013 | cpu_batch_ms=0.9 | provider_batch_ms=312.8 | prefetch_q=100 | elapsed=160975.5s
progress | opt_step=40800/172211 | micro_step=326400/1377681 | stage=stage2 | span=1 | train_loss=2.3251 | lr=0.000186983 | cpu_batch_ms=0.9 | provider_batch_ms=321.7 | prefetch_q=98 | elapsed=161067.8s
eval | opt_step=40800 | micro_step=326400 | train_loss=2.3251 | val_loss=2.9866 | val_ppl=19.82
progress | opt_step=40825/172211 | micro_step=326600/1377681 | stage=stage2 | span=1 | train_loss=3.1046 | lr=0.000186952 | cpu_batch_ms=0.9 | provider_batch_ms=232.7 | prefetch_q=100 | elapsed=161186.9s
progress | opt_step=40850/172211 | micro_step=326800/1377681 | stage=stage2 | span=1 | train_loss=2.9948 | lr=0.000186922 | cpu_batch_ms=0.9 | provider_batch_ms=287.8 | prefetch_q=99 | elapsed=161279.9s
progress | opt_step=40875/172211 | micro_step=327000/1377681 | stage=stage2 | span=1 | train_loss=2.3580 | lr=0.000186891 | cpu_batch_ms=0.9 | provider_batch_ms=318.8 | prefetch_q=100 | elapsed=161373.1s
progress | opt_step=40900/172211 | micro_step=327200/1377681 | stage=stage2 | span=1 | train_loss=2.5918 | lr=0.00018686 | cpu_batch_ms=0.9 | provider_batch_ms=327.2 | prefetch_q=100 | elapsed=161465.4s
progress | opt_step=40925/172211 | micro_step=327400/1377681 | stage=stage2 | span=1 | train_loss=2.8920 | lr=0.00018683 | cpu_batch_ms=0.9 | provider_batch_ms=238.5 | prefetch_q=100 | elapsed=161582.8s
progress | opt_step=40950/172211 | micro_step=327600/1377681 | stage=stage2 | span=1 | train_loss=2.5115 | lr=0.000186799 | cpu_batch_ms=0.9 | provider_batch_ms=284.7 | prefetch_q=98 | elapsed=161676.3s
progress | opt_step=40975/172211 | micro_step=327800/1377681 | stage=stage2 | span=1 | train_loss=2.7913 | lr=0.000186768 | cpu_batch_ms=0.9 | provider_batch_ms=304.7 | prefetch_q=99 | elapsed=161769.5s
progress | opt_step=41000/172211 | micro_step=328000/1377681 | stage=stage2 | span=1 | train_loss=2.9688 | lr=0.000186738 | cpu_batch_ms=0.9 | provider_batch_ms=317.9 | prefetch_q=94 | elapsed=161862.0s
eval | opt_step=41000 | micro_step=328000 | train_loss=2.9688 | val_loss=2.9855 | val_ppl=19.80
progress | opt_step=41025/172211 | micro_step=328200/1377681 | stage=stage2 | span=1 | train_loss=3.0095 | lr=0.000186707 | cpu_batch_ms=0.9 | provider_batch_ms=235.2 | prefetch_q=100 | elapsed=161978.4s
progress | opt_step=41050/172211 | micro_step=328400/1377681 | stage=stage2 | span=1 | train_loss=3.2499 | lr=0.000186676 | cpu_batch_ms=0.9 | provider_batch_ms=294.4 | prefetch_q=99 | elapsed=162071.1s
progress | opt_step=41075/172211 | micro_step=328600/1377681 | stage=stage2 | span=1 | train_loss=2.9123 | lr=0.000186645 | cpu_batch_ms=0.9 | provider_batch_ms=317.9 | prefetch_q=99 | elapsed=162163.8s
progress | opt_step=41100/172211 | micro_step=328800/1377681 | stage=stage2 | span=1 | train_loss=2.7919 | lr=0.000186614 | cpu_batch_ms=0.9 | provider_batch_ms=325.2 | prefetch_q=100 | elapsed=162256.1s
progress | opt_step=41125/172211 | micro_step=329000/1377681 | stage=stage2 | span=1 | train_loss=2.8758 | lr=0.000186583 | cpu_batch_ms=0.9 | provider_batch_ms=251.3 | prefetch_q=99 | elapsed=162367.4s
progress | opt_step=41150/172211 | micro_step=329200/1377681 | stage=stage2 | span=1 | train_loss=2.5779 | lr=0.000186552 | cpu_batch_ms=0.9 | provider_batch_ms=292.5 | prefetch_q=100 | elapsed=162460.9s
progress | opt_step=41175/172211 | micro_step=329400/1377681 | stage=stage2 | span=1 | train_loss=3.0162 | lr=0.000186521 | cpu_batch_ms=0.9 | provider_batch_ms=314.0 | prefetch_q=100 | elapsed=162553.4s
progress | opt_step=41200/172211 | micro_step=329600/1377681 | stage=stage2 | span=1 | train_loss=2.1819 | lr=0.00018649 | cpu_batch_ms=0.9 | provider_batch_ms=320.8 | prefetch_q=100 | elapsed=162645.9s
eval | opt_step=41200 | micro_step=329600 | train_loss=2.1819 | val_loss=2.9907 | val_ppl=19.90
progress | opt_step=41225/172211 | micro_step=329800/1377681 | stage=stage2 | span=1 | train_loss=2.5969 | lr=0.000186459 | cpu_batch_ms=0.9 | provider_batch_ms=243.1 | prefetch_q=100 | elapsed=162760.1s
progress | opt_step=41250/172211 | micro_step=330000/1377681 | stage=stage2 | span=1 | train_loss=2.9632 | lr=0.000186428 | cpu_batch_ms=0.9 | provider_batch_ms=288.1 | prefetch_q=100 | elapsed=162852.8s
progress | opt_step=41275/172211 | micro_step=330200/1377681 | stage=stage2 | span=1 | train_loss=2.7611 | lr=0.000186397 | cpu_batch_ms=0.9 | provider_batch_ms=314.2 | prefetch_q=99 | elapsed=162946.2s
progress | opt_step=41300/172211 | micro_step=330400/1377681 | stage=stage2 | span=1 | train_loss=2.5013 | lr=0.000186366 | cpu_batch_ms=0.9 | provider_batch_ms=321.8 | prefetch_q=98 | elapsed=163038.3s
progress | opt_step=41325/172211 | micro_step=330600/1377681 | stage=stage2 | span=1 | train_loss=2.3916 | lr=0.000186335 | cpu_batch_ms=0.9 | provider_batch_ms=251.4 | prefetch_q=98 | elapsed=163150.7s
progress | opt_step=41350/172211 | micro_step=330800/1377681 | stage=stage2 | span=1 | train_loss=2.9713 | lr=0.000186304 | cpu_batch_ms=0.9 | provider_batch_ms=295.7 | prefetch_q=99 | elapsed=163243.8s
progress | opt_step=41375/172211 | micro_step=331000/1377681 | stage=stage2 | span=1 | train_loss=2.8944 | lr=0.000186272 | cpu_batch_ms=0.9 | provider_batch_ms=311.1 | prefetch_q=100 | elapsed=163336.5s
progress | opt_step=41400/172211 | micro_step=331200/1377681 | stage=stage2 | span=1 | train_loss=2.6852 | lr=0.000186241 | cpu_batch_ms=0.9 | provider_batch_ms=317.1 | prefetch_q=100 | elapsed=163429.1s
eval | opt_step=41400 | micro_step=331200 | train_loss=2.6852 | val_loss=2.9849 | val_ppl=19.79
progress | opt_step=41425/172211 | micro_step=331400/1377681 | stage=stage2 | span=1 | train_loss=3.0972 | lr=0.00018621 | cpu_batch_ms=0.9 | provider_batch_ms=254.8 | prefetch_q=100 | elapsed=163544.1s
progress | opt_step=41450/172211 | micro_step=331600/1377681 | stage=stage2 | span=1 | train_loss=2.4820 | lr=0.000186178 | cpu_batch_ms=0.9 | provider_batch_ms=314.4 | prefetch_q=99 | elapsed=163637.4s
progress | opt_step=41475/172211 | micro_step=331800/1377681 | stage=stage2 | span=1 | train_loss=2.6451 | lr=0.000186147 | cpu_batch_ms=0.9 | provider_batch_ms=333.5 | prefetch_q=98 | elapsed=163730.6s
progress | opt_step=41500/172211 | micro_step=332000/1377681 | stage=stage2 | span=1 | train_loss=2.3373 | lr=0.000186116 | cpu_batch_ms=0.9 | provider_batch_ms=338.1 | prefetch_q=96 | elapsed=163823.3s
progress | opt_step=41525/172211 | micro_step=332200/1377681 | stage=stage2 | span=1 | train_loss=2.3848 | lr=0.000186084 | cpu_batch_ms=0.9 | provider_batch_ms=246.6 | prefetch_q=99 | elapsed=163937.9s
progress | opt_step=41550/172211 | micro_step=332400/1377681 | stage=stage2 | span=1 | train_loss=3.0807 | lr=0.000186053 | cpu_batch_ms=0.9 | provider_batch_ms=292.0 | prefetch_q=97 | elapsed=164031.3s
progress | opt_step=41575/172211 | micro_step=332600/1377681 | stage=stage2 | span=1 | train_loss=3.0049 | lr=0.000186021 | cpu_batch_ms=0.9 | provider_batch_ms=312.4 | prefetch_q=100 | elapsed=164124.5s
progress | opt_step=41600/172211 | micro_step=332800/1377681 | stage=stage2 | span=1 | train_loss=2.9991 | lr=0.00018599 | cpu_batch_ms=0.9 | provider_batch_ms=327.4 | prefetch_q=95 | elapsed=164217.5s
eval | opt_step=41600 | micro_step=332800 | train_loss=2.9991 | val_loss=2.9930 | val_ppl=19.95
progress | opt_step=41625/172211 | micro_step=333000/1377681 | stage=stage2 | span=1 | train_loss=2.9934 | lr=0.000185958 | cpu_batch_ms=0.9 | provider_batch_ms=230.9 | prefetch_q=100 | elapsed=164333.2s
progress | opt_step=41650/172211 | micro_step=333200/1377681 | stage=stage2 | span=1 | train_loss=2.8675 | lr=0.000185926 | cpu_batch_ms=0.9 | provider_batch_ms=289.9 | prefetch_q=96 | elapsed=164426.7s
progress | opt_step=41675/172211 | micro_step=333400/1377681 | stage=stage2 | span=1 | train_loss=2.7962 | lr=0.000185895 | cpu_batch_ms=0.9 | provider_batch_ms=312.1 | prefetch_q=97 | elapsed=164519.3s
progress | opt_step=41700/172211 | micro_step=333600/1377681 | stage=stage2 | span=1 | train_loss=2.7762 | lr=0.000185863 | cpu_batch_ms=0.9 | provider_batch_ms=317.5 | prefetch_q=100 | elapsed=164611.5s
progress | opt_step=41725/172211 | micro_step=333800/1377681 | stage=stage2 | span=1 | train_loss=3.0042 | lr=0.000185831 | cpu_batch_ms=0.9 | provider_batch_ms=236.6 | prefetch_q=100 | elapsed=164724.5s
progress | opt_step=41750/172211 | micro_step=334000/1377681 | stage=stage2 | span=1 | train_loss=2.6123 | lr=0.0001858 | cpu_batch_ms=0.9 | provider_batch_ms=281.8 | prefetch_q=96 | elapsed=164817.5s
progress | opt_step=41775/172211 | micro_step=334200/1377681 | stage=stage2 | span=1 | train_loss=2.8681 | lr=0.000185768 | cpu_batch_ms=0.9 | provider_batch_ms=302.0 | prefetch_q=98 | elapsed=164910.5s
progress | opt_step=41800/172211 | micro_step=334400/1377681 | stage=stage2 | span=1 | train_loss=2.8734 | lr=0.000185736 | cpu_batch_ms=0.9 | provider_batch_ms=309.6 | prefetch_q=99 | elapsed=165002.7s
eval | opt_step=41800 | micro_step=334400 | train_loss=2.8734 | val_loss=2.9901 | val_ppl=19.89
progress | opt_step=41825/172211 | micro_step=334600/1377681 | stage=stage2 | span=1 | train_loss=2.9530 | lr=0.000185704 | cpu_batch_ms=0.9 | provider_batch_ms=253.1 | prefetch_q=100 | elapsed=165121.0s
progress | opt_step=41850/172211 | micro_step=334800/1377681 | stage=stage2 | span=1 | train_loss=2.7270 | lr=0.000185672 | cpu_batch_ms=0.9 | provider_batch_ms=295.3 | prefetch_q=99 | elapsed=165213.7s
progress | opt_step=41875/172211 | micro_step=335000/1377681 | stage=stage2 | span=1 | train_loss=2.2643 | lr=0.00018564 | cpu_batch_ms=0.9 | provider_batch_ms=313.8 | prefetch_q=100 | elapsed=165306.9s
progress | opt_step=41900/172211 | micro_step=335200/1377681 | stage=stage2 | span=1 | train_loss=2.9046 | lr=0.000185608 | cpu_batch_ms=0.9 | provider_batch_ms=323.8 | prefetch_q=99 | elapsed=165399.3s
progress | opt_step=41925/172211 | micro_step=335400/1377681 | stage=stage2 | span=1 | train_loss=2.9109 | lr=0.000185576 | cpu_batch_ms=0.9 | provider_batch_ms=261.5 | prefetch_q=100 | elapsed=165512.4s
progress | opt_step=41950/172211 | micro_step=335600/1377681 | stage=stage2 | span=1 | train_loss=2.4645 | lr=0.000185544 | cpu_batch_ms=0.9 | provider_batch_ms=302.4 | prefetch_q=100 | elapsed=165604.4s
progress | opt_step=41975/172211 | micro_step=335800/1377681 | stage=stage2 | span=1 | train_loss=2.4260 | lr=0.000185512 | cpu_batch_ms=0.9 | provider_batch_ms=318.1 | prefetch_q=99 | elapsed=165697.2s
progress | opt_step=42000/172211 | micro_step=336000/1377681 | stage=stage2 | span=1 | train_loss=2.6688 | lr=0.00018548 | cpu_batch_ms=0.9 | provider_batch_ms=328.6 | prefetch_q=96 | elapsed=165789.2s
eval | opt_step=42000 | micro_step=336000 | train_loss=2.6688 | val_loss=2.9805 | val_ppl=19.70
progress | opt_step=42025/172211 | micro_step=336200/1377681 | stage=stage2 | span=1 | train_loss=3.2397 | lr=0.000185448 | cpu_batch_ms=0.9 | provider_batch_ms=253.1 | prefetch_q=100 | elapsed=165928.9s
progress | opt_step=42050/172211 | micro_step=336400/1377681 | stage=stage2 | span=1 | train_loss=2.5701 | lr=0.000185416 | cpu_batch_ms=0.9 | provider_batch_ms=299.9 | prefetch_q=95 | elapsed=166021.7s
progress | opt_step=42075/172211 | micro_step=336600/1377681 | stage=stage2 | span=1 | train_loss=3.0369 | lr=0.000185384 | cpu_batch_ms=0.9 | provider_batch_ms=316.8 | prefetch_q=100 | elapsed=166114.6s
progress | opt_step=42100/172211 | micro_step=336800/1377681 | stage=stage2 | span=1 | train_loss=2.8511 | lr=0.000185352 | cpu_batch_ms=0.9 | provider_batch_ms=326.0 | prefetch_q=95 | elapsed=166206.5s
progress | opt_step=42125/172211 | micro_step=337000/1377681 | stage=stage2 | span=1 | train_loss=2.6488 | lr=0.00018532 | cpu_batch_ms=0.9 | provider_batch_ms=226.5 | prefetch_q=100 | elapsed=166318.8s
progress | opt_step=42150/172211 | micro_step=337200/1377681 | stage=stage2 | span=1 | train_loss=2.7187 | lr=0.000185287 | cpu_batch_ms=0.9 | provider_batch_ms=279.2 | prefetch_q=100 | elapsed=166412.0s
progress | opt_step=42175/172211 | micro_step=337400/1377681 | stage=stage2 | span=1 | train_loss=2.7108 | lr=0.000185255 | cpu_batch_ms=0.9 | provider_batch_ms=295.7 | prefetch_q=100 | elapsed=166504.6s
progress | opt_step=42200/172211 | micro_step=337600/1377681 | stage=stage2 | span=1 | train_loss=3.0035 | lr=0.000185223 | cpu_batch_ms=0.9 | provider_batch_ms=313.8 | prefetch_q=100 | elapsed=166597.0s
eval | opt_step=42200 | micro_step=337600 | train_loss=3.0035 | val_loss=2.9858 | val_ppl=19.80
progress | opt_step=42225/172211 | micro_step=337800/1377681 | stage=stage2 | span=1 | train_loss=2.9911 | lr=0.00018519 | cpu_batch_ms=0.9 | provider_batch_ms=254.4 | prefetch_q=100 | elapsed=166715.0s
progress | opt_step=42250/172211 | micro_step=338000/1377681 | stage=stage2 | span=1 | train_loss=2.4159 | lr=0.000185158 | cpu_batch_ms=0.9 | provider_batch_ms=307.2 | prefetch_q=100 | elapsed=166808.7s
progress | opt_step=42275/172211 | micro_step=338200/1377681 | stage=stage2 | span=1 | train_loss=3.0340 | lr=0.000185125 | cpu_batch_ms=0.9 | provider_batch_ms=325.8 | prefetch_q=100 | elapsed=166902.1s
progress | opt_step=42300/172211 | micro_step=338400/1377681 | stage=stage2 | span=1 | train_loss=2.7236 | lr=0.000185093 | cpu_batch_ms=0.9 | provider_batch_ms=335.3 | prefetch_q=100 | elapsed=166995.4s
progress | opt_step=42325/172211 | micro_step=338600/1377681 | stage=stage2 | span=1 | train_loss=2.7010 | lr=0.000185061 | cpu_batch_ms=0.9 | provider_batch_ms=252.4 | prefetch_q=96 | elapsed=167108.9s
progress | opt_step=42350/172211 | micro_step=338800/1377681 | stage=stage2 | span=1 | train_loss=2.7635 | lr=0.000185028 | cpu_batch_ms=0.9 | provider_batch_ms=288.9 | prefetch_q=100 | elapsed=167201.4s
progress | opt_step=42375/172211 | micro_step=339000/1377681 | stage=stage2 | span=1 | train_loss=2.4742 | lr=0.000184995 | cpu_batch_ms=0.9 | provider_batch_ms=318.2 | prefetch_q=100 | elapsed=167294.3s
progress | opt_step=42400/172211 | micro_step=339200/1377681 | stage=stage2 | span=1 | train_loss=2.8040 | lr=0.000184963 | cpu_batch_ms=0.9 | provider_batch_ms=330.9 | prefetch_q=100 | elapsed=167387.6s
eval | opt_step=42400 | micro_step=339200 | train_loss=2.8040 | val_loss=2.9783 | val_ppl=19.65
progress | opt_step=42425/172211 | micro_step=339400/1377681 | stage=stage2 | span=1 | train_loss=2.1776 | lr=0.00018493 | cpu_batch_ms=0.9 | provider_batch_ms=238.4 | prefetch_q=99 | elapsed=167530.3s
progress | opt_step=42450/172211 | micro_step=339600/1377681 | stage=stage2 | span=1 | train_loss=3.0896 | lr=0.000184898 | cpu_batch_ms=0.9 | provider_batch_ms=296.6 | prefetch_q=100 | elapsed=167623.0s
progress | opt_step=42475/172211 | micro_step=339800/1377681 | stage=stage2 | span=1 | train_loss=2.8504 | lr=0.000184865 | cpu_batch_ms=0.9 | provider_batch_ms=319.7 | prefetch_q=99 | elapsed=167716.0s
progress | opt_step=42500/172211 | micro_step=340000/1377681 | stage=stage2 | span=1 | train_loss=3.0727 | lr=0.000184832 | cpu_batch_ms=0.9 | provider_batch_ms=333.1 | prefetch_q=99 | elapsed=167808.6s
progress | opt_step=42525/172211 | micro_step=340200/1377681 | stage=stage2 | span=1 | train_loss=2.7349 | lr=0.0001848 | cpu_batch_ms=0.9 | provider_batch_ms=251.9 | prefetch_q=100 | elapsed=167928.7s
progress | opt_step=42550/172211 | micro_step=340400/1377681 | stage=stage2 | span=1 | train_loss=2.4715 | lr=0.000184767 | cpu_batch_ms=0.9 | provider_batch_ms=310.1 | prefetch_q=98 | elapsed=168022.7s
progress | opt_step=42575/172211 | micro_step=340600/1377681 | stage=stage2 | span=1 | train_loss=2.5464 | lr=0.000184734 | cpu_batch_ms=0.9 | provider_batch_ms=323.2 | prefetch_q=100 | elapsed=168115.6s
progress | opt_step=42600/172211 | micro_step=340800/1377681 | stage=stage2 | span=1 | train_loss=2.6997 | lr=0.000184701 | cpu_batch_ms=0.9 | provider_batch_ms=329.7 | prefetch_q=100 | elapsed=168208.3s
eval | opt_step=42600 | micro_step=340800 | train_loss=2.6997 | val_loss=2.9754 | val_ppl=19.60
progress | opt_step=42625/172211 | micro_step=341000/1377681 | stage=stage2 | span=1 | train_loss=2.3246 | lr=0.000184668 | cpu_batch_ms=0.9 | provider_batch_ms=251.3 | prefetch_q=100 | elapsed=168354.4s
progress | opt_step=42650/172211 | micro_step=341200/1377681 | stage=stage2 | span=1 | train_loss=2.7180 | lr=0.000184635 | cpu_batch_ms=0.9 | provider_batch_ms=302.3 | prefetch_q=100 | elapsed=168447.4s
progress | opt_step=42675/172211 | micro_step=341400/1377681 | stage=stage2 | span=1 | train_loss=2.5713 | lr=0.000184602 | cpu_batch_ms=0.9 | provider_batch_ms=324.9 | prefetch_q=92 | elapsed=168540.6s
progress | opt_step=42700/172211 | micro_step=341600/1377681 | stage=stage2 | span=1 | train_loss=2.9165 | lr=0.000184569 | cpu_batch_ms=0.9 | provider_batch_ms=329.3 | prefetch_q=100 | elapsed=168633.2s
progress | opt_step=42725/172211 | micro_step=341800/1377681 | stage=stage2 | span=1 | train_loss=2.8181 | lr=0.000184536 | cpu_batch_ms=1.0 | provider_batch_ms=256.5 | prefetch_q=100 | elapsed=168750.5s
progress | opt_step=42750/172211 | micro_step=342000/1377681 | stage=stage2 | span=1 | train_loss=2.7713 | lr=0.000184503 | cpu_batch_ms=1.0 | provider_batch_ms=304.8 | prefetch_q=99 | elapsed=168843.8s
progress | opt_step=42775/172211 | micro_step=342200/1377681 | stage=stage2 | span=1 | train_loss=2.9088 | lr=0.00018447 | cpu_batch_ms=1.0 | provider_batch_ms=316.2 | prefetch_q=100 | elapsed=168936.2s
progress | opt_step=42800/172211 | micro_step=342400/1377681 | stage=stage2 | span=1 | train_loss=3.0756 | lr=0.000184437 | cpu_batch_ms=1.0 | provider_batch_ms=327.0 | prefetch_q=94 | elapsed=169028.8s
eval | opt_step=42800 | micro_step=342400 | train_loss=3.0756 | val_loss=2.9787 | val_ppl=19.66
progress | opt_step=42825/172211 | micro_step=342600/1377681 | stage=stage2 | span=1 | train_loss=2.0713 | lr=0.000184404 | cpu_batch_ms=1.0 | provider_batch_ms=241.0 | prefetch_q=100 | elapsed=169143.7s
progress | opt_step=42850/172211 | micro_step=342800/1377681 | stage=stage2 | span=1 | train_loss=3.0079 | lr=0.000184371 | cpu_batch_ms=1.0 | provider_batch_ms=282.7 | prefetch_q=98 | elapsed=169237.0s
progress | opt_step=42875/172211 | micro_step=343000/1377681 | stage=stage2 | span=1 | train_loss=2.9573 | lr=0.000184338 | cpu_batch_ms=1.0 | provider_batch_ms=309.4 | prefetch_q=99 | elapsed=169330.3s
progress | opt_step=42900/172211 | micro_step=343200/1377681 | stage=stage2 | span=1 | train_loss=2.5406 | lr=0.000184305 | cpu_batch_ms=1.0 | provider_batch_ms=325.0 | prefetch_q=96 | elapsed=169423.2s
progress | opt_step=42925/172211 | micro_step=343400/1377681 | stage=stage2 | span=1 | train_loss=3.1404 | lr=0.000184271 | cpu_batch_ms=0.9 | provider_batch_ms=240.8 | prefetch_q=100 | elapsed=169536.2s
progress | opt_step=42950/172211 | micro_step=343600/1377681 | stage=stage2 | span=1 | train_loss=3.0955 | lr=0.000184238 | cpu_batch_ms=1.0 | provider_batch_ms=289.2 | prefetch_q=96 | elapsed=169629.2s
progress | opt_step=42975/172211 | micro_step=343800/1377681 | stage=stage2 | span=1 | train_loss=2.6929 | lr=0.000184205 | cpu_batch_ms=0.9 | provider_batch_ms=314.5 | prefetch_q=100 | elapsed=169722.6s
progress | opt_step=43000/172211 | micro_step=344000/1377681 | stage=stage2 | span=1 | train_loss=3.0675 | lr=0.000184171 | cpu_batch_ms=0.9 | provider_batch_ms=325.9 | prefetch_q=100 | elapsed=169815.4s
eval | opt_step=43000 | micro_step=344000 | train_loss=3.0675 | val_loss=2.9691 | val_ppl=19.47
progress | opt_step=43025/172211 | micro_step=344200/1377681 | stage=stage2 | span=1 | train_loss=2.6070 | lr=0.000184138 | cpu_batch_ms=0.9 | provider_batch_ms=247.8 | prefetch_q=96 | elapsed=169960.0s
progress | opt_step=43050/172211 | micro_step=344400/1377681 | stage=stage2 | span=1 | train_loss=2.8527 | lr=0.000184105 | cpu_batch_ms=0.9 | provider_batch_ms=296.7 | prefetch_q=100 | elapsed=170053.1s
progress | opt_step=43075/172211 | micro_step=344600/1377681 | stage=stage2 | span=1 | train_loss=2.8931 | lr=0.000184071 | cpu_batch_ms=0.9 | provider_batch_ms=320.4 | prefetch_q=99 | elapsed=170146.0s
progress | opt_step=43100/172211 | micro_step=344800/1377681 | stage=stage2 | span=1 | train_loss=2.1953 | lr=0.000184038 | cpu_batch_ms=0.9 | provider_batch_ms=324.1 | prefetch_q=100 | elapsed=170238.7s
progress | opt_step=43125/172211 | micro_step=345000/1377681 | stage=stage2 | span=1 | train_loss=2.7446 | lr=0.000184004 | cpu_batch_ms=0.9 | provider_batch_ms=241.1 | prefetch_q=96 | elapsed=170357.7s
progress | opt_step=43150/172211 | micro_step=345200/1377681 | stage=stage2 | span=1 | train_loss=2.9171 | lr=0.000183971 | cpu_batch_ms=0.9 | provider_batch_ms=297.4 | prefetch_q=99 | elapsed=170451.2s
progress | opt_step=43175/172211 | micro_step=345400/1377681 | stage=stage2 | span=1 | train_loss=2.7376 | lr=0.000183937 | cpu_batch_ms=0.9 | provider_batch_ms=316.0 | prefetch_q=98 | elapsed=170544.1s
progress | opt_step=43200/172211 | micro_step=345600/1377681 | stage=stage2 | span=1 | train_loss=2.8840 | lr=0.000183903 | cpu_batch_ms=0.9 | provider_batch_ms=329.5 | prefetch_q=100 | elapsed=170637.1s
eval | opt_step=43200 | micro_step=345600 | train_loss=2.8840 | val_loss=2.9681 | val_ppl=19.45
progress | opt_step=43225/172211 | micro_step=345800/1377681 | stage=stage2 | span=1 | train_loss=2.8389 | lr=0.00018387 | cpu_batch_ms=0.9 | provider_batch_ms=254.3 | prefetch_q=100 | elapsed=170773.5s
progress | opt_step=43250/172211 | micro_step=346000/1377681 | stage=stage2 | span=1 | train_loss=2.7920 | lr=0.000183836 | cpu_batch_ms=0.9 | provider_batch_ms=304.6 | prefetch_q=99 | elapsed=170866.0s
progress | opt_step=43275/172211 | micro_step=346200/1377681 | stage=stage2 | span=1 | train_loss=2.8212 | lr=0.000183802 | cpu_batch_ms=0.9 | provider_batch_ms=328.8 | prefetch_q=98 | elapsed=170959.2s
progress | opt_step=43300/172211 | micro_step=346400/1377681 | stage=stage2 | span=1 | train_loss=3.1121 | lr=0.000183769 | cpu_batch_ms=0.9 | provider_batch_ms=339.3 | prefetch_q=100 | elapsed=171052.7s
progress | opt_step=43325/172211 | micro_step=346600/1377681 | stage=stage2 | span=1 | train_loss=2.6185 | lr=0.000183735 | cpu_batch_ms=0.9 | provider_batch_ms=249.6 | prefetch_q=99 | elapsed=171166.6s
progress | opt_step=43350/172211 | micro_step=346800/1377681 | stage=stage2 | span=1 | train_loss=3.0828 | lr=0.000183701 | cpu_batch_ms=0.9 | provider_batch_ms=298.0 | prefetch_q=98 | elapsed=171260.2s
progress | opt_step=43375/172211 | micro_step=347000/1377681 | stage=stage2 | span=1 | train_loss=2.8960 | lr=0.000183667 | cpu_batch_ms=0.9 | provider_batch_ms=317.2 | prefetch_q=100 | elapsed=171353.4s
progress | opt_step=43400/172211 | micro_step=347200/1377681 | stage=stage2 | span=1 | train_loss=2.6387 | lr=0.000183633 | cpu_batch_ms=0.9 | provider_batch_ms=324.3 | prefetch_q=97 | elapsed=171445.4s
eval | opt_step=43400 | micro_step=347200 | train_loss=2.6387 | val_loss=2.9722 | val_ppl=19.53
progress | opt_step=43425/172211 | micro_step=347400/1377681 | stage=stage2 | span=1 | train_loss=2.8793 | lr=0.0001836 | cpu_batch_ms=1.0 | provider_batch_ms=253.2 | prefetch_q=99 | elapsed=171565.5s
progress | opt_step=43450/172211 | micro_step=347600/1377681 | stage=stage2 | span=1 | train_loss=2.7468 | lr=0.000183566 | cpu_batch_ms=1.0 | provider_batch_ms=298.2 | prefetch_q=100 | elapsed=171658.6s
progress | opt_step=43475/172211 | micro_step=347800/1377681 | stage=stage2 | span=1 | train_loss=3.0016 | lr=0.000183532 | cpu_batch_ms=1.0 | provider_batch_ms=317.1 | prefetch_q=99 | elapsed=171751.5s
progress | opt_step=43500/172211 | micro_step=348000/1377681 | stage=stage2 | span=1 | train_loss=2.7173 | lr=0.000183498 | cpu_batch_ms=1.0 | provider_batch_ms=327.9 | prefetch_q=100 | elapsed=171844.4s
progress | opt_step=43525/172211 | micro_step=348200/1377681 | stage=stage2 | span=1 | train_loss=2.2159 | lr=0.000183464 | cpu_batch_ms=1.0 | provider_batch_ms=244.2 | prefetch_q=99 | elapsed=171959.8s
progress | opt_step=43550/172211 | micro_step=348400/1377681 | stage=stage2 | span=1 | train_loss=3.0980 | lr=0.00018343 | cpu_batch_ms=1.0 | provider_batch_ms=292.6 | prefetch_q=95 | elapsed=172052.9s
progress | opt_step=43575/172211 | micro_step=348600/1377681 | stage=stage2 | span=1 | train_loss=2.5254 | lr=0.000183396 | cpu_batch_ms=1.0 | provider_batch_ms=309.9 | prefetch_q=100 | elapsed=172145.8s
progress | opt_step=43600/172211 | micro_step=348800/1377681 | stage=stage2 | span=1 | train_loss=2.5041 | lr=0.000183362 | cpu_batch_ms=1.0 | provider_batch_ms=313.5 | prefetch_q=99 | elapsed=172238.2s
eval | opt_step=43600 | micro_step=348800 | train_loss=2.5041 | val_loss=2.9782 | val_ppl=19.65
progress | opt_step=43625/172211 | micro_step=349000/1377681 | stage=stage2 | span=1 | train_loss=2.5582 | lr=0.000183327 | cpu_batch_ms=1.0 | provider_batch_ms=245.4 | prefetch_q=100 | elapsed=172361.6s
progress | opt_step=43650/172211 | micro_step=349200/1377681 | stage=stage2 | span=1 | train_loss=2.9217 | lr=0.000183293 | cpu_batch_ms=1.0 | provider_batch_ms=299.6 | prefetch_q=100 | elapsed=172455.3s
progress | opt_step=43675/172211 | micro_step=349400/1377681 | stage=stage2 | span=1 | train_loss=2.6599 | lr=0.000183259 | cpu_batch_ms=1.0 | provider_batch_ms=309.5 | prefetch_q=100 | elapsed=172548.1s
progress | opt_step=43700/172211 | micro_step=349600/1377681 | stage=stage2 | span=1 | train_loss=2.6059 | lr=0.000183225 | cpu_batch_ms=1.0 | provider_batch_ms=322.1 | prefetch_q=98 | elapsed=172641.2s
progress | opt_step=43725/172211 | micro_step=349800/1377681 | stage=stage2 | span=1 | train_loss=2.6330 | lr=0.00018319 | cpu_batch_ms=1.0 | provider_batch_ms=246.9 | prefetch_q=98 | elapsed=172760.4s
progress | opt_step=43750/172211 | micro_step=350000/1377681 | stage=stage2 | span=1 | train_loss=2.5444 | lr=0.000183156 | cpu_batch_ms=1.0 | provider_batch_ms=283.7 | prefetch_q=100 | elapsed=172852.6s
progress | opt_step=43775/172211 | micro_step=350200/1377681 | stage=stage2 | span=1 | train_loss=2.9930 | lr=0.000183122 | cpu_batch_ms=1.0 | provider_batch_ms=300.6 | prefetch_q=96 | elapsed=172944.9s
progress | opt_step=43800/172211 | micro_step=350400/1377681 | stage=stage2 | span=1 | train_loss=2.5498 | lr=0.000183088 | cpu_batch_ms=1.0 | provider_batch_ms=316.1 | prefetch_q=100 | elapsed=173038.3s
eval | opt_step=43800 | micro_step=350400 | train_loss=2.5498 | val_loss=2.9750 | val_ppl=19.59
progress | opt_step=43825/172211 | micro_step=350600/1377681 | stage=stage2 | span=1 | train_loss=2.9253 | lr=0.000183053 | cpu_batch_ms=1.0 | provider_batch_ms=263.1 | prefetch_q=100 | elapsed=173156.0s
progress | opt_step=43850/172211 | micro_step=350800/1377681 | stage=stage2 | span=1 | train_loss=3.1978 | lr=0.000183019 | cpu_batch_ms=1.0 | provider_batch_ms=302.7 | prefetch_q=97 | elapsed=173249.4s
progress | opt_step=43875/172211 | micro_step=351000/1377681 | stage=stage2 | span=1 | train_loss=2.9341 | lr=0.000182984 | cpu_batch_ms=1.0 | provider_batch_ms=320.7 | prefetch_q=97 | elapsed=173342.3s
progress | opt_step=43900/172211 | micro_step=351200/1377681 | stage=stage2 | span=1 | train_loss=2.3731 | lr=0.00018295 | cpu_batch_ms=1.0 | provider_batch_ms=329.8 | prefetch_q=100 | elapsed=173435.4s
progress | opt_step=43925/172211 | micro_step=351400/1377681 | stage=stage2 | span=1 | train_loss=2.7301 | lr=0.000182915 | cpu_batch_ms=1.0 | provider_batch_ms=262.4 | prefetch_q=96 | elapsed=173550.8s
progress | opt_step=43950/172211 | micro_step=351600/1377681 | stage=stage2 | span=1 | train_loss=2.5646 | lr=0.000182881 | cpu_batch_ms=1.0 | provider_batch_ms=311.4 | prefetch_q=96 | elapsed=173643.8s
progress | opt_step=43975/172211 | micro_step=351800/1377681 | stage=stage2 | span=1 | train_loss=2.7443 | lr=0.000182846 | cpu_batch_ms=1.0 | provider_batch_ms=326.2 | prefetch_q=100 | elapsed=173737.1s
progress | opt_step=44000/172211 | micro_step=352000/1377681 | stage=stage2 | span=1 | train_loss=2.6568 | lr=0.000182812 | cpu_batch_ms=1.0 | provider_batch_ms=340.6 | prefetch_q=100 | elapsed=173829.9s
eval | opt_step=44000 | micro_step=352000 | train_loss=2.6568 | val_loss=2.9712 | val_ppl=19.51
progress | opt_step=44025/172211 | micro_step=352200/1377681 | stage=stage2 | span=1 | train_loss=2.4932 | lr=0.000182777 | cpu_batch_ms=1.0 | provider_batch_ms=250.5 | prefetch_q=99 | elapsed=173944.5s
progress | opt_step=44050/172211 | micro_step=352400/1377681 | stage=stage2 | span=1 | train_loss=3.0559 | lr=0.000182742 | cpu_batch_ms=1.0 | provider_batch_ms=308.0 | prefetch_q=100 | elapsed=174038.2s
progress | opt_step=44075/172211 | micro_step=352600/1377681 | stage=stage2 | span=1 | train_loss=3.1275 | lr=0.000182708 | cpu_batch_ms=1.0 | provider_batch_ms=319.7 | prefetch_q=94 | elapsed=174130.6s
progress | opt_step=44100/172211 | micro_step=352800/1377681 | stage=stage2 | span=1 | train_loss=2.5983 | lr=0.000182673 | cpu_batch_ms=1.0 | provider_batch_ms=329.9 | prefetch_q=100 | elapsed=174223.9s
progress | opt_step=44125/172211 | micro_step=353000/1377681 | stage=stage2 | span=1 | train_loss=2.7720 | lr=0.000182638 | cpu_batch_ms=1.0 | provider_batch_ms=253.2 | prefetch_q=100 | elapsed=174338.0s
progress | opt_step=44150/172211 | micro_step=353200/1377681 | stage=stage2 | span=1 | train_loss=2.8595 | lr=0.000182603 | cpu_batch_ms=1.0 | provider_batch_ms=309.3 | prefetch_q=97 | elapsed=174430.9s
progress | opt_step=44175/172211 | micro_step=353400/1377681 | stage=stage2 | span=1 | train_loss=2.2561 | lr=0.000182568 | cpu_batch_ms=1.0 | provider_batch_ms=325.2 | prefetch_q=98 | elapsed=174523.9s
progress | opt_step=44200/172211 | micro_step=353600/1377681 | stage=stage2 | span=1 | train_loss=3.0416 | lr=0.000182534 | cpu_batch_ms=1.0 | provider_batch_ms=338.1 | prefetch_q=97 | elapsed=174617.2s
eval | opt_step=44200 | micro_step=353600 | train_loss=3.0416 | val_loss=2.9704 | val_ppl=19.50
progress | opt_step=44225/172211 | micro_step=353800/1377681 | stage=stage2 | span=1 | train_loss=2.9946 | lr=0.000182499 | cpu_batch_ms=1.0 | provider_batch_ms=242.4 | prefetch_q=99 | elapsed=174738.2s
progress | opt_step=44250/172211 | micro_step=354000/1377681 | stage=stage2 | span=1 | train_loss=2.8651 | lr=0.000182464 | cpu_batch_ms=1.0 | provider_batch_ms=287.6 | prefetch_q=98 | elapsed=174830.9s
progress | opt_step=44275/172211 | micro_step=354200/1377681 | stage=stage2 | span=1 | train_loss=2.7169 | lr=0.000182429 | cpu_batch_ms=1.0 | provider_batch_ms=314.8 | prefetch_q=92 | elapsed=174924.2s
progress | opt_step=44300/172211 | micro_step=354400/1377681 | stage=stage2 | span=1 | train_loss=2.7317 | lr=0.000182394 | cpu_batch_ms=1.0 | provider_batch_ms=329.1 | prefetch_q=100 | elapsed=175017.6s
progress | opt_step=44325/172211 | micro_step=354600/1377681 | stage=stage2 | span=1 | train_loss=2.6049 | lr=0.000182359 | cpu_batch_ms=1.0 | provider_batch_ms=232.5 | prefetch_q=100 | elapsed=175133.9s
progress | opt_step=44350/172211 | micro_step=354800/1377681 | stage=stage2 | span=1 | train_loss=2.9996 | lr=0.000182324 | cpu_batch_ms=1.0 | provider_batch_ms=288.7 | prefetch_q=100 | elapsed=175226.8s
progress | opt_step=44375/172211 | micro_step=355000/1377681 | stage=stage2 | span=1 | train_loss=2.5622 | lr=0.000182289 | cpu_batch_ms=1.0 | provider_batch_ms=314.5 | prefetch_q=97 | elapsed=175319.7s
progress | opt_step=44400/172211 | micro_step=355200/1377681 | stage=stage2 | span=1 | train_loss=2.5734 | lr=0.000182254 | cpu_batch_ms=1.0 | provider_batch_ms=318.6 | prefetch_q=99 | elapsed=175412.3s
eval | opt_step=44400 | micro_step=355200 | train_loss=2.5734 | val_loss=2.9662 | val_ppl=19.42
progress | opt_step=44425/172211 | micro_step=355400/1377681 | stage=stage2 | span=1 | train_loss=2.4655 | lr=0.000182218 | cpu_batch_ms=1.0 | provider_batch_ms=233.5 | prefetch_q=100 | elapsed=175551.6s
progress | opt_step=44450/172211 | micro_step=355600/1377681 | stage=stage2 | span=1 | train_loss=2.5448 | lr=0.000182183 | cpu_batch_ms=1.0 | provider_batch_ms=281.3 | prefetch_q=94 | elapsed=175645.0s
progress | opt_step=44475/172211 | micro_step=355800/1377681 | stage=stage2 | span=1 | train_loss=2.8445 | lr=0.000182148 | cpu_batch_ms=1.0 | provider_batch_ms=304.8 | prefetch_q=100 | elapsed=175737.8s
progress | opt_step=44500/172211 | micro_step=356000/1377681 | stage=stage2 | span=1 | train_loss=3.0570 | lr=0.000182113 | cpu_batch_ms=1.0 | provider_batch_ms=316.5 | prefetch_q=99 | elapsed=175830.1s
progress | opt_step=44525/172211 | micro_step=356200/1377681 | stage=stage2 | span=1 | train_loss=2.6308 | lr=0.000182078 | cpu_batch_ms=1.0 | provider_batch_ms=250.9 | prefetch_q=100 | elapsed=175950.0s
progress | opt_step=44550/172211 | micro_step=356400/1377681 | stage=stage2 | span=1 | train_loss=2.4626 | lr=0.000182042 | cpu_batch_ms=1.0 | provider_batch_ms=298.7 | prefetch_q=99 | elapsed=176043.5s
progress | opt_step=44575/172211 | micro_step=356600/1377681 | stage=stage2 | span=1 | train_loss=2.8277 | lr=0.000182007 | cpu_batch_ms=1.0 | provider_batch_ms=315.8 | prefetch_q=100 | elapsed=176136.3s
progress | opt_step=44600/172211 | micro_step=356800/1377681 | stage=stage2 | span=1 | train_loss=2.8249 | lr=0.000181972 | cpu_batch_ms=1.0 | provider_batch_ms=326.5 | prefetch_q=100 | elapsed=176229.2s
eval | opt_step=44600 | micro_step=356800 | train_loss=2.8249 | val_loss=2.9649 | val_ppl=19.39
progress | opt_step=44625/172211 | micro_step=357000/1377681 | stage=stage2 | span=1 | train_loss=2.7586 | lr=0.000181936 | cpu_batch_ms=1.0 | provider_batch_ms=243.5 | prefetch_q=99 | elapsed=176365.6s
progress | opt_step=44650/172211 | micro_step=357200/1377681 | stage=stage2 | span=1 | train_loss=2.3379 | lr=0.000181901 | cpu_batch_ms=1.0 | provider_batch_ms=296.6 | prefetch_q=99 | elapsed=176459.6s
progress | opt_step=44675/172211 | micro_step=357400/1377681 | stage=stage2 | span=1 | train_loss=2.6960 | lr=0.000181865 | cpu_batch_ms=1.0 | provider_batch_ms=316.6 | prefetch_q=100 | elapsed=176552.8s
progress | opt_step=44700/172211 | micro_step=357600/1377681 | stage=stage2 | span=1 | train_loss=2.5768 | lr=0.00018183 | cpu_batch_ms=1.0 | provider_batch_ms=324.3 | prefetch_q=100 | elapsed=176645.4s
progress | opt_step=44725/172211 | micro_step=357800/1377681 | stage=stage2 | span=1 | train_loss=2.8508 | lr=0.000181794 | cpu_batch_ms=1.0 | provider_batch_ms=234.4 | prefetch_q=100 | elapsed=176764.4s
progress | opt_step=44750/172211 | micro_step=358000/1377681 | stage=stage2 | span=1 | train_loss=2.9589 | lr=0.000181759 | cpu_batch_ms=1.0 | provider_batch_ms=291.5 | prefetch_q=98 | elapsed=176857.8s
progress | opt_step=44775/172211 | micro_step=358200/1377681 | stage=stage2 | span=1 | train_loss=2.5510 | lr=0.000181723 | cpu_batch_ms=1.0 | provider_batch_ms=316.0 | prefetch_q=96 | elapsed=176950.5s
progress | opt_step=44800/172211 | micro_step=358400/1377681 | stage=stage2 | span=1 | train_loss=2.8152 | lr=0.000181688 | cpu_batch_ms=1.0 | provider_batch_ms=333.4 | prefetch_q=92 | elapsed=177042.7s
eval | opt_step=44800 | micro_step=358400 | train_loss=2.8152 | val_loss=2.9667 | val_ppl=19.43
progress | opt_step=44825/172211 | micro_step=358600/1377681 | stage=stage2 | span=1 | train_loss=2.9127 | lr=0.000181652 | cpu_batch_ms=1.0 | provider_batch_ms=220.5 | prefetch_q=100 | elapsed=177161.4s
progress | opt_step=44850/172211 | micro_step=358800/1377681 | stage=stage2 | span=1 | train_loss=2.8646 | lr=0.000181616 | cpu_batch_ms=1.0 | provider_batch_ms=282.7 | prefetch_q=100 | elapsed=177254.5s
progress | opt_step=44875/172211 | micro_step=359000/1377681 | stage=stage2 | span=1 | train_loss=2.9261 | lr=0.000181581 | cpu_batch_ms=1.0 | provider_batch_ms=299.0 | prefetch_q=100 | elapsed=177346.9s
progress | opt_step=44900/172211 | micro_step=359200/1377681 | stage=stage2 | span=1 | train_loss=2.7105 | lr=0.000181545 | cpu_batch_ms=1.0 | provider_batch_ms=306.8 | prefetch_q=100 | elapsed=177439.7s
progress | opt_step=44925/172211 | micro_step=359400/1377681 | stage=stage2 | span=1 | train_loss=2.9167 | lr=0.000181509 | cpu_batch_ms=1.0 | provider_batch_ms=254.3 | prefetch_q=100 | elapsed=177553.3s
progress | opt_step=44950/172211 | micro_step=359600/1377681 | stage=stage2 | span=1 | train_loss=2.7029 | lr=0.000181473 | cpu_batch_ms=1.0 | provider_batch_ms=302.8 | prefetch_q=98 | elapsed=177646.7s
progress | opt_step=44975/172211 | micro_step=359800/1377681 | stage=stage2 | span=1 | train_loss=2.7016 | lr=0.000181438 | cpu_batch_ms=1.0 | provider_batch_ms=322.6 | prefetch_q=100 | elapsed=177739.7s
progress | opt_step=45000/172211 | micro_step=360000/1377681 | stage=stage2 | span=1 | train_loss=2.6835 | lr=0.000181402 | cpu_batch_ms=1.0 | provider_batch_ms=334.6 | prefetch_q=100 | elapsed=177836.6s
eval | opt_step=45000 | micro_step=360000 | train_loss=2.6835 | val_loss=2.9597 | val_ppl=19.29
progress | opt_step=45025/172211 | micro_step=360200/1377681 | stage=stage2 | span=1 | train_loss=3.0112 | lr=0.000181366 | cpu_batch_ms=1.0 | provider_batch_ms=214.6 | prefetch_q=100 | elapsed=177973.4s
progress | opt_step=45050/172211 | micro_step=360400/1377681 | stage=stage2 | span=1 | train_loss=2.7239 | lr=0.00018133 | cpu_batch_ms=1.0 | provider_batch_ms=269.1 | prefetch_q=97 | elapsed=178066.4s
progress | opt_step=45075/172211 | micro_step=360600/1377681 | stage=stage2 | span=1 | train_loss=2.7894 | lr=0.000181294 | cpu_batch_ms=1.0 | provider_batch_ms=303.2 | prefetch_q=96 | elapsed=178159.4s
progress | opt_step=45100/172211 | micro_step=360800/1377681 | stage=stage2 | span=1 | train_loss=2.6376 | lr=0.000181258 | cpu_batch_ms=1.0 | provider_batch_ms=314.0 | prefetch_q=95 | elapsed=178251.8s
progress | opt_step=45125/172211 | micro_step=361000/1377681 | stage=stage2 | span=1 | train_loss=2.8175 | lr=0.000181222 | cpu_batch_ms=1.0 | provider_batch_ms=256.8 | prefetch_q=95 | elapsed=178363.9s
progress | opt_step=45150/172211 | micro_step=361200/1377681 | stage=stage2 | span=1 | train_loss=2.7545 | lr=0.000181186 | cpu_batch_ms=1.0 | provider_batch_ms=309.6 | prefetch_q=97 | elapsed=178457.4s
progress | opt_step=45175/172211 | micro_step=361400/1377681 | stage=stage2 | span=1 | train_loss=2.9362 | lr=0.00018115 | cpu_batch_ms=1.0 | provider_batch_ms=328.7 | prefetch_q=90 | elapsed=178549.7s
progress | opt_step=45200/172211 | micro_step=361600/1377681 | stage=stage2 | span=1 | train_loss=2.7836 | lr=0.000181114 | cpu_batch_ms=1.0 | provider_batch_ms=339.9 | prefetch_q=98 | elapsed=178642.3s
eval | opt_step=45200 | micro_step=361600 | train_loss=2.7836 | val_loss=2.9641 | val_ppl=19.38
progress | opt_step=45225/172211 | micro_step=361800/1377681 | stage=stage2 | span=1 | train_loss=2.6876 | lr=0.000181078 | cpu_batch_ms=1.0 | provider_batch_ms=235.5 | prefetch_q=100 | elapsed=178759.0s
progress | opt_step=45250/172211 | micro_step=362000/1377681 | stage=stage2 | span=1 | train_loss=2.6617 | lr=0.000181042 | cpu_batch_ms=1.0 | provider_batch_ms=278.2 | prefetch_q=100 | elapsed=178851.6s
progress | opt_step=45275/172211 | micro_step=362200/1377681 | stage=stage2 | span=1 | train_loss=2.2925 | lr=0.000181006 | cpu_batch_ms=1.0 | provider_batch_ms=298.5 | prefetch_q=94 | elapsed=178944.8s
progress | opt_step=45300/172211 | micro_step=362400/1377681 | stage=stage2 | span=1 | train_loss=2.6355 | lr=0.000180969 | cpu_batch_ms=1.0 | provider_batch_ms=314.5 | prefetch_q=87 | elapsed=179038.1s
progress | opt_step=45325/172211 | micro_step=362600/1377681 | stage=stage2 | span=1 | train_loss=3.0011 | lr=0.000180933 | cpu_batch_ms=1.0 | provider_batch_ms=231.3 | prefetch_q=100 | elapsed=179149.6s
progress | opt_step=45350/172211 | micro_step=362800/1377681 | stage=stage2 | span=1 | train_loss=2.8268 | lr=0.000180897 | cpu_batch_ms=1.0 | provider_batch_ms=297.5 | prefetch_q=100 | elapsed=179243.4s
progress | opt_step=45375/172211 | micro_step=363000/1377681 | stage=stage2 | span=1 | train_loss=2.6155 | lr=0.00018086 | cpu_batch_ms=1.0 | provider_batch_ms=310.9 | prefetch_q=100 | elapsed=179335.8s
progress | opt_step=45400/172211 | micro_step=363200/1377681 | stage=stage2 | span=1 | train_loss=2.8739 | lr=0.000180824 | cpu_batch_ms=1.0 | provider_batch_ms=324.7 | prefetch_q=100 | elapsed=179428.4s
eval | opt_step=45400 | micro_step=363200 | train_loss=2.8739 | val_loss=2.9698 | val_ppl=19.49
progress | opt_step=45425/172211 | micro_step=363400/1377681 | stage=stage2 | span=1 | train_loss=2.2664 | lr=0.000180788 | cpu_batch_ms=1.0 | provider_batch_ms=265.5 | prefetch_q=100 | elapsed=179546.7s
progress | opt_step=45450/172211 | micro_step=363600/1377681 | stage=stage2 | span=1 | train_loss=2.7261 | lr=0.000180751 | cpu_batch_ms=1.0 | provider_batch_ms=309.4 | prefetch_q=100 | elapsed=179639.3s
progress | opt_step=45475/172211 | micro_step=363800/1377681 | stage=stage2 | span=1 | train_loss=2.9973 | lr=0.000180715 | cpu_batch_ms=1.0 | provider_batch_ms=316.9 | prefetch_q=100 | elapsed=179731.9s
progress | opt_step=45500/172211 | micro_step=364000/1377681 | stage=stage2 | span=1 | train_loss=2.3687 | lr=0.000180679 | cpu_batch_ms=1.0 | provider_batch_ms=324.4 | prefetch_q=100 | elapsed=179823.9s
progress | opt_step=45525/172211 | micro_step=364200/1377681 | stage=stage2 | span=1 | train_loss=2.8198 | lr=0.000180642 | cpu_batch_ms=1.0 | provider_batch_ms=259.7 | prefetch_q=99 | elapsed=179936.9s
progress | opt_step=45550/172211 | micro_step=364400/1377681 | stage=stage2 | span=1 | train_loss=2.6489 | lr=0.000180606 | cpu_batch_ms=1.0 | provider_batch_ms=305.3 | prefetch_q=98 | elapsed=180030.0s
progress | opt_step=45575/172211 | micro_step=364600/1377681 | stage=stage2 | span=1 | train_loss=2.7881 | lr=0.000180569 | cpu_batch_ms=1.0 | provider_batch_ms=313.2 | prefetch_q=99 | elapsed=180122.8s
progress | opt_step=45600/172211 | micro_step=364800/1377681 | stage=stage2 | span=1 | train_loss=2.8348 | lr=0.000180532 | cpu_batch_ms=1.0 | provider_batch_ms=331.6 | prefetch_q=97 | elapsed=180216.3s
eval | opt_step=45600 | micro_step=364800 | train_loss=2.8348 | val_loss=2.9744 | val_ppl=19.58
progress | opt_step=45625/172211 | micro_step=365000/1377681 | stage=stage2 | span=1 | train_loss=2.6959 | lr=0.000180496 | cpu_batch_ms=1.0 | provider_batch_ms=239.5 | prefetch_q=97 | elapsed=180331.5s
progress | opt_step=45650/172211 | micro_step=365200/1377681 | stage=stage2 | span=1 | train_loss=2.8491 | lr=0.000180459 | cpu_batch_ms=1.0 | provider_batch_ms=293.8 | prefetch_q=99 | elapsed=180424.3s
progress | opt_step=45675/172211 | micro_step=365400/1377681 | stage=stage2 | span=1 | train_loss=2.4978 | lr=0.000180423 | cpu_batch_ms=1.0 | provider_batch_ms=311.6 | prefetch_q=100 | elapsed=180517.3s
progress | opt_step=45700/172211 | micro_step=365600/1377681 | stage=stage2 | span=1 | train_loss=3.0315 | lr=0.000180386 | cpu_batch_ms=1.0 | provider_batch_ms=325.7 | prefetch_q=100 | elapsed=180609.8s
progress | opt_step=45725/172211 | micro_step=365800/1377681 | stage=stage2 | span=1 | train_loss=2.6571 | lr=0.000180349 | cpu_batch_ms=1.0 | provider_batch_ms=243.8 | prefetch_q=100 | elapsed=180722.1s
progress | opt_step=45750/172211 | micro_step=366000/1377681 | stage=stage2 | span=1 | train_loss=2.7701 | lr=0.000180312 | cpu_batch_ms=1.0 | provider_batch_ms=279.4 | prefetch_q=100 | elapsed=180815.5s
progress | opt_step=45775/172211 | micro_step=366200/1377681 | stage=stage2 | span=1 | train_loss=2.9604 | lr=0.000180276 | cpu_batch_ms=1.0 | provider_batch_ms=299.1 | prefetch_q=100 | elapsed=180908.4s
progress | opt_step=45800/172211 | micro_step=366400/1377681 | stage=stage2 | span=1 | train_loss=2.4333 | lr=0.000180239 | cpu_batch_ms=1.0 | provider_batch_ms=310.8 | prefetch_q=100 | elapsed=181000.7s
eval | opt_step=45800 | micro_step=366400 | train_loss=2.4333 | val_loss=2.9703 | val_ppl=19.50
progress | opt_step=45825/172211 | micro_step=366600/1377681 | stage=stage2 | span=1 | train_loss=2.2016 | lr=0.000180202 | cpu_batch_ms=1.0 | provider_batch_ms=251.9 | prefetch_q=100 | elapsed=181120.3s
progress | opt_step=45850/172211 | micro_step=366800/1377681 | stage=stage2 | span=1 | train_loss=2.7122 | lr=0.000180165 | cpu_batch_ms=1.0 | provider_batch_ms=305.0 | prefetch_q=100 | elapsed=181213.3s
progress | opt_step=45875/172211 | micro_step=367000/1377681 | stage=stage2 | span=1 | train_loss=2.3455 | lr=0.000180128 | cpu_batch_ms=1.0 | provider_batch_ms=320.7 | prefetch_q=100 | elapsed=181305.5s
progress | opt_step=45900/172211 | micro_step=367200/1377681 | stage=stage2 | span=1 | train_loss=2.9960 | lr=0.000180091 | cpu_batch_ms=1.0 | provider_batch_ms=337.4 | prefetch_q=100 | elapsed=181398.6s
progress | opt_step=45925/172211 | micro_step=367400/1377681 | stage=stage2 | span=1 | train_loss=2.2817 | lr=0.000180054 | cpu_batch_ms=1.0 | provider_batch_ms=247.8 | prefetch_q=100 | elapsed=181510.1s
progress | opt_step=45950/172211 | micro_step=367600/1377681 | stage=stage2 | span=1 | train_loss=2.9043 | lr=0.000180017 | cpu_batch_ms=1.0 | provider_batch_ms=308.4 | prefetch_q=98 | elapsed=181603.6s
progress | opt_step=45975/172211 | micro_step=367800/1377681 | stage=stage2 | span=1 | train_loss=3.0379 | lr=0.00017998 | cpu_batch_ms=1.0 | provider_batch_ms=329.1 | prefetch_q=98 | elapsed=181697.3s
progress | opt_step=46000/172211 | micro_step=368000/1377681 | stage=stage2 | span=1 | train_loss=2.6178 | lr=0.000179943 | cpu_batch_ms=1.0 | provider_batch_ms=337.5 | prefetch_q=100 | elapsed=181789.7s
eval | opt_step=46000 | micro_step=368000 | train_loss=2.6178 | val_loss=2.9649 | val_ppl=19.39
progress | opt_step=46025/172211 | micro_step=368200/1377681 | stage=stage2 | span=1 | train_loss=2.6528 | lr=0.000179906 | cpu_batch_ms=1.0 | provider_batch_ms=227.6 | prefetch_q=100 | elapsed=181907.5s
progress | opt_step=46050/172211 | micro_step=368400/1377681 | stage=stage2 | span=1 | train_loss=2.9984 | lr=0.000179869 | cpu_batch_ms=1.0 | provider_batch_ms=287.2 | prefetch_q=100 | elapsed=182000.7s
progress | opt_step=46075/172211 | micro_step=368600/1377681 | stage=stage2 | span=1 | train_loss=2.5711 | lr=0.000179832 | cpu_batch_ms=1.0 | provider_batch_ms=307.0 | prefetch_q=100 | elapsed=182093.3s
progress | opt_step=46100/172211 | micro_step=368800/1377681 | stage=stage2 | span=1 | train_loss=2.9776 | lr=0.000179795 | cpu_batch_ms=1.0 | provider_batch_ms=319.0 | prefetch_q=100 | elapsed=182186.1s
progress | opt_step=46125/172211 | micro_step=369000/1377681 | stage=stage2 | span=1 | train_loss=2.7395 | lr=0.000179757 | cpu_batch_ms=1.0 | provider_batch_ms=241.9 | prefetch_q=100 | elapsed=182304.1s
progress | opt_step=46150/172211 | micro_step=369200/1377681 | stage=stage2 | span=1 | train_loss=2.4752 | lr=0.00017972 | cpu_batch_ms=1.0 | provider_batch_ms=295.7 | prefetch_q=100 | elapsed=182397.4s
progress | opt_step=46175/172211 | micro_step=369400/1377681 | stage=stage2 | span=1 | train_loss=2.8575 | lr=0.000179683 | cpu_batch_ms=1.0 | provider_batch_ms=314.7 | prefetch_q=100 | elapsed=182490.2s
progress | opt_step=46200/172211 | micro_step=369600/1377681 | stage=stage2 | span=1 | train_loss=2.6388 | lr=0.000179646 | cpu_batch_ms=1.0 | provider_batch_ms=327.2 | prefetch_q=100 | elapsed=182582.3s
eval | opt_step=46200 | micro_step=369600 | train_loss=2.6388 | val_loss=2.9521 | val_ppl=19.15
progress | opt_step=46225/172211 | micro_step=369800/1377681 | stage=stage2 | span=1 | train_loss=2.5928 | lr=0.000179608 | cpu_batch_ms=1.0 | provider_batch_ms=245.0 | prefetch_q=100 | elapsed=182726.5s
progress | opt_step=46250/172211 | micro_step=370000/1377681 | stage=stage2 | span=1 | train_loss=2.8175 | lr=0.000179571 | cpu_batch_ms=1.0 | provider_batch_ms=306.5 | prefetch_q=100 | elapsed=182820.0s
progress | opt_step=46275/172211 | micro_step=370200/1377681 | stage=stage2 | span=1 | train_loss=2.5989 | lr=0.000179534 | cpu_batch_ms=1.0 | provider_batch_ms=327.1 | prefetch_q=100 | elapsed=182912.6s
progress | opt_step=46300/172211 | micro_step=370400/1377681 | stage=stage2 | span=1 | train_loss=2.6688 | lr=0.000179496 | cpu_batch_ms=1.0 | provider_batch_ms=338.0 | prefetch_q=100 | elapsed=183005.6s
progress | opt_step=46325/172211 | micro_step=370600/1377681 | stage=stage2 | span=1 | train_loss=2.6932 | lr=0.000179459 | cpu_batch_ms=1.0 | provider_batch_ms=245.5 | prefetch_q=98 | elapsed=183119.8s
progress | opt_step=46350/172211 | micro_step=370800/1377681 | stage=stage2 | span=1 | train_loss=2.6511 | lr=0.000179421 | cpu_batch_ms=1.0 | provider_batch_ms=297.0 | prefetch_q=100 | elapsed=183212.3s
progress | opt_step=46375/172211 | micro_step=371000/1377681 | stage=stage2 | span=1 | train_loss=2.9971 | lr=0.000179384 | cpu_batch_ms=1.0 | provider_batch_ms=324.9 | prefetch_q=99 | elapsed=183305.2s
progress | opt_step=46400/172211 | micro_step=371200/1377681 | stage=stage2 | span=1 | train_loss=2.8456 | lr=0.000179346 | cpu_batch_ms=1.0 | provider_batch_ms=337.4 | prefetch_q=98 | elapsed=183398.5s
eval | opt_step=46400 | micro_step=371200 | train_loss=2.8456 | val_loss=2.9570 | val_ppl=19.24
progress | opt_step=46425/172211 | micro_step=371400/1377681 | stage=stage2 | span=1 | train_loss=2.7279 | lr=0.000179309 | cpu_batch_ms=1.0 | provider_batch_ms=262.9 | prefetch_q=100 | elapsed=183517.1s
progress | opt_step=46450/172211 | micro_step=371600/1377681 | stage=stage2 | span=1 | train_loss=2.8476 | lr=0.000179271 | cpu_batch_ms=1.0 | provider_batch_ms=303.3 | prefetch_q=100 | elapsed=183609.9s
progress | opt_step=46475/172211 | micro_step=371800/1377681 | stage=stage2 | span=1 | train_loss=2.7967 | lr=0.000179233 | cpu_batch_ms=1.0 | provider_batch_ms=319.8 | prefetch_q=100 | elapsed=183702.6s
progress | opt_step=46500/172211 | micro_step=372000/1377681 | stage=stage2 | span=1 | train_loss=2.5916 | lr=0.000179196 | cpu_batch_ms=1.0 | provider_batch_ms=334.2 | prefetch_q=100 | elapsed=183795.9s
progress | opt_step=46525/172211 | micro_step=372200/1377681 | stage=stage2 | span=1 | train_loss=2.4622 | lr=0.000179158 | cpu_batch_ms=1.0 | provider_batch_ms=257.1 | prefetch_q=99 | elapsed=183908.0s
progress | opt_step=46550/172211 | micro_step=372400/1377681 | stage=stage2 | span=1 | train_loss=2.9609 | lr=0.00017912 | cpu_batch_ms=1.0 | provider_batch_ms=295.7 | prefetch_q=100 | elapsed=184000.7s
progress | opt_step=46575/172211 | micro_step=372600/1377681 | stage=stage2 | span=1 | train_loss=2.5769 | lr=0.000179083 | cpu_batch_ms=1.0 | provider_batch_ms=326.3 | prefetch_q=93 | elapsed=184093.6s
progress | opt_step=46600/172211 | micro_step=372800/1377681 | stage=stage2 | span=1 | train_loss=2.3785 | lr=0.000179045 | cpu_batch_ms=1.0 | provider_batch_ms=330.0 | prefetch_q=99 | elapsed=184186.5s
eval | opt_step=46600 | micro_step=372800 | train_loss=2.3785 | val_loss=2.9536 | val_ppl=19.17
progress | opt_step=46625/172211 | micro_step=373000/1377681 | stage=stage2 | span=1 | train_loss=2.7537 | lr=0.000179007 | cpu_batch_ms=1.0 | provider_batch_ms=263.6 | prefetch_q=100 | elapsed=184303.9s
progress | opt_step=46650/172211 | micro_step=373200/1377681 | stage=stage2 | span=1 | train_loss=3.1374 | lr=0.000178969 | cpu_batch_ms=1.0 | provider_batch_ms=302.5 | prefetch_q=100 | elapsed=184396.8s
progress | opt_step=46675/172211 | micro_step=373400/1377681 | stage=stage2 | span=1 | train_loss=2.7214 | lr=0.000178931 | cpu_batch_ms=1.0 | provider_batch_ms=324.2 | prefetch_q=100 | elapsed=184489.8s
progress | opt_step=46700/172211 | micro_step=373600/1377681 | stage=stage2 | span=1 | train_loss=2.6828 | lr=0.000178893 | cpu_batch_ms=1.0 | provider_batch_ms=334.4 | prefetch_q=100 | elapsed=184582.5s
progress | opt_step=46725/172211 | micro_step=373800/1377681 | stage=stage2 | span=1 | train_loss=3.0099 | lr=0.000178856 | cpu_batch_ms=1.0 | provider_batch_ms=245.7 | prefetch_q=100 | elapsed=184700.0s
progress | opt_step=46750/172211 | micro_step=374000/1377681 | stage=stage2 | span=1 | train_loss=2.6648 | lr=0.000178818 | cpu_batch_ms=1.0 | provider_batch_ms=286.9 | prefetch_q=99 | elapsed=184793.8s
progress | opt_step=46775/172211 | micro_step=374200/1377681 | stage=stage2 | span=1 | train_loss=2.3062 | lr=0.00017878 | cpu_batch_ms=1.0 | provider_batch_ms=304.1 | prefetch_q=100 | elapsed=184886.4s
progress | opt_step=46800/172211 | micro_step=374400/1377681 | stage=stage2 | span=1 | train_loss=2.8743 | lr=0.000178742 | cpu_batch_ms=1.0 | provider_batch_ms=315.5 | prefetch_q=98 | elapsed=184979.3s
eval | opt_step=46800 | micro_step=374400 | train_loss=2.8743 | val_loss=2.9576 | val_ppl=19.25
progress | opt_step=46825/172211 | micro_step=374600/1377681 | stage=stage2 | span=1 | train_loss=2.2951 | lr=0.000178704 | cpu_batch_ms=1.0 | provider_batch_ms=260.0 | prefetch_q=99 | elapsed=185099.2s
progress | opt_step=46850/172211 | micro_step=374800/1377681 | stage=stage2 | span=1 | train_loss=3.1835 | lr=0.000178666 | cpu_batch_ms=1.0 | provider_batch_ms=315.3 | prefetch_q=100 | elapsed=185192.8s
progress | opt_step=46875/172211 | micro_step=375000/1377681 | stage=stage2 | span=1 | train_loss=2.8852 | lr=0.000178627 | cpu_batch_ms=1.0 | provider_batch_ms=326.6 | prefetch_q=100 | elapsed=185285.4s
progress | opt_step=46900/172211 | micro_step=375200/1377681 | stage=stage2 | span=1 | train_loss=2.6025 | lr=0.000178589 | cpu_batch_ms=1.0 | provider_batch_ms=338.8 | prefetch_q=100 | elapsed=185378.4s
progress | opt_step=46925/172211 | micro_step=375400/1377681 | stage=stage2 | span=1 | train_loss=2.7948 | lr=0.000178551 | cpu_batch_ms=1.0 | provider_batch_ms=251.9 | prefetch_q=94 | elapsed=185490.9s
progress | opt_step=46950/172211 | micro_step=375600/1377681 | stage=stage2 | span=1 | train_loss=2.6263 | lr=0.000178513 | cpu_batch_ms=1.0 | provider_batch_ms=300.4 | prefetch_q=97 | elapsed=185584.2s
progress | opt_step=46975/172211 | micro_step=375800/1377681 | stage=stage2 | span=1 | train_loss=2.6881 | lr=0.000178475 | cpu_batch_ms=1.0 | provider_batch_ms=326.8 | prefetch_q=100 | elapsed=185677.9s
progress | opt_step=47000/172211 | micro_step=376000/1377681 | stage=stage2 | span=1 | train_loss=2.8575 | lr=0.000178437 | cpu_batch_ms=1.0 | provider_batch_ms=337.4 | prefetch_q=98 | elapsed=185771.2s
eval | opt_step=47000 | micro_step=376000 | train_loss=2.8575 | val_loss=2.9592 | val_ppl=19.28
progress | opt_step=47025/172211 | micro_step=376200/1377681 | stage=stage2 | span=1 | train_loss=2.6316 | lr=0.000178398 | cpu_batch_ms=1.0 | provider_batch_ms=242.4 | prefetch_q=98 | elapsed=185884.7s
progress | opt_step=47050/172211 | micro_step=376400/1377681 | stage=stage2 | span=1 | train_loss=2.5479 | lr=0.00017836 | cpu_batch_ms=1.0 | provider_batch_ms=296.5 | prefetch_q=96 | elapsed=185978.2s
progress | opt_step=47075/172211 | micro_step=376600/1377681 | stage=stage2 | span=1 | train_loss=2.3533 | lr=0.000178322 | cpu_batch_ms=1.0 | provider_batch_ms=316.5 | prefetch_q=100 | elapsed=186071.5s
progress | opt_step=47100/172211 | micro_step=376800/1377681 | stage=stage2 | span=1 | train_loss=3.0966 | lr=0.000178283 | cpu_batch_ms=1.0 | provider_batch_ms=324.9 | prefetch_q=100 | elapsed=186163.3s
progress | opt_step=47125/172211 | micro_step=377000/1377681 | stage=stage2 | span=1 | train_loss=2.5865 | lr=0.000178245 | cpu_batch_ms=1.0 | provider_batch_ms=204.8 | prefetch_q=97 | elapsed=186273.7s
progress | opt_step=47150/172211 | micro_step=377200/1377681 | stage=stage2 | span=1 | train_loss=2.7476 | lr=0.000178206 | cpu_batch_ms=1.0 | provider_batch_ms=277.4 | prefetch_q=99 | elapsed=186367.1s
progress | opt_step=47175/172211 | micro_step=377400/1377681 | stage=stage2 | span=1 | train_loss=2.7114 | lr=0.000178168 | cpu_batch_ms=1.0 | provider_batch_ms=302.0 | prefetch_q=100 | elapsed=186460.2s
progress | opt_step=47200/172211 | micro_step=377600/1377681 | stage=stage2 | span=1 | train_loss=2.8242 | lr=0.00017813 | cpu_batch_ms=1.0 | provider_batch_ms=312.0 | prefetch_q=97 | elapsed=186552.5s
eval | opt_step=47200 | micro_step=377600 | train_loss=2.8242 | val_loss=2.9549 | val_ppl=19.20
progress | opt_step=47225/172211 | micro_step=377800/1377681 | stage=stage2 | span=1 | train_loss=3.1260 | lr=0.000178091 | cpu_batch_ms=1.0 | provider_batch_ms=250.9 | prefetch_q=89 | elapsed=186668.3s
progress | opt_step=47250/172211 | micro_step=378000/1377681 | stage=stage2 | span=1 | train_loss=2.7238 | lr=0.000178053 | cpu_batch_ms=1.0 | provider_batch_ms=299.5 | prefetch_q=100 | elapsed=186762.4s
progress | opt_step=47275/172211 | micro_step=378200/1377681 | stage=stage2 | span=1 | train_loss=1.8864 | lr=0.000178014 | cpu_batch_ms=1.0 | provider_batch_ms=315.0 | prefetch_q=99 | elapsed=186854.6s
progress | opt_step=47300/172211 | micro_step=378400/1377681 | stage=stage2 | span=1 | train_loss=1.7710 | lr=0.000177975 | cpu_batch_ms=1.0 | provider_batch_ms=328.4 | prefetch_q=100 | elapsed=186947.8s
progress | opt_step=47325/172211 | micro_step=378600/1377681 | stage=stage2 | span=1 | train_loss=3.1836 | lr=0.000177937 | cpu_batch_ms=1.0 | provider_batch_ms=232.4 | prefetch_q=99 | elapsed=187062.3s
progress | opt_step=47350/172211 | micro_step=378800/1377681 | stage=stage2 | span=1 | train_loss=2.7471 | lr=0.000177898 | cpu_batch_ms=1.0 | provider_batch_ms=275.8 | prefetch_q=100 | elapsed=187156.0s
progress | opt_step=47375/172211 | micro_step=379000/1377681 | stage=stage2 | span=1 | train_loss=2.6171 | lr=0.000177859 | cpu_batch_ms=1.0 | provider_batch_ms=304.6 | prefetch_q=94 | elapsed=187248.7s
progress | opt_step=47400/172211 | micro_step=379200/1377681 | stage=stage2 | span=1 | train_loss=2.6806 | lr=0.000177821 | cpu_batch_ms=1.0 | provider_batch_ms=315.4 | prefetch_q=98 | elapsed=187342.4s
eval | opt_step=47400 | micro_step=379200 | train_loss=2.6806 | val_loss=2.9622 | val_ppl=19.34
progress | opt_step=47425/172211 | micro_step=379400/1377681 | stage=stage2 | span=1 | train_loss=2.8471 | lr=0.000177782 | cpu_batch_ms=1.0 | provider_batch_ms=232.7 | prefetch_q=100 | elapsed=187461.4s
progress | opt_step=47450/172211 | micro_step=379600/1377681 | stage=stage2 | span=1 | train_loss=2.9297 | lr=0.000177743 | cpu_batch_ms=1.0 | provider_batch_ms=290.4 | prefetch_q=100 | elapsed=187554.8s
progress | opt_step=47475/172211 | micro_step=379800/1377681 | stage=stage2 | span=1 | train_loss=2.7125 | lr=0.000177704 | cpu_batch_ms=1.0 | provider_batch_ms=315.7 | prefetch_q=100 | elapsed=187647.8s
progress | opt_step=47500/172211 | micro_step=380000/1377681 | stage=stage2 | span=1 | train_loss=2.5975 | lr=0.000177666 | cpu_batch_ms=1.0 | provider_batch_ms=321.3 | prefetch_q=100 | elapsed=187740.8s
progress | opt_step=47525/172211 | micro_step=380200/1377681 | stage=stage2 | span=1 | train_loss=2.7926 | lr=0.000177627 | cpu_batch_ms=1.0 | provider_batch_ms=242.2 | prefetch_q=98 | elapsed=187854.1s
progress | opt_step=47550/172211 | micro_step=380400/1377681 | stage=stage2 | span=1 | train_loss=2.3832 | lr=0.000177588 | cpu_batch_ms=1.0 | provider_batch_ms=298.0 | prefetch_q=100 | elapsed=187947.7s
progress | opt_step=47575/172211 | micro_step=380600/1377681 | stage=stage2 | span=1 | train_loss=2.9081 | lr=0.000177549 | cpu_batch_ms=1.0 | provider_batch_ms=321.8 | prefetch_q=98 | elapsed=188040.6s
progress | opt_step=47600/172211 | micro_step=380800/1377681 | stage=stage2 | span=1 | train_loss=2.7092 | lr=0.00017751 | cpu_batch_ms=1.0 | provider_batch_ms=331.9 | prefetch_q=97 | elapsed=188133.6s
eval | opt_step=47600 | micro_step=380800 | train_loss=2.7092 | val_loss=2.9512 | val_ppl=19.13
progress | opt_step=47625/172211 | micro_step=381000/1377681 | stage=stage2 | span=1 | train_loss=2.8657 | lr=0.000177471 | cpu_batch_ms=1.0 | provider_batch_ms=245.4 | prefetch_q=99 | elapsed=188267.4s
progress | opt_step=47650/172211 | micro_step=381200/1377681 | stage=stage2 | span=1 | train_loss=2.3305 | lr=0.000177432 | cpu_batch_ms=1.0 | provider_batch_ms=292.0 | prefetch_q=98 | elapsed=188359.8s
progress | opt_step=47675/172211 | micro_step=381400/1377681 | stage=stage2 | span=1 | train_loss=2.0145 | lr=0.000177393 | cpu_batch_ms=1.0 | provider_batch_ms=319.3 | prefetch_q=95 | elapsed=188453.8s
progress | opt_step=47700/172211 | micro_step=381600/1377681 | stage=stage2 | span=1 | train_loss=2.4425 | lr=0.000177354 | cpu_batch_ms=1.0 | provider_batch_ms=323.8 | prefetch_q=99 | elapsed=188547.2s
progress | opt_step=47725/172211 | micro_step=381800/1377681 | stage=stage2 | span=1 | train_loss=2.6551 | lr=0.000177315 | cpu_batch_ms=1.0 | provider_batch_ms=239.2 | prefetch_q=100 | elapsed=188661.1s
progress | opt_step=47750/172211 | micro_step=382000/1377681 | stage=stage2 | span=1 | train_loss=2.7748 | lr=0.000177276 | cpu_batch_ms=1.0 | provider_batch_ms=299.9 | prefetch_q=100 | elapsed=188754.5s
progress | opt_step=47775/172211 | micro_step=382200/1377681 | stage=stage2 | span=1 | train_loss=2.7548 | lr=0.000177237 | cpu_batch_ms=1.0 | provider_batch_ms=318.7 | prefetch_q=100 | elapsed=188847.9s
progress | opt_step=47800/172211 | micro_step=382400/1377681 | stage=stage2 | span=1 | train_loss=3.1466 | lr=0.000177197 | cpu_batch_ms=1.0 | provider_batch_ms=331.0 | prefetch_q=100 | elapsed=188941.2s
eval | opt_step=47800 | micro_step=382400 | train_loss=3.1466 | val_loss=2.9524 | val_ppl=19.15
progress | opt_step=47825/172211 | micro_step=382600/1377681 | stage=stage2 | span=1 | train_loss=2.6149 | lr=0.000177158 | cpu_batch_ms=1.0 | provider_batch_ms=241.5 | prefetch_q=99 | elapsed=189057.7s
progress | opt_step=47850/172211 | micro_step=382800/1377681 | stage=stage2 | span=1 | train_loss=2.8209 | lr=0.000177119 | cpu_batch_ms=1.0 | provider_batch_ms=285.5 | prefetch_q=100 | elapsed=189150.7s
progress | opt_step=47875/172211 | micro_step=383000/1377681 | stage=stage2 | span=1 | train_loss=2.8978 | lr=0.00017708 | cpu_batch_ms=1.0 | provider_batch_ms=297.9 | prefetch_q=100 | elapsed=189242.7s
progress | opt_step=47900/172211 | micro_step=383200/1377681 | stage=stage2 | span=1 | train_loss=2.9260 | lr=0.00017704 | cpu_batch_ms=1.0 | provider_batch_ms=316.9 | prefetch_q=97 | elapsed=189335.2s
progress | opt_step=47925/172211 | micro_step=383400/1377681 | stage=stage2 | span=1 | train_loss=3.0452 | lr=0.000177001 | cpu_batch_ms=1.0 | provider_batch_ms=245.0 | prefetch_q=100 | elapsed=189448.2s
progress | opt_step=47950/172211 | micro_step=383600/1377681 | stage=stage2 | span=1 | train_loss=2.7445 | lr=0.000176962 | cpu_batch_ms=1.0 | provider_batch_ms=293.8 | prefetch_q=100 | elapsed=189541.2s
progress | opt_step=47975/172211 | micro_step=383800/1377681 | stage=stage2 | span=1 | train_loss=2.9341 | lr=0.000176922 | cpu_batch_ms=1.0 | provider_batch_ms=319.5 | prefetch_q=97 | elapsed=189634.4s
progress | opt_step=48000/172211 | micro_step=384000/1377681 | stage=stage2 | span=1 | train_loss=2.6678 | lr=0.000176883 | cpu_batch_ms=1.0 | provider_batch_ms=331.0 | prefetch_q=98 | elapsed=189727.5s
eval | opt_step=48000 | micro_step=384000 | train_loss=2.6678 | val_loss=2.9473 | val_ppl=19.05
progress | opt_step=48025/172211 | micro_step=384200/1377681 | stage=stage2 | span=1 | train_loss=2.8723 | lr=0.000176844 | cpu_batch_ms=1.0 | provider_batch_ms=232.8 | prefetch_q=100 | elapsed=189870.3s
progress | opt_step=48050/172211 | micro_step=384400/1377681 | stage=stage2 | span=1 | train_loss=2.7024 | lr=0.000176804 | cpu_batch_ms=1.0 | provider_batch_ms=265.4 | prefetch_q=98 | elapsed=189962.6s
progress | opt_step=48075/172211 | micro_step=384600/1377681 | stage=stage2 | span=1 | train_loss=3.0481 | lr=0.000176765 | cpu_batch_ms=1.0 | provider_batch_ms=300.2 | prefetch_q=100 | elapsed=190056.0s
progress | opt_step=48100/172211 | micro_step=384800/1377681 | stage=stage2 | span=1 | train_loss=2.5811 | lr=0.000176725 | cpu_batch_ms=1.0 | provider_batch_ms=305.0 | prefetch_q=97 | elapsed=190148.4s
progress | opt_step=48125/172211 | micro_step=385000/1377681 | stage=stage2 | span=1 | train_loss=2.4253 | lr=0.000176686 | cpu_batch_ms=1.0 | provider_batch_ms=262.7 | prefetch_q=100 | elapsed=190269.3s
progress | opt_step=48150/172211 | micro_step=385200/1377681 | stage=stage2 | span=1 | train_loss=3.0110 | lr=0.000176646 | cpu_batch_ms=1.0 | provider_batch_ms=305.6 | prefetch_q=97 | elapsed=190362.7s
progress | opt_step=48175/172211 | micro_step=385400/1377681 | stage=stage2 | span=1 | train_loss=2.7369 | lr=0.000176606 | cpu_batch_ms=1.0 | provider_batch_ms=324.0 | prefetch_q=100 | elapsed=190455.7s
progress | opt_step=48200/172211 | micro_step=385600/1377681 | stage=stage2 | span=1 | train_loss=2.9090 | lr=0.000176567 | cpu_batch_ms=1.0 | provider_batch_ms=333.6 | prefetch_q=98 | elapsed=190548.6s
eval | opt_step=48200 | micro_step=385600 | train_loss=2.9090 | val_loss=2.9546 | val_ppl=19.19
progress | opt_step=48225/172211 | micro_step=385800/1377681 | stage=stage2 | span=1 | train_loss=2.7565 | lr=0.000176527 | cpu_batch_ms=1.0 | provider_batch_ms=245.5 | prefetch_q=100 | elapsed=190663.0s
progress | opt_step=48250/172211 | micro_step=386000/1377681 | stage=stage2 | span=1 | train_loss=2.8603 | lr=0.000176487 | cpu_batch_ms=1.0 | provider_batch_ms=291.9 | prefetch_q=99 | elapsed=190755.6s
progress | opt_step=48275/172211 | micro_step=386200/1377681 | stage=stage2 | span=1 | train_loss=3.0711 | lr=0.000176448 | cpu_batch_ms=1.0 | provider_batch_ms=316.4 | prefetch_q=100 | elapsed=190848.4s
progress | opt_step=48300/172211 | micro_step=386400/1377681 | stage=stage2 | span=1 | train_loss=2.3818 | lr=0.000176408 | cpu_batch_ms=1.0 | provider_batch_ms=329.6 | prefetch_q=100 | elapsed=190941.9s
progress | opt_step=48325/172211 | micro_step=386600/1377681 | stage=stage2 | span=1 | train_loss=2.9740 | lr=0.000176368 | cpu_batch_ms=1.0 | provider_batch_ms=248.9 | prefetch_q=99 | elapsed=191054.4s
progress | opt_step=48350/172211 | micro_step=386800/1377681 | stage=stage2 | span=1 | train_loss=2.7594 | lr=0.000176328 | cpu_batch_ms=1.0 | provider_batch_ms=288.1 | prefetch_q=100 | elapsed=191147.7s
progress | opt_step=48375/172211 | micro_step=387000/1377681 | stage=stage2 | span=1 | train_loss=2.9266 | lr=0.000176289 | cpu_batch_ms=1.0 | provider_batch_ms=313.2 | prefetch_q=97 | elapsed=191240.5s
progress | opt_step=48400/172211 | micro_step=387200/1377681 | stage=stage2 | span=1 | train_loss=2.2299 | lr=0.000176249 | cpu_batch_ms=1.0 | provider_batch_ms=321.8 | prefetch_q=100 | elapsed=191332.5s
eval | opt_step=48400 | micro_step=387200 | train_loss=2.2299 | val_loss=2.9470 | val_ppl=19.05
progress | opt_step=48425/172211 | micro_step=387400/1377681 | stage=stage2 | span=1 | train_loss=2.9814 | lr=0.000176209 | cpu_batch_ms=1.0 | provider_batch_ms=233.2 | prefetch_q=98 | elapsed=191470.5s
progress | opt_step=48450/172211 | micro_step=387600/1377681 | stage=stage2 | span=1 | train_loss=2.6380 | lr=0.000176169 | cpu_batch_ms=1.0 | provider_batch_ms=286.9 | prefetch_q=96 | elapsed=191563.6s
progress | opt_step=48475/172211 | micro_step=387800/1377681 | stage=stage2 | span=1 | train_loss=3.0630 | lr=0.000176129 | cpu_batch_ms=1.0 | provider_batch_ms=309.0 | prefetch_q=97 | elapsed=191656.6s
progress | opt_step=48500/172211 | micro_step=388000/1377681 | stage=stage2 | span=1 | train_loss=2.5682 | lr=0.000176089 | cpu_batch_ms=1.0 | provider_batch_ms=324.4 | prefetch_q=100 | elapsed=191748.9s
progress | opt_step=48525/172211 | micro_step=388200/1377681 | stage=stage2 | span=1 | train_loss=2.7466 | lr=0.000176049 | cpu_batch_ms=1.0 | provider_batch_ms=233.9 | prefetch_q=100 | elapsed=191860.1s
progress | opt_step=48550/172211 | micro_step=388400/1377681 | stage=stage2 | span=1 | train_loss=2.8183 | lr=0.000176009 | cpu_batch_ms=1.0 | provider_batch_ms=297.2 | prefetch_q=100 | elapsed=191953.9s
progress | opt_step=48575/172211 | micro_step=388600/1377681 | stage=stage2 | span=1 | train_loss=2.6083 | lr=0.000175969 | cpu_batch_ms=1.0 | provider_batch_ms=321.6 | prefetch_q=100 | elapsed=192047.0s
progress | opt_step=48600/172211 | micro_step=388800/1377681 | stage=stage2 | span=1 | train_loss=3.1176 | lr=0.000175929 | cpu_batch_ms=1.0 | provider_batch_ms=338.4 | prefetch_q=92 | elapsed=192140.2s
eval | opt_step=48600 | micro_step=388800 | train_loss=3.1176 | val_loss=2.9414 | val_ppl=18.94
progress | opt_step=48625/172211 | micro_step=389000/1377681 | stage=stage2 | span=1 | train_loss=3.0011 | lr=0.000175889 | cpu_batch_ms=1.0 | provider_batch_ms=251.1 | prefetch_q=97 | elapsed=192278.0s
progress | opt_step=48650/172211 | micro_step=389200/1377681 | stage=stage2 | span=1 | train_loss=2.5041 | lr=0.000175849 | cpu_batch_ms=1.0 | provider_batch_ms=297.7 | prefetch_q=98 | elapsed=192370.9s
progress | opt_step=48675/172211 | micro_step=389400/1377681 | stage=stage2 | span=1 | train_loss=2.2345 | lr=0.000175808 | cpu_batch_ms=1.0 | provider_batch_ms=330.5 | prefetch_q=98 | elapsed=192464.3s
progress | opt_step=48700/172211 | micro_step=389600/1377681 | stage=stage2 | span=1 | train_loss=2.7005 | lr=0.000175768 | cpu_batch_ms=1.0 | provider_batch_ms=335.0 | prefetch_q=100 | elapsed=192557.0s
progress | opt_step=48725/172211 | micro_step=389800/1377681 | stage=stage2 | span=1 | train_loss=2.5431 | lr=0.000175728 | cpu_batch_ms=1.0 | provider_batch_ms=251.5 | prefetch_q=95 | elapsed=192669.0s
progress | opt_step=48750/172211 | micro_step=390000/1377681 | stage=stage2 | span=1 | train_loss=2.8417 | lr=0.000175688 | cpu_batch_ms=1.0 | provider_batch_ms=292.4 | prefetch_q=93 | elapsed=192762.1s
progress | opt_step=48775/172211 | micro_step=390200/1377681 | stage=stage2 | span=1 | train_loss=2.6528 | lr=0.000175647 | cpu_batch_ms=1.0 | provider_batch_ms=322.3 | prefetch_q=99 | elapsed=192855.1s
progress | opt_step=48800/172211 | micro_step=390400/1377681 | stage=stage2 | span=1 | train_loss=2.6760 | lr=0.000175607 | cpu_batch_ms=1.0 | provider_batch_ms=326.2 | prefetch_q=100 | elapsed=192947.5s
eval | opt_step=48800 | micro_step=390400 | train_loss=2.6760 | val_loss=2.9390 | val_ppl=18.90
progress | opt_step=48825/172211 | micro_step=390600/1377681 | stage=stage2 | span=1 | train_loss=2.3877 | lr=0.000175567 | cpu_batch_ms=1.0 | provider_batch_ms=250.8 | prefetch_q=98 | elapsed=193087.7s
progress | opt_step=48850/172211 | micro_step=390800/1377681 | stage=stage2 | span=1 | train_loss=2.8780 | lr=0.000175526 | cpu_batch_ms=1.0 | provider_batch_ms=296.4 | prefetch_q=98 | elapsed=193180.7s
progress | opt_step=48875/172211 | micro_step=391000/1377681 | stage=stage2 | span=1 | train_loss=2.1212 | lr=0.000175486 | cpu_batch_ms=1.0 | provider_batch_ms=315.0 | prefetch_q=100 | elapsed=193272.7s
progress | opt_step=48900/172211 | micro_step=391200/1377681 | stage=stage2 | span=1 | train_loss=2.2500 | lr=0.000175446 | cpu_batch_ms=1.0 | provider_batch_ms=323.0 | prefetch_q=98 | elapsed=193365.6s
progress | opt_step=48925/172211 | micro_step=391400/1377681 | stage=stage2 | span=1 | train_loss=2.5692 | lr=0.000175405 | cpu_batch_ms=1.0 | provider_batch_ms=257.4 | prefetch_q=99 | elapsed=193478.5s
progress | opt_step=48950/172211 | micro_step=391600/1377681 | stage=stage2 | span=1 | train_loss=2.8775 | lr=0.000175365 | cpu_batch_ms=1.0 | provider_batch_ms=306.0 | prefetch_q=99 | elapsed=193571.8s
progress | opt_step=48975/172211 | micro_step=391800/1377681 | stage=stage2 | span=1 | train_loss=2.6531 | lr=0.000175324 | cpu_batch_ms=1.0 | provider_batch_ms=323.1 | prefetch_q=100 | elapsed=193665.1s
progress | opt_step=49000/172211 | micro_step=392000/1377681 | stage=stage2 | span=1 | train_loss=2.7667 | lr=0.000175284 | cpu_batch_ms=1.0 | provider_batch_ms=331.3 | prefetch_q=100 | elapsed=193757.7s
eval | opt_step=49000 | micro_step=392000 | train_loss=2.7667 | val_loss=2.9492 | val_ppl=19.09
progress | opt_step=49025/172211 | micro_step=392200/1377681 | stage=stage2 | span=1 | train_loss=2.4346 | lr=0.000175243 | cpu_batch_ms=1.0 | provider_batch_ms=244.1 | prefetch_q=99 | elapsed=193873.1s
progress | opt_step=49050/172211 | micro_step=392400/1377681 | stage=stage2 | span=1 | train_loss=2.7962 | lr=0.000175203 | cpu_batch_ms=1.0 | provider_batch_ms=297.0 | prefetch_q=100 | elapsed=193966.8s
progress | opt_step=49075/172211 | micro_step=392600/1377681 | stage=stage2 | span=1 | train_loss=2.8247 | lr=0.000175162 | cpu_batch_ms=1.0 | provider_batch_ms=329.7 | prefetch_q=95 | elapsed=194060.4s
progress | opt_step=49100/172211 | micro_step=392800/1377681 | stage=stage2 | span=1 | train_loss=3.1711 | lr=0.000175121 | cpu_batch_ms=1.0 | provider_batch_ms=342.1 | prefetch_q=100 | elapsed=194153.0s
progress | opt_step=49125/172211 | micro_step=393000/1377681 | stage=stage2 | span=1 | train_loss=2.3907 | lr=0.000175081 | cpu_batch_ms=1.0 | provider_batch_ms=237.2 | prefetch_q=100 | elapsed=194266.5s
progress | opt_step=49150/172211 | micro_step=393200/1377681 | stage=stage2 | span=1 | train_loss=2.2943 | lr=0.00017504 | cpu_batch_ms=1.0 | provider_batch_ms=296.8 | prefetch_q=100 | elapsed=194360.3s
progress | opt_step=49175/172211 | micro_step=393400/1377681 | stage=stage2 | span=1 | train_loss=2.3044 | lr=0.000174999 | cpu_batch_ms=1.0 | provider_batch_ms=327.9 | prefetch_q=100 | elapsed=194454.6s
progress | opt_step=49200/172211 | micro_step=393600/1377681 | stage=stage2 | span=1 | train_loss=2.8634 | lr=0.000174958 | cpu_batch_ms=1.0 | provider_batch_ms=332.4 | prefetch_q=100 | elapsed=194547.9s
eval | opt_step=49200 | micro_step=393600 | train_loss=2.8634 | val_loss=2.9340 | val_ppl=18.80
progress | opt_step=49225/172211 | micro_step=393800/1377681 | stage=stage2 | span=1 | train_loss=2.4274 | lr=0.000174918 | cpu_batch_ms=1.0 | provider_batch_ms=245.0 | prefetch_q=95 | elapsed=194677.9s
progress | opt_step=49250/172211 | micro_step=394000/1377681 | stage=stage2 | span=1 | train_loss=2.6495 | lr=0.000174877 | cpu_batch_ms=1.0 | provider_batch_ms=302.2 | prefetch_q=93 | elapsed=194771.5s
progress | opt_step=49275/172211 | micro_step=394200/1377681 | stage=stage2 | span=1 | train_loss=2.3941 | lr=0.000174836 | cpu_batch_ms=1.0 | provider_batch_ms=318.1 | prefetch_q=100 | elapsed=194864.1s
progress | opt_step=49300/172211 | micro_step=394400/1377681 | stage=stage2 | span=1 | train_loss=2.3492 | lr=0.000174795 | cpu_batch_ms=1.0 | provider_batch_ms=336.2 | prefetch_q=100 | elapsed=194958.0s
progress | opt_step=49325/172211 | micro_step=394600/1377681 | stage=stage2 | span=1 | train_loss=2.9157 | lr=0.000174754 | cpu_batch_ms=1.0 | provider_batch_ms=245.5 | prefetch_q=100 | elapsed=195075.5s
progress | opt_step=49350/172211 | micro_step=394800/1377681 | stage=stage2 | span=1 | train_loss=2.6913 | lr=0.000174713 | cpu_batch_ms=1.0 | provider_batch_ms=286.0 | prefetch_q=100 | elapsed=195169.0s
progress | opt_step=49375/172211 | micro_step=395000/1377681 | stage=stage2 | span=1 | train_loss=2.9460 | lr=0.000174672 | cpu_batch_ms=1.0 | provider_batch_ms=311.6 | prefetch_q=100 | elapsed=195262.7s
progress | opt_step=49400/172211 | micro_step=395200/1377681 | stage=stage2 | span=1 | train_loss=2.1720 | lr=0.000174631 | cpu_batch_ms=1.0 | provider_batch_ms=333.1 | prefetch_q=97 | elapsed=195356.0s
eval | opt_step=49400 | micro_step=395200 | train_loss=2.1720 | val_loss=2.9452 | val_ppl=19.01
progress | opt_step=49425/172211 | micro_step=395400/1377681 | stage=stage2 | span=1 | train_loss=2.4441 | lr=0.00017459 | cpu_batch_ms=1.0 | provider_batch_ms=243.0 | prefetch_q=100 | elapsed=195476.5s
progress | opt_step=49450/172211 | micro_step=395600/1377681 | stage=stage2 | span=1 | train_loss=2.8750 | lr=0.000174549 | cpu_batch_ms=1.0 | provider_batch_ms=298.4 | prefetch_q=100 | elapsed=195569.8s
progress | opt_step=49475/172211 | micro_step=395800/1377681 | stage=stage2 | span=1 | train_loss=2.7781 | lr=0.000174508 | cpu_batch_ms=1.0 | provider_batch_ms=313.2 | prefetch_q=100 | elapsed=195662.6s
progress | opt_step=49500/172211 | micro_step=396000/1377681 | stage=stage2 | span=1 | train_loss=3.0127 | lr=0.000174467 | cpu_batch_ms=1.0 | provider_batch_ms=321.0 | prefetch_q=100 | elapsed=195755.0s
progress | opt_step=49525/172211 | micro_step=396200/1377681 | stage=stage2 | span=1 | train_loss=2.4185 | lr=0.000174426 | cpu_batch_ms=1.0 | provider_batch_ms=230.8 | prefetch_q=99 | elapsed=195870.3s
progress | opt_step=49550/172211 | micro_step=396400/1377681 | stage=stage2 | span=1 | train_loss=2.8931 | lr=0.000174385 | cpu_batch_ms=1.0 | provider_batch_ms=284.5 | prefetch_q=98 | elapsed=195963.3s
progress | opt_step=49575/172211 | micro_step=396600/1377681 | stage=stage2 | span=1 | train_loss=2.5509 | lr=0.000174344 | cpu_batch_ms=1.0 | provider_batch_ms=310.7 | prefetch_q=97 | elapsed=196056.0s
progress | opt_step=49600/172211 | micro_step=396800/1377681 | stage=stage2 | span=1 | train_loss=2.7069 | lr=0.000174303 | cpu_batch_ms=0.9 | provider_batch_ms=327.1 | prefetch_q=100 | elapsed=196149.7s
eval | opt_step=49600 | micro_step=396800 | train_loss=2.7069 | val_loss=2.9409 | val_ppl=18.93
progress | opt_step=49625/172211 | micro_step=397000/1377681 | stage=stage2 | span=1 | train_loss=2.3652 | lr=0.000174261 | cpu_batch_ms=1.0 | provider_batch_ms=240.7 | prefetch_q=95 | elapsed=196267.2s
progress | opt_step=49650/172211 | micro_step=397200/1377681 | stage=stage2 | span=1 | train_loss=2.8754 | lr=0.00017422 | cpu_batch_ms=1.0 | provider_batch_ms=282.2 | prefetch_q=94 | elapsed=196359.6s
progress | opt_step=49675/172211 | micro_step=397400/1377681 | stage=stage2 | span=1 | train_loss=2.4497 | lr=0.000174179 | cpu_batch_ms=1.0 | provider_batch_ms=301.8 | prefetch_q=100 | elapsed=196453.4s
progress | opt_step=49700/172211 | micro_step=397600/1377681 | stage=stage2 | span=1 | train_loss=2.8992 | lr=0.000174137 | cpu_batch_ms=1.0 | provider_batch_ms=315.8 | prefetch_q=100 | elapsed=196546.1s
progress | opt_step=49725/172211 | micro_step=397800/1377681 | stage=stage2 | span=1 | train_loss=2.4666 | lr=0.000174096 | cpu_batch_ms=1.0 | provider_batch_ms=253.1 | prefetch_q=97 | elapsed=196659.4s
progress | opt_step=49750/172211 | micro_step=398000/1377681 | stage=stage2 | span=1 | train_loss=2.5767 | lr=0.000174055 | cpu_batch_ms=1.0 | provider_batch_ms=290.1 | prefetch_q=100 | elapsed=196752.1s
progress | opt_step=49775/172211 | micro_step=398200/1377681 | stage=stage2 | span=1 | train_loss=2.6970 | lr=0.000174013 | cpu_batch_ms=1.0 | provider_batch_ms=299.1 | prefetch_q=100 | elapsed=196844.8s
progress | opt_step=49800/172211 | micro_step=398400/1377681 | stage=stage2 | span=1 | train_loss=2.7812 | lr=0.000173972 | cpu_batch_ms=1.0 | provider_batch_ms=310.8 | prefetch_q=100 | elapsed=196937.2s
eval | opt_step=49800 | micro_step=398400 | train_loss=2.7812 | val_loss=2.9462 | val_ppl=19.03
progress | opt_step=49825/172211 | micro_step=398600/1377681 | stage=stage2 | span=1 | train_loss=2.3419 | lr=0.000173931 | cpu_batch_ms=1.0 | provider_batch_ms=234.4 | prefetch_q=99 | elapsed=197052.2s
progress | opt_step=49850/172211 | micro_step=398800/1377681 | stage=stage2 | span=1 | train_loss=2.9204 | lr=0.000173889 | cpu_batch_ms=1.0 | provider_batch_ms=274.7 | prefetch_q=100 | elapsed=197145.1s
progress | opt_step=49875/172211 | micro_step=399000/1377681 | stage=stage2 | span=1 | train_loss=2.6996 | lr=0.000173848 | cpu_batch_ms=1.0 | provider_batch_ms=304.8 | prefetch_q=96 | elapsed=197238.1s
progress | opt_step=49900/172211 | micro_step=399200/1377681 | stage=stage2 | span=1 | train_loss=2.7656 | lr=0.000173806 | cpu_batch_ms=1.0 | provider_batch_ms=320.7 | prefetch_q=100 | elapsed=197331.3s
progress | opt_step=49925/172211 | micro_step=399400/1377681 | stage=stage2 | span=1 | train_loss=2.6378 | lr=0.000173764 | cpu_batch_ms=1.0 | provider_batch_ms=226.1 | prefetch_q=100 | elapsed=197449.8s
progress | opt_step=49950/172211 | micro_step=399600/1377681 | stage=stage2 | span=1 | train_loss=2.8819 | lr=0.000173723 | cpu_batch_ms=1.0 | provider_batch_ms=269.5 | prefetch_q=100 | elapsed=197542.9s
progress | opt_step=49975/172211 | micro_step=399800/1377681 | stage=stage2 | span=1 | train_loss=2.8058 | lr=0.000173681 | cpu_batch_ms=1.0 | provider_batch_ms=307.0 | prefetch_q=100 | elapsed=197636.2s
progress | opt_step=50000/172211 | micro_step=400000/1377681 | stage=stage2 | span=1 | train_loss=2.9477 | lr=0.00017364 | cpu_batch_ms=1.0 | provider_batch_ms=324.1 | prefetch_q=99 | elapsed=197729.2s
eval | opt_step=50000 | micro_step=400000 | train_loss=2.9477 | val_loss=2.9487 | val_ppl=19.08
progress | opt_step=50025/172211 | micro_step=400200/1377681 | stage=stage2 | span=1 | train_loss=2.4199 | lr=0.000173598 | cpu_batch_ms=1.0 | provider_batch_ms=232.8 | prefetch_q=100 | elapsed=197853.9s
progress | opt_step=50050/172211 | micro_step=400400/1377681 | stage=stage2 | span=1 | train_loss=2.9226 | lr=0.000173556 | cpu_batch_ms=1.0 | provider_batch_ms=286.9 | prefetch_q=98 | elapsed=197946.9s
progress | opt_step=50075/172211 | micro_step=400600/1377681 | stage=stage2 | span=1 | train_loss=2.7767 | lr=0.000173515 | cpu_batch_ms=1.0 | provider_batch_ms=306.5 | prefetch_q=100 | elapsed=198039.2s
progress | opt_step=50100/172211 | micro_step=400800/1377681 | stage=stage2 | span=1 | train_loss=2.8021 | lr=0.000173473 | cpu_batch_ms=1.0 | provider_batch_ms=315.1 | prefetch_q=100 | elapsed=198131.9s
progress | opt_step=50125/172211 | micro_step=401000/1377681 | stage=stage2 | span=1 | train_loss=3.1239 | lr=0.000173431 | cpu_batch_ms=1.0 | provider_batch_ms=245.2 | prefetch_q=99 | elapsed=198249.0s
progress | opt_step=50150/172211 | micro_step=401200/1377681 | stage=stage2 | span=1 | train_loss=1.9954 | lr=0.000173389 | cpu_batch_ms=1.0 | provider_batch_ms=310.1 | prefetch_q=94 | elapsed=198342.8s
progress | opt_step=50175/172211 | micro_step=401400/1377681 | stage=stage2 | span=1 | train_loss=2.6160 | lr=0.000173347 | cpu_batch_ms=1.0 | provider_batch_ms=328.2 | prefetch_q=100 | elapsed=198435.6s
progress | opt_step=50200/172211 | micro_step=401600/1377681 | stage=stage2 | span=1 | train_loss=2.4694 | lr=0.000173306 | cpu_batch_ms=1.0 | provider_batch_ms=339.8 | prefetch_q=100 | elapsed=198528.2s
eval | opt_step=50200 | micro_step=401600 | train_loss=2.4694 | val_loss=2.9379 | val_ppl=18.88
progress | opt_step=50225/172211 | micro_step=401800/1377681 | stage=stage2 | span=1 | train_loss=2.8768 | lr=0.000173264 | cpu_batch_ms=1.0 | provider_batch_ms=243.7 | prefetch_q=96 | elapsed=198638.7s
progress | opt_step=50250/172211 | micro_step=402000/1377681 | stage=stage2 | span=1 | train_loss=2.1587 | lr=0.000173222 | cpu_batch_ms=1.0 | provider_batch_ms=292.0 | prefetch_q=98 | elapsed=198732.0s
progress | opt_step=50275/172211 | micro_step=402200/1377681 | stage=stage2 | span=1 | train_loss=2.2987 | lr=0.00017318 | cpu_batch_ms=1.0 | provider_batch_ms=311.5 | prefetch_q=100 | elapsed=198825.4s
progress | opt_step=50300/172211 | micro_step=402400/1377681 | stage=stage2 | span=1 | train_loss=2.7684 | lr=0.000173138 | cpu_batch_ms=1.0 | provider_batch_ms=322.0 | prefetch_q=100 | elapsed=198918.3s
progress | opt_step=50325/172211 | micro_step=402600/1377681 | stage=stage2 | span=1 | train_loss=2.7201 | lr=0.000173096 | cpu_batch_ms=1.0 | provider_batch_ms=252.1 | prefetch_q=98 | elapsed=199025.3s
progress | opt_step=50350/172211 | micro_step=402800/1377681 | stage=stage2 | span=1 | train_loss=2.8114 | lr=0.000173054 | cpu_batch_ms=1.0 | provider_batch_ms=292.3 | prefetch_q=99 | elapsed=199118.3s
progress | opt_step=50375/172211 | micro_step=403000/1377681 | stage=stage2 | span=1 | train_loss=2.8949 | lr=0.000173012 | cpu_batch_ms=1.0 | provider_batch_ms=317.0 | prefetch_q=100 | elapsed=199210.7s
progress | opt_step=50400/172211 | micro_step=403200/1377681 | stage=stage2 | span=1 | train_loss=2.2785 | lr=0.00017297 | cpu_batch_ms=1.0 | provider_batch_ms=318.8 | prefetch_q=100 | elapsed=199302.9s
eval | opt_step=50400 | micro_step=403200 | train_loss=2.2785 | val_loss=2.9354 | val_ppl=18.83
progress | opt_step=50425/172211 | micro_step=403400/1377681 | stage=stage2 | span=1 | train_loss=2.5246 | lr=0.000172928 | cpu_batch_ms=1.0 | provider_batch_ms=229.6 | prefetch_q=98 | elapsed=199417.1s
progress | opt_step=50450/172211 | micro_step=403600/1377681 | stage=stage2 | span=1 | train_loss=2.4027 | lr=0.000172885 | cpu_batch_ms=1.0 | provider_batch_ms=273.6 | prefetch_q=100 | elapsed=199509.5s
progress | opt_step=50475/172211 | micro_step=403800/1377681 | stage=stage2 | span=1 | train_loss=2.1551 | lr=0.000172843 | cpu_batch_ms=1.0 | provider_batch_ms=301.9 | prefetch_q=100 | elapsed=199602.2s
progress | opt_step=50500/172211 | micro_step=404000/1377681 | stage=stage2 | span=1 | train_loss=2.4874 | lr=0.000172801 | cpu_batch_ms=1.0 | provider_batch_ms=312.4 | prefetch_q=98 | elapsed=199694.7s
progress | opt_step=50525/172211 | micro_step=404200/1377681 | stage=stage2 | span=1 | train_loss=2.7997 | lr=0.000172759 | cpu_batch_ms=1.0 | provider_batch_ms=266.7 | prefetch_q=95 | elapsed=199808.1s
progress | opt_step=50550/172211 | micro_step=404400/1377681 | stage=stage2 | span=1 | train_loss=1.9271 | lr=0.000172717 | cpu_batch_ms=1.0 | provider_batch_ms=293.2 | prefetch_q=100 | elapsed=199900.1s
progress | opt_step=50575/172211 | micro_step=404600/1377681 | stage=stage2 | span=1 | train_loss=2.7773 | lr=0.000172674 | cpu_batch_ms=1.0 | provider_batch_ms=313.6 | prefetch_q=100 | elapsed=199993.4s
progress | opt_step=50600/172211 | micro_step=404800/1377681 | stage=stage2 | span=1 | train_loss=2.5079 | lr=0.000172632 | cpu_batch_ms=1.0 | provider_batch_ms=319.8 | prefetch_q=100 | elapsed=200086.5s
eval | opt_step=50600 | micro_step=404800 | train_loss=2.5079 | val_loss=2.9415 | val_ppl=18.94
progress | opt_step=50625/172211 | micro_step=405000/1377681 | stage=stage2 | span=1 | train_loss=3.0335 | lr=0.00017259 | cpu_batch_ms=1.0 | provider_batch_ms=240.0 | prefetch_q=100 | elapsed=200204.5s
progress | opt_step=50650/172211 | micro_step=405200/1377681 | stage=stage2 | span=1 | train_loss=2.7636 | lr=0.000172547 | cpu_batch_ms=1.0 | provider_batch_ms=285.8 | prefetch_q=100 | elapsed=200297.9s
progress | opt_step=50675/172211 | micro_step=405400/1377681 | stage=stage2 | span=1 | train_loss=2.5348 | lr=0.000172505 | cpu_batch_ms=0.9 | provider_batch_ms=310.4 | prefetch_q=96 | elapsed=200390.9s
progress | opt_step=50700/172211 | micro_step=405600/1377681 | stage=stage2 | span=1 | train_loss=2.6114 | lr=0.000172463 | cpu_batch_ms=0.9 | provider_batch_ms=319.3 | prefetch_q=100 | elapsed=200483.9s
progress | opt_step=50725/172211 | micro_step=405800/1377681 | stage=stage2 | span=1 | train_loss=2.3738 | lr=0.00017242 | cpu_batch_ms=0.9 | provider_batch_ms=223.5 | prefetch_q=100 | elapsed=200601.4s
progress | opt_step=50750/172211 | micro_step=406000/1377681 | stage=stage2 | span=1 | train_loss=2.7219 | lr=0.000172378 | cpu_batch_ms=0.9 | provider_batch_ms=278.3 | prefetch_q=98 | elapsed=200694.9s
progress | opt_step=50775/172211 | micro_step=406200/1377681 | stage=stage2 | span=1 | train_loss=2.6159 | lr=0.000172335 | cpu_batch_ms=0.9 | provider_batch_ms=305.7 | prefetch_q=100 | elapsed=200788.1s
progress | opt_step=50800/172211 | micro_step=406400/1377681 | stage=stage2 | span=1 | train_loss=2.7158 | lr=0.000172293 | cpu_batch_ms=0.9 | provider_batch_ms=317.8 | prefetch_q=97 | elapsed=200881.4s
eval | opt_step=50800 | micro_step=406400 | train_loss=2.7158 | val_loss=2.9437 | val_ppl=18.99
progress | opt_step=50825/172211 | micro_step=406600/1377681 | stage=stage2 | span=1 | train_loss=1.9822 | lr=0.00017225 | cpu_batch_ms=0.9 | provider_batch_ms=233.8 | prefetch_q=97 | elapsed=201001.6s
progress | opt_step=50850/172211 | micro_step=406800/1377681 | stage=stage2 | span=1 | train_loss=2.9433 | lr=0.000172208 | cpu_batch_ms=0.9 | provider_batch_ms=289.1 | prefetch_q=100 | elapsed=201095.0s
progress | opt_step=50875/172211 | micro_step=407000/1377681 | stage=stage2 | span=1 | train_loss=2.8328 | lr=0.000172165 | cpu_batch_ms=0.9 | provider_batch_ms=314.1 | prefetch_q=99 | elapsed=201188.1s
progress | opt_step=50900/172211 | micro_step=407200/1377681 | stage=stage2 | span=1 | train_loss=3.0201 | lr=0.000172123 | cpu_batch_ms=0.9 | provider_batch_ms=323.8 | prefetch_q=99 | elapsed=201280.4s
progress | opt_step=50925/172211 | micro_step=407400/1377681 | stage=stage2 | span=1 | train_loss=2.1752 | lr=0.00017208 | cpu_batch_ms=0.9 | provider_batch_ms=256.5 | prefetch_q=96 | elapsed=201397.6s
progress | opt_step=50950/172211 | micro_step=407600/1377681 | stage=stage2 | span=1 | train_loss=2.6968 | lr=0.000172037 | cpu_batch_ms=0.9 | provider_batch_ms=300.0 | prefetch_q=99 | elapsed=201490.4s
progress | opt_step=50975/172211 | micro_step=407800/1377681 | stage=stage2 | span=1 | train_loss=2.4514 | lr=0.000171995 | cpu_batch_ms=0.9 | provider_batch_ms=320.2 | prefetch_q=97 | elapsed=201583.0s
progress | opt_step=51000/172211 | micro_step=408000/1377681 | stage=stage2 | span=1 | train_loss=2.4752 | lr=0.000171952 | cpu_batch_ms=0.9 | provider_batch_ms=334.7 | prefetch_q=100 | elapsed=201676.2s
eval | opt_step=51000 | micro_step=408000 | train_loss=2.4752 | val_loss=2.9425 | val_ppl=18.96
progress | opt_step=51025/172211 | micro_step=408200/1377681 | stage=stage2 | span=1 | train_loss=2.8309 | lr=0.000171909 | cpu_batch_ms=0.9 | provider_batch_ms=246.8 | prefetch_q=96 | elapsed=201793.5s
progress | opt_step=51050/172211 | micro_step=408400/1377681 | stage=stage2 | span=1 | train_loss=2.9690 | lr=0.000171866 | cpu_batch_ms=0.9 | provider_batch_ms=294.4 | prefetch_q=100 | elapsed=201886.6s
progress | opt_step=51075/172211 | micro_step=408600/1377681 | stage=stage2 | span=1 | train_loss=2.6583 | lr=0.000171824 | cpu_batch_ms=0.9 | provider_batch_ms=310.5 | prefetch_q=100 | elapsed=201979.2s
progress | opt_step=51100/172211 | micro_step=408800/1377681 | stage=stage2 | span=1 | train_loss=2.9916 | lr=0.000171781 | cpu_batch_ms=0.9 | provider_batch_ms=320.2 | prefetch_q=97 | elapsed=202071.8s
progress | opt_step=51125/172211 | micro_step=409000/1377681 | stage=stage2 | span=1 | train_loss=2.7968 | lr=0.000171738 | cpu_batch_ms=0.9 | provider_batch_ms=249.6 | prefetch_q=98 | elapsed=202185.4s
progress | opt_step=51150/172211 | micro_step=409200/1377681 | stage=stage2 | span=1 | train_loss=2.6723 | lr=0.000171695 | cpu_batch_ms=0.9 | provider_batch_ms=301.6 | prefetch_q=100 | elapsed=202278.5s
progress | opt_step=51175/172211 | micro_step=409400/1377681 | stage=stage2 | span=1 | train_loss=2.8203 | lr=0.000171652 | cpu_batch_ms=0.9 | provider_batch_ms=328.3 | prefetch_q=100 | elapsed=202372.3s
progress | opt_step=51200/172211 | micro_step=409600/1377681 | stage=stage2 | span=1 | train_loss=2.8582 | lr=0.000171609 | cpu_batch_ms=0.9 | provider_batch_ms=340.4 | prefetch_q=95 | elapsed=202465.4s
eval | opt_step=51200 | micro_step=409600 | train_loss=2.8582 | val_loss=2.9260 | val_ppl=18.65
progress | opt_step=51225/172211 | micro_step=409800/1377681 | stage=stage2 | span=1 | train_loss=2.3441 | lr=0.000171566 | cpu_batch_ms=0.9 | provider_batch_ms=223.2 | prefetch_q=100 | elapsed=202595.2s
progress | opt_step=51250/172211 | micro_step=410000/1377681 | stage=stage2 | span=1 | train_loss=2.9324 | lr=0.000171523 | cpu_batch_ms=0.9 | provider_batch_ms=275.4 | prefetch_q=99 | elapsed=202688.0s
progress | opt_step=51275/172211 | micro_step=410200/1377681 | stage=stage2 | span=1 | train_loss=2.5405 | lr=0.00017148 | cpu_batch_ms=0.9 | provider_batch_ms=291.6 | prefetch_q=100 | elapsed=202780.9s
progress | opt_step=51300/172211 | micro_step=410400/1377681 | stage=stage2 | span=1 | train_loss=2.9400 | lr=0.000171437 | cpu_batch_ms=0.9 | provider_batch_ms=308.6 | prefetch_q=99 | elapsed=202874.5s
progress | opt_step=51325/172211 | micro_step=410600/1377681 | stage=stage2 | span=1 | train_loss=2.6750 | lr=0.000171394 | cpu_batch_ms=0.9 | provider_batch_ms=229.8 | prefetch_q=99 | elapsed=202988.0s
progress | opt_step=51350/172211 | micro_step=410800/1377681 | stage=stage2 | span=1 | train_loss=2.8608 | lr=0.000171351 | cpu_batch_ms=0.9 | provider_batch_ms=297.2 | prefetch_q=100 | elapsed=203081.0s
progress | opt_step=51375/172211 | micro_step=411000/1377681 | stage=stage2 | span=1 | train_loss=2.7389 | lr=0.000171308 | cpu_batch_ms=0.9 | provider_batch_ms=313.0 | prefetch_q=94 | elapsed=203173.5s
progress | opt_step=51400/172211 | micro_step=411200/1377681 | stage=stage2 | span=1 | train_loss=2.3543 | lr=0.000171265 | cpu_batch_ms=0.9 | provider_batch_ms=327.5 | prefetch_q=97 | elapsed=203266.8s
eval | opt_step=51400 | micro_step=411200 | train_loss=2.3543 | val_loss=2.9316 | val_ppl=18.76
progress | opt_step=51425/172211 | micro_step=411400/1377681 | stage=stage2 | span=1 | train_loss=3.1941 | lr=0.000171222 | cpu_batch_ms=0.9 | provider_batch_ms=225.3 | prefetch_q=100 | elapsed=203387.5s
progress | opt_step=51450/172211 | micro_step=411600/1377681 | stage=stage2 | span=1 | train_loss=2.4342 | lr=0.000171179 | cpu_batch_ms=0.9 | provider_batch_ms=266.2 | prefetch_q=98 | elapsed=203480.1s
progress | opt_step=51475/172211 | micro_step=411800/1377681 | stage=stage2 | span=1 | train_loss=2.4098 | lr=0.000171135 | cpu_batch_ms=0.9 | provider_batch_ms=294.8 | prefetch_q=96 | elapsed=203572.8s
progress | opt_step=51500/172211 | micro_step=412000/1377681 | stage=stage2 | span=1 | train_loss=2.9079 | lr=0.000171092 | cpu_batch_ms=0.9 | provider_batch_ms=317.2 | prefetch_q=100 | elapsed=203666.1s
progress | opt_step=51525/172211 | micro_step=412200/1377681 | stage=stage2 | span=1 | train_loss=2.8183 | lr=0.000171049 | cpu_batch_ms=0.9 | provider_batch_ms=234.2 | prefetch_q=100 | elapsed=203783.7s
progress | opt_step=51550/172211 | micro_step=412400/1377681 | stage=stage2 | span=1 | train_loss=2.9377 | lr=0.000171006 | cpu_batch_ms=0.9 | provider_batch_ms=284.7 | prefetch_q=97 | elapsed=203876.9s
progress | opt_step=51575/172211 | micro_step=412600/1377681 | stage=stage2 | span=1 | train_loss=2.7138 | lr=0.000170962 | cpu_batch_ms=0.9 | provider_batch_ms=311.5 | prefetch_q=100 | elapsed=203969.2s
progress | opt_step=51600/172211 | micro_step=412800/1377681 | stage=stage2 | span=1 | train_loss=3.1649 | lr=0.000170919 | cpu_batch_ms=0.9 | provider_batch_ms=319.4 | prefetch_q=98 | elapsed=204062.1s
eval | opt_step=51600 | micro_step=412800 | train_loss=3.1649 | val_loss=2.9217 | val_ppl=18.57
progress | opt_step=51625/172211 | micro_step=413000/1377681 | stage=stage2 | span=1 | train_loss=2.9336 | lr=0.000170875 | cpu_batch_ms=0.9 | provider_batch_ms=236.1 | prefetch_q=97 | elapsed=204201.1s
progress | opt_step=51650/172211 | micro_step=413200/1377681 | stage=stage2 | span=1 | train_loss=2.5571 | lr=0.000170832 | cpu_batch_ms=0.9 | provider_batch_ms=282.7 | prefetch_q=100 | elapsed=204294.0s
progress | opt_step=51675/172211 | micro_step=413400/1377681 | stage=stage2 | span=1 | train_loss=2.5499 | lr=0.000170789 | cpu_batch_ms=0.9 | provider_batch_ms=314.0 | prefetch_q=100 | elapsed=204387.2s
progress | opt_step=51700/172211 | micro_step=413600/1377681 | stage=stage2 | span=1 | train_loss=2.7744 | lr=0.000170745 | cpu_batch_ms=0.9 | provider_batch_ms=324.8 | prefetch_q=100 | elapsed=204480.7s
progress | opt_step=51725/172211 | micro_step=413800/1377681 | stage=stage2 | span=1 | train_loss=2.9509 | lr=0.000170702 | cpu_batch_ms=0.9 | provider_batch_ms=228.7 | prefetch_q=100 | elapsed=204595.8s
progress | opt_step=51750/172211 | micro_step=414000/1377681 | stage=stage2 | span=1 | train_loss=2.9504 | lr=0.000170658 | cpu_batch_ms=0.9 | provider_batch_ms=267.6 | prefetch_q=99 | elapsed=204688.4s
progress | opt_step=51775/172211 | micro_step=414200/1377681 | stage=stage2 | span=1 | train_loss=2.9238 | lr=0.000170615 | cpu_batch_ms=0.9 | provider_batch_ms=299.7 | prefetch_q=99 | elapsed=204781.6s
progress | opt_step=51800/172211 | micro_step=414400/1377681 | stage=stage2 | span=1 | train_loss=2.6117 | lr=0.000170571 | cpu_batch_ms=0.9 | provider_batch_ms=311.5 | prefetch_q=100 | elapsed=204874.8s
eval | opt_step=51800 | micro_step=414400 | train_loss=2.6117 | val_loss=2.9300 | val_ppl=18.73
progress | opt_step=51825/172211 | micro_step=414600/1377681 | stage=stage2 | span=1 | train_loss=2.9100 | lr=0.000170528 | cpu_batch_ms=0.9 | provider_batch_ms=227.2 | prefetch_q=99 | elapsed=204990.4s
progress | opt_step=51850/172211 | micro_step=414800/1377681 | stage=stage2 | span=1 | train_loss=2.8086 | lr=0.000170484 | cpu_batch_ms=0.9 | provider_batch_ms=282.4 | prefetch_q=98 | elapsed=205083.8s
progress | opt_step=51875/172211 | micro_step=415000/1377681 | stage=stage2 | span=1 | train_loss=2.7793 | lr=0.00017044 | cpu_batch_ms=0.9 | provider_batch_ms=311.6 | prefetch_q=100 | elapsed=205177.6s
progress | opt_step=51900/172211 | micro_step=415200/1377681 | stage=stage2 | span=1 | train_loss=2.4492 | lr=0.000170397 | cpu_batch_ms=0.9 | provider_batch_ms=319.8 | prefetch_q=91 | elapsed=205270.1s
progress | opt_step=51925/172211 | micro_step=415400/1377681 | stage=stage2 | span=1 | train_loss=2.5705 | lr=0.000170353 | cpu_batch_ms=0.9 | provider_batch_ms=250.7 | prefetch_q=100 | elapsed=205384.5s
progress | opt_step=51950/172211 | micro_step=415600/1377681 | stage=stage2 | span=1 | train_loss=3.1648 | lr=0.000170309 | cpu_batch_ms=0.9 | provider_batch_ms=305.1 | prefetch_q=94 | elapsed=205477.1s
progress | opt_step=51975/172211 | micro_step=415800/1377681 | stage=stage2 | span=1 | train_loss=2.8127 | lr=0.000170266 | cpu_batch_ms=0.9 | provider_batch_ms=315.0 | prefetch_q=98 | elapsed=205570.0s
progress | opt_step=52000/172211 | micro_step=416000/1377681 | stage=stage2 | span=1 | train_loss=2.9519 | lr=0.000170222 | cpu_batch_ms=0.9 | provider_batch_ms=329.0 | prefetch_q=100 | elapsed=205663.7s
eval | opt_step=52000 | micro_step=416000 | train_loss=2.9519 | val_loss=2.9245 | val_ppl=18.63
progress | opt_step=52025/172211 | micro_step=416200/1377681 | stage=stage2 | span=1 | train_loss=2.5649 | lr=0.000170178 | cpu_batch_ms=0.9 | provider_batch_ms=244.5 | prefetch_q=96 | elapsed=205787.2s
progress | opt_step=52050/172211 | micro_step=416400/1377681 | stage=stage2 | span=1 | train_loss=2.9891 | lr=0.000170134 | cpu_batch_ms=0.9 | provider_batch_ms=290.2 | prefetch_q=100 | elapsed=205880.2s
progress | opt_step=52075/172211 | micro_step=416600/1377681 | stage=stage2 | span=1 | train_loss=2.9422 | lr=0.00017009 | cpu_batch_ms=0.9 | provider_batch_ms=303.5 | prefetch_q=100 | elapsed=205973.0s
progress | opt_step=52100/172211 | micro_step=416800/1377681 | stage=stage2 | span=1 | train_loss=2.6084 | lr=0.000170046 | cpu_batch_ms=0.9 | provider_batch_ms=324.5 | prefetch_q=99 | elapsed=206065.9s
progress | opt_step=52125/172211 | micro_step=417000/1377681 | stage=stage2 | span=1 | train_loss=1.9474 | lr=0.000170003 | cpu_batch_ms=0.9 | provider_batch_ms=254.2 | prefetch_q=100 | elapsed=206184.5s
progress | opt_step=52150/172211 | micro_step=417200/1377681 | stage=stage2 | span=1 | train_loss=2.6213 | lr=0.000169959 | cpu_batch_ms=0.9 | provider_batch_ms=302.9 | prefetch_q=98 | elapsed=206278.1s
progress | opt_step=52175/172211 | micro_step=417400/1377681 | stage=stage2 | span=1 | train_loss=2.9868 | lr=0.000169915 | cpu_batch_ms=0.9 | provider_batch_ms=330.5 | prefetch_q=100 | elapsed=206371.6s
progress | opt_step=52200/172211 | micro_step=417600/1377681 | stage=stage2 | span=1 | train_loss=2.6524 | lr=0.000169871 | cpu_batch_ms=0.9 | provider_batch_ms=337.1 | prefetch_q=100 | elapsed=206464.7s
eval | opt_step=52200 | micro_step=417600 | train_loss=2.6524 | val_loss=2.9294 | val_ppl=18.72
progress | opt_step=52225/172211 | micro_step=417800/1377681 | stage=stage2 | span=1 | train_loss=2.9168 | lr=0.000169827 | cpu_batch_ms=0.9 | provider_batch_ms=267.6 | prefetch_q=91 | elapsed=206585.1s
progress | opt_step=52250/172211 | micro_step=418000/1377681 | stage=stage2 | span=1 | train_loss=3.1173 | lr=0.000169783 | cpu_batch_ms=0.9 | provider_batch_ms=303.3 | prefetch_q=100 | elapsed=206678.4s
progress | opt_step=52275/172211 | micro_step=418200/1377681 | stage=stage2 | span=1 | train_loss=2.7268 | lr=0.000169739 | cpu_batch_ms=0.9 | provider_batch_ms=314.5 | prefetch_q=98 | elapsed=206771.2s
progress | opt_step=52300/172211 | micro_step=418400/1377681 | stage=stage2 | span=1 | train_loss=2.5760 | lr=0.000169695 | cpu_batch_ms=0.9 | provider_batch_ms=327.9 | prefetch_q=100 | elapsed=206863.9s
progress | opt_step=52325/172211 | micro_step=418600/1377681 | stage=stage2 | span=1 | train_loss=2.7352 | lr=0.000169651 | cpu_batch_ms=0.9 | provider_batch_ms=223.8 | prefetch_q=100 | elapsed=206975.8s
progress | opt_step=52350/172211 | micro_step=418800/1377681 | stage=stage2 | span=1 | train_loss=2.2503 | lr=0.000169606 | cpu_batch_ms=0.9 | provider_batch_ms=285.2 | prefetch_q=100 | elapsed=207069.6s
progress | opt_step=52375/172211 | micro_step=419000/1377681 | stage=stage2 | span=1 | train_loss=2.8286 | lr=0.000169562 | cpu_batch_ms=0.9 | provider_batch_ms=308.7 | prefetch_q=98 | elapsed=207162.8s
progress | opt_step=52400/172211 | micro_step=419200/1377681 | stage=stage2 | span=1 | train_loss=2.7188 | lr=0.000169518 | cpu_batch_ms=0.9 | provider_batch_ms=324.1 | prefetch_q=100 | elapsed=207255.8s
eval | opt_step=52400 | micro_step=419200 | train_loss=2.7188 | val_loss=2.9281 | val_ppl=18.69
progress | opt_step=52425/172211 | micro_step=419400/1377681 | stage=stage2 | span=1 | train_loss=2.3521 | lr=0.000169474 | cpu_batch_ms=0.9 | provider_batch_ms=248.6 | prefetch_q=99 | elapsed=207371.2s
progress | opt_step=52450/172211 | micro_step=419600/1377681 | stage=stage2 | span=1 | train_loss=2.8830 | lr=0.00016943 | cpu_batch_ms=0.9 | provider_batch_ms=309.1 | prefetch_q=97 | elapsed=207465.0s
progress | opt_step=52475/172211 | micro_step=419800/1377681 | stage=stage2 | span=1 | train_loss=2.7917 | lr=0.000169385 | cpu_batch_ms=0.9 | provider_batch_ms=330.2 | prefetch_q=100 | elapsed=207558.3s
progress | opt_step=52500/172211 | micro_step=420000/1377681 | stage=stage2 | span=1 | train_loss=3.0300 | lr=0.000169341 | cpu_batch_ms=0.9 | provider_batch_ms=343.3 | prefetch_q=96 | elapsed=207651.1s
progress | opt_step=52525/172211 | micro_step=420200/1377681 | stage=stage2 | span=1 | train_loss=2.3604 | lr=0.000169297 | cpu_batch_ms=0.9 | provider_batch_ms=250.5 | prefetch_q=100 | elapsed=207765.9s
progress | opt_step=52550/172211 | micro_step=420400/1377681 | stage=stage2 | span=1 | train_loss=2.9382 | lr=0.000169252 | cpu_batch_ms=0.9 | provider_batch_ms=279.7 | prefetch_q=100 | elapsed=207858.6s
progress | opt_step=52575/172211 | micro_step=420600/1377681 | stage=stage2 | span=1 | train_loss=2.8901 | lr=0.000169208 | cpu_batch_ms=0.9 | provider_batch_ms=306.9 | prefetch_q=100 | elapsed=207952.6s
progress | opt_step=52600/172211 | micro_step=420800/1377681 | stage=stage2 | span=1 | train_loss=2.6368 | lr=0.000169164 | cpu_batch_ms=0.9 | provider_batch_ms=313.0 | prefetch_q=99 | elapsed=208045.0s
eval | opt_step=52600 | micro_step=420800 | train_loss=2.6368 | val_loss=2.9274 | val_ppl=18.68
progress | opt_step=52625/172211 | micro_step=421000/1377681 | stage=stage2 | span=1 | train_loss=3.0653 | lr=0.000169119 | cpu_batch_ms=0.9 | provider_batch_ms=252.2 | prefetch_q=96 | elapsed=208162.3s
progress | opt_step=52650/172211 | micro_step=421200/1377681 | stage=stage2 | span=1 | train_loss=2.5903 | lr=0.000169075 | cpu_batch_ms=0.9 | provider_batch_ms=292.8 | prefetch_q=100 | elapsed=208256.0s
progress | opt_step=52675/172211 | micro_step=421400/1377681 | stage=stage2 | span=1 | train_loss=2.4130 | lr=0.00016903 | cpu_batch_ms=0.9 | provider_batch_ms=308.1 | prefetch_q=100 | elapsed=208348.3s
progress | opt_step=52700/172211 | micro_step=421600/1377681 | stage=stage2 | span=1 | train_loss=2.8831 | lr=0.000168986 | cpu_batch_ms=0.9 | provider_batch_ms=312.9 | prefetch_q=97 | elapsed=208441.6s
progress | opt_step=52725/172211 | micro_step=421800/1377681 | stage=stage2 | span=1 | train_loss=3.1478 | lr=0.000168942 | cpu_batch_ms=0.9 | provider_batch_ms=262.3 | prefetch_q=98 | elapsed=208554.9s
progress | opt_step=52750/172211 | micro_step=422000/1377681 | stage=stage2 | span=1 | train_loss=2.4633 | lr=0.000168897 | cpu_batch_ms=0.9 | provider_batch_ms=306.4 | prefetch_q=100 | elapsed=208648.6s
progress | opt_step=52775/172211 | micro_step=422200/1377681 | stage=stage2 | span=1 | train_loss=2.8038 | lr=0.000168852 | cpu_batch_ms=0.9 | provider_batch_ms=327.0 | prefetch_q=98 | elapsed=208741.3s
progress | opt_step=52800/172211 | micro_step=422400/1377681 | stage=stage2 | span=1 | train_loss=2.7110 | lr=0.000168808 | cpu_batch_ms=0.9 | provider_batch_ms=340.9 | prefetch_q=97 | elapsed=208834.8s
eval | opt_step=52800 | micro_step=422400 | train_loss=2.7110 | val_loss=2.9218 | val_ppl=18.58
progress | opt_step=52825/172211 | micro_step=422600/1377681 | stage=stage2 | span=1 | train_loss=2.8211 | lr=0.000168763 | cpu_batch_ms=0.9 | provider_batch_ms=248.2 | prefetch_q=100 | elapsed=208950.3s
progress | opt_step=52850/172211 | micro_step=422800/1377681 | stage=stage2 | span=1 | train_loss=2.6906 | lr=0.000168719 | cpu_batch_ms=0.9 | provider_batch_ms=305.8 | prefetch_q=96 | elapsed=209043.6s
progress | opt_step=52875/172211 | micro_step=423000/1377681 | stage=stage2 | span=1 | train_loss=2.5566 | lr=0.000168674 | cpu_batch_ms=0.9 | provider_batch_ms=320.2 | prefetch_q=99 | elapsed=209137.0s
progress | opt_step=52900/172211 | micro_step=423200/1377681 | stage=stage2 | span=1 | train_loss=2.5218 | lr=0.000168629 | cpu_batch_ms=0.9 | provider_batch_ms=320.6 | prefetch_q=100 | elapsed=209229.6s
progress | opt_step=52925/172211 | micro_step=423400/1377681 | stage=stage2 | span=1 | train_loss=2.4379 | lr=0.000168585 | cpu_batch_ms=0.9 | provider_batch_ms=235.3 | prefetch_q=99 | elapsed=209341.6s
progress | opt_step=52950/172211 | micro_step=423600/1377681 | stage=stage2 | span=1 | train_loss=2.3383 | lr=0.00016854 | cpu_batch_ms=0.9 | provider_batch_ms=283.7 | prefetch_q=100 | elapsed=209434.5s
progress | opt_step=52975/172211 | micro_step=423800/1377681 | stage=stage2 | span=1 | train_loss=2.7979 | lr=0.000168495 | cpu_batch_ms=0.9 | provider_batch_ms=302.4 | prefetch_q=99 | elapsed=209527.1s
progress | opt_step=53000/172211 | micro_step=424000/1377681 | stage=stage2 | span=1 | train_loss=2.7901 | lr=0.00016845 | cpu_batch_ms=0.9 | provider_batch_ms=315.3 | prefetch_q=100 | elapsed=209620.5s
eval | opt_step=53000 | micro_step=424000 | train_loss=2.7901 | val_loss=2.9221 | val_ppl=18.58
progress | opt_step=53025/172211 | micro_step=424200/1377681 | stage=stage2 | span=1 | train_loss=3.0273 | lr=0.000168406 | cpu_batch_ms=0.9 | provider_batch_ms=257.1 | prefetch_q=98 | elapsed=209736.4s
progress | opt_step=53050/172211 | micro_step=424400/1377681 | stage=stage2 | span=1 | train_loss=2.6895 | lr=0.000168361 | cpu_batch_ms=0.9 | provider_batch_ms=296.1 | prefetch_q=100 | elapsed=209829.4s
progress | opt_step=53075/172211 | micro_step=424600/1377681 | stage=stage2 | span=1 | train_loss=2.6585 | lr=0.000168316 | cpu_batch_ms=0.9 | provider_batch_ms=309.8 | prefetch_q=100 | elapsed=209921.8s
progress | opt_step=53100/172211 | micro_step=424800/1377681 | stage=stage2 | span=1 | train_loss=2.6731 | lr=0.000168271 | cpu_batch_ms=0.9 | provider_batch_ms=323.9 | prefetch_q=100 | elapsed=210015.1s
progress | opt_step=53125/172211 | micro_step=425000/1377681 | stage=stage2 | span=1 | train_loss=3.0916 | lr=0.000168226 | cpu_batch_ms=0.9 | provider_batch_ms=221.0 | prefetch_q=100 | elapsed=210127.9s
progress | opt_step=53150/172211 | micro_step=425200/1377681 | stage=stage2 | span=1 | train_loss=2.9503 | lr=0.000168181 | cpu_batch_ms=0.9 | provider_batch_ms=290.0 | prefetch_q=100 | elapsed=210221.3s
progress | opt_step=53175/172211 | micro_step=425400/1377681 | stage=stage2 | span=1 | train_loss=2.5021 | lr=0.000168136 | cpu_batch_ms=0.9 | provider_batch_ms=313.0 | prefetch_q=100 | elapsed=210314.4s
progress | opt_step=53200/172211 | micro_step=425600/1377681 | stage=stage2 | span=1 | train_loss=2.6782 | lr=0.000168091 | cpu_batch_ms=0.9 | provider_batch_ms=320.6 | prefetch_q=98 | elapsed=210407.3s
eval | opt_step=53200 | micro_step=425600 | train_loss=2.6782 | val_loss=2.9214 | val_ppl=18.57
progress | opt_step=53225/172211 | micro_step=425800/1377681 | stage=stage2 | span=1 | train_loss=2.6509 | lr=0.000168046 | cpu_batch_ms=0.9 | provider_batch_ms=210.1 | prefetch_q=97 | elapsed=210546.7s
progress | opt_step=53250/172211 | micro_step=426000/1377681 | stage=stage2 | span=1 | train_loss=2.6303 | lr=0.000168001 | cpu_batch_ms=0.9 | provider_batch_ms=287.1 | prefetch_q=95 | elapsed=210640.8s
progress | opt_step=53275/172211 | micro_step=426200/1377681 | stage=stage2 | span=1 | train_loss=2.6619 | lr=0.000167956 | cpu_batch_ms=0.9 | provider_batch_ms=300.2 | prefetch_q=100 | elapsed=210733.8s
progress | opt_step=53300/172211 | micro_step=426400/1377681 | stage=stage2 | span=1 | train_loss=2.9816 | lr=0.000167911 | cpu_batch_ms=0.9 | provider_batch_ms=305.4 | prefetch_q=100 | elapsed=210826.9s
progress | opt_step=53325/172211 | micro_step=426600/1377681 | stage=stage2 | span=1 | train_loss=2.8256 | lr=0.000167866 | cpu_batch_ms=0.9 | provider_batch_ms=238.3 | prefetch_q=99 | elapsed=210938.9s
progress | opt_step=53350/172211 | micro_step=426800/1377681 | stage=stage2 | span=1 | train_loss=2.4051 | lr=0.000167821 | cpu_batch_ms=0.9 | provider_batch_ms=290.5 | prefetch_q=99 | elapsed=211032.7s
progress | opt_step=53375/172211 | micro_step=427000/1377681 | stage=stage2 | span=1 | train_loss=2.7270 | lr=0.000167776 | cpu_batch_ms=0.9 | provider_batch_ms=307.5 | prefetch_q=97 | elapsed=211125.0s
progress | opt_step=53400/172211 | micro_step=427200/1377681 | stage=stage2 | span=1 | train_loss=2.6261 | lr=0.00016773 | cpu_batch_ms=0.9 | provider_batch_ms=327.3 | prefetch_q=100 | elapsed=211219.0s
eval | opt_step=53400 | micro_step=427200 | train_loss=2.6261 | val_loss=2.9155 | val_ppl=18.46
progress | opt_step=53425/172211 | micro_step=427400/1377681 | stage=stage2 | span=1 | train_loss=2.9261 | lr=0.000167685 | cpu_batch_ms=0.9 | provider_batch_ms=246.9 | prefetch_q=100 | elapsed=211355.4s
progress | opt_step=53450/172211 | micro_step=427600/1377681 | stage=stage2 | span=1 | train_loss=2.7095 | lr=0.00016764 | cpu_batch_ms=0.9 | provider_batch_ms=281.7 | prefetch_q=100 | elapsed=211448.3s
progress | opt_step=53475/172211 | micro_step=427800/1377681 | stage=stage2 | span=1 | train_loss=2.7055 | lr=0.000167595 | cpu_batch_ms=0.9 | provider_batch_ms=306.0 | prefetch_q=100 | elapsed=211541.7s
progress | opt_step=53500/172211 | micro_step=428000/1377681 | stage=stage2 | span=1 | train_loss=2.9722 | lr=0.00016755 | cpu_batch_ms=0.9 | provider_batch_ms=317.9 | prefetch_q=100 | elapsed=211635.3s
progress | opt_step=53525/172211 | micro_step=428200/1377681 | stage=stage2 | span=1 | train_loss=2.5884 | lr=0.000167504 | cpu_batch_ms=0.9 | provider_batch_ms=273.4 | prefetch_q=99 | elapsed=211750.2s
progress | opt_step=53550/172211 | micro_step=428400/1377681 | stage=stage2 | span=1 | train_loss=2.7851 | lr=0.000167459 | cpu_batch_ms=0.9 | provider_batch_ms=322.1 | prefetch_q=94 | elapsed=211844.2s
progress | opt_step=53575/172211 | micro_step=428600/1377681 | stage=stage2 | span=1 | train_loss=2.6691 | lr=0.000167414 | cpu_batch_ms=0.9 | provider_batch_ms=339.3 | prefetch_q=99 | elapsed=211938.0s
progress | opt_step=53600/172211 | micro_step=428800/1377681 | stage=stage2 | span=1 | train_loss=2.2784 | lr=0.000167368 | cpu_batch_ms=0.9 | provider_batch_ms=349.7 | prefetch_q=100 | elapsed=212031.8s
eval | opt_step=53600 | micro_step=428800 | train_loss=2.2784 | val_loss=2.9167 | val_ppl=18.48
progress | opt_step=53625/172211 | micro_step=429000/1377681 | stage=stage2 | span=1 | train_loss=2.8192 | lr=0.000167323 | cpu_batch_ms=0.9 | provider_batch_ms=249.0 | prefetch_q=100 | elapsed=212148.7s
progress | opt_step=53650/172211 | micro_step=429200/1377681 | stage=stage2 | span=1 | train_loss=2.8359 | lr=0.000167277 | cpu_batch_ms=0.9 | provider_batch_ms=289.8 | prefetch_q=99 | elapsed=212241.7s
progress | opt_step=53675/172211 | micro_step=429400/1377681 | stage=stage2 | span=1 | train_loss=2.5028 | lr=0.000167232 | cpu_batch_ms=0.9 | provider_batch_ms=308.4 | prefetch_q=100 | elapsed=212335.1s
progress | opt_step=53700/172211 | micro_step=429600/1377681 | stage=stage2 | span=1 | train_loss=2.7011 | lr=0.000167186 | cpu_batch_ms=0.9 | provider_batch_ms=317.3 | prefetch_q=98 | elapsed=212427.9s
progress | opt_step=53725/172211 | micro_step=429800/1377681 | stage=stage2 | span=1 | train_loss=2.9716 | lr=0.000167141 | cpu_batch_ms=0.9 | provider_batch_ms=249.8 | prefetch_q=100 | elapsed=212540.6s
progress | opt_step=53750/172211 | micro_step=430000/1377681 | stage=stage2 | span=1 | train_loss=2.9146 | lr=0.000167095 | cpu_batch_ms=0.9 | provider_batch_ms=300.4 | prefetch_q=99 | elapsed=212633.9s
progress | opt_step=53775/172211 | micro_step=430200/1377681 | stage=stage2 | span=1 | train_loss=2.9793 | lr=0.00016705 | cpu_batch_ms=0.9 | provider_batch_ms=315.7 | prefetch_q=99 | elapsed=212726.7s
progress | opt_step=53800/172211 | micro_step=430400/1377681 | stage=stage2 | span=1 | train_loss=2.6171 | lr=0.000167004 | cpu_batch_ms=0.9 | provider_batch_ms=328.2 | prefetch_q=100 | elapsed=212819.3s
eval | opt_step=53800 | micro_step=430400 | train_loss=2.6171 | val_loss=2.9173 | val_ppl=18.49
progress | opt_step=53825/172211 | micro_step=430600/1377681 | stage=stage2 | span=1 | train_loss=2.6438 | lr=0.000166959 | cpu_batch_ms=0.9 | provider_batch_ms=239.3 | prefetch_q=100 | elapsed=212938.8s
progress | opt_step=53850/172211 | micro_step=430800/1377681 | stage=stage2 | span=1 | train_loss=2.6891 | lr=0.000166913 | cpu_batch_ms=0.9 | provider_batch_ms=299.9 | prefetch_q=99 | elapsed=213032.3s
progress | opt_step=53875/172211 | micro_step=431000/1377681 | stage=stage2 | span=1 | train_loss=2.4417 | lr=0.000166867 | cpu_batch_ms=0.9 | provider_batch_ms=330.1 | prefetch_q=100 | elapsed=213126.2s
progress | opt_step=53900/172211 | micro_step=431200/1377681 | stage=stage2 | span=1 | train_loss=3.2347 | lr=0.000166822 | cpu_batch_ms=0.9 | provider_batch_ms=344.1 | prefetch_q=95 | elapsed=213219.6s
progress | opt_step=53925/172211 | micro_step=431400/1377681 | stage=stage2 | span=1 | train_loss=2.8835 | lr=0.000166776 | cpu_batch_ms=0.9 | provider_batch_ms=244.0 | prefetch_q=100 | elapsed=213333.5s
progress | opt_step=53950/172211 | micro_step=431600/1377681 | stage=stage2 | span=1 | train_loss=2.9077 | lr=0.00016673 | cpu_batch_ms=0.9 | provider_batch_ms=304.1 | prefetch_q=98 | elapsed=213427.1s
progress | opt_step=53975/172211 | micro_step=431800/1377681 | stage=stage2 | span=1 | train_loss=2.7908 | lr=0.000166685 | cpu_batch_ms=0.9 | provider_batch_ms=328.4 | prefetch_q=97 | elapsed=213520.6s
progress | opt_step=54000/172211 | micro_step=432000/1377681 | stage=stage2 | span=1 | train_loss=2.1850 | lr=0.000166639 | cpu_batch_ms=0.9 | provider_batch_ms=338.3 | prefetch_q=100 | elapsed=213614.6s
eval | opt_step=54000 | micro_step=432000 | train_loss=2.1850 | val_loss=2.9229 | val_ppl=18.60
progress | opt_step=54025/172211 | micro_step=432200/1377681 | stage=stage2 | span=1 | train_loss=2.3060 | lr=0.000166593 | cpu_batch_ms=0.9 | provider_batch_ms=252.2 | prefetch_q=96 | elapsed=213730.5s
progress | opt_step=54050/172211 | micro_step=432400/1377681 | stage=stage2 | span=1 | train_loss=2.4355 | lr=0.000166547 | cpu_batch_ms=0.9 | provider_batch_ms=294.9 | prefetch_q=100 | elapsed=213824.4s
progress | opt_step=54075/172211 | micro_step=432600/1377681 | stage=stage2 | span=1 | train_loss=2.8097 | lr=0.000166501 | cpu_batch_ms=0.9 | provider_batch_ms=304.8 | prefetch_q=99 | elapsed=213916.5s
progress | opt_step=54100/172211 | micro_step=432800/1377681 | stage=stage2 | span=1 | train_loss=2.9217 | lr=0.000166456 | cpu_batch_ms=0.9 | provider_batch_ms=323.1 | prefetch_q=98 | elapsed=214010.0s
progress | opt_step=54125/172211 | micro_step=433000/1377681 | stage=stage2 | span=1 | train_loss=2.6093 | lr=0.00016641 | cpu_batch_ms=0.9 | provider_batch_ms=245.3 | prefetch_q=100 | elapsed=214122.4s
progress | opt_step=54150/172211 | micro_step=433200/1377681 | stage=stage2 | span=1 | train_loss=3.0468 | lr=0.000166364 | cpu_batch_ms=0.9 | provider_batch_ms=300.9 | prefetch_q=100 | elapsed=214215.8s
progress | opt_step=54175/172211 | micro_step=433400/1377681 | stage=stage2 | span=1 | train_loss=2.4795 | lr=0.000166318 | cpu_batch_ms=0.9 | provider_batch_ms=315.3 | prefetch_q=100 | elapsed=214309.3s
progress | opt_step=54200/172211 | micro_step=433600/1377681 | stage=stage2 | span=1 | train_loss=2.5623 | lr=0.000166272 | cpu_batch_ms=0.9 | provider_batch_ms=322.7 | prefetch_q=100 | elapsed=214401.9s
eval | opt_step=54200 | micro_step=433600 | train_loss=2.5623 | val_loss=2.9094 | val_ppl=18.35
progress | opt_step=54225/172211 | micro_step=433800/1377681 | stage=stage2 | span=1 | train_loss=2.4156 | lr=0.000166226 | cpu_batch_ms=0.9 | provider_batch_ms=254.7 | prefetch_q=100 | elapsed=214538.4s
progress | opt_step=54250/172211 | micro_step=434000/1377681 | stage=stage2 | span=1 | train_loss=2.6313 | lr=0.00016618 | cpu_batch_ms=0.9 | provider_batch_ms=302.7 | prefetch_q=96 | elapsed=214632.4s
progress | opt_step=54275/172211 | micro_step=434200/1377681 | stage=stage2 | span=1 | train_loss=2.7177 | lr=0.000166134 | cpu_batch_ms=0.9 | provider_batch_ms=312.6 | prefetch_q=99 | elapsed=214725.1s
progress | opt_step=54300/172211 | micro_step=434400/1377681 | stage=stage2 | span=1 | train_loss=2.7722 | lr=0.000166088 | cpu_batch_ms=0.9 | provider_batch_ms=325.2 | prefetch_q=100 | elapsed=214817.9s
progress | opt_step=54325/172211 | micro_step=434600/1377681 | stage=stage2 | span=1 | train_loss=2.6576 | lr=0.000166042 | cpu_batch_ms=0.9 | provider_batch_ms=243.0 | prefetch_q=98 | elapsed=214931.6s
progress | opt_step=54350/172211 | micro_step=434800/1377681 | stage=stage2 | span=1 | train_loss=2.5647 | lr=0.000165996 | cpu_batch_ms=0.9 | provider_batch_ms=299.1 | prefetch_q=100 | elapsed=215025.5s
progress | opt_step=54375/172211 | micro_step=435000/1377681 | stage=stage2 | span=1 | train_loss=2.7309 | lr=0.000165949 | cpu_batch_ms=0.9 | provider_batch_ms=308.5 | prefetch_q=99 | elapsed=215118.1s
progress | opt_step=54400/172211 | micro_step=435200/1377681 | stage=stage2 | span=1 | train_loss=2.7775 | lr=0.000165903 | cpu_batch_ms=0.9 | provider_batch_ms=318.5 | prefetch_q=98 | elapsed=215211.5s
eval | opt_step=54400 | micro_step=435200 | train_loss=2.7775 | val_loss=2.9186 | val_ppl=18.51
progress | opt_step=54425/172211 | micro_step=435400/1377681 | stage=stage2 | span=1 | train_loss=2.7265 | lr=0.000165857 | cpu_batch_ms=0.9 | provider_batch_ms=234.3 | prefetch_q=99 | elapsed=215326.0s
progress | opt_step=54450/172211 | micro_step=435600/1377681 | stage=stage2 | span=1 | train_loss=2.6291 | lr=0.000165811 | cpu_batch_ms=0.9 | provider_batch_ms=299.7 | prefetch_q=100 | elapsed=215420.1s
progress | opt_step=54475/172211 | micro_step=435800/1377681 | stage=stage2 | span=1 | train_loss=2.7509 | lr=0.000165765 | cpu_batch_ms=0.9 | provider_batch_ms=315.8 | prefetch_q=99 | elapsed=215513.8s
progress | opt_step=54500/172211 | micro_step=436000/1377681 | stage=stage2 | span=1 | train_loss=2.9163 | lr=0.000165718 | cpu_batch_ms=0.9 | provider_batch_ms=327.8 | prefetch_q=100 | elapsed=215607.2s
progress | opt_step=54525/172211 | micro_step=436200/1377681 | stage=stage2 | span=1 | train_loss=2.8697 | lr=0.000165672 | cpu_batch_ms=0.9 | provider_batch_ms=267.1 | prefetch_q=99 | elapsed=215722.0s
progress | opt_step=54550/172211 | micro_step=436400/1377681 | stage=stage2 | span=1 | train_loss=2.8751 | lr=0.000165626 | cpu_batch_ms=0.9 | provider_batch_ms=312.4 | prefetch_q=97 | elapsed=215815.4s
progress | opt_step=54575/172211 | micro_step=436600/1377681 | stage=stage2 | span=1 | train_loss=2.9414 | lr=0.00016558 | cpu_batch_ms=0.9 | provider_batch_ms=326.0 | prefetch_q=100 | elapsed=215908.5s
progress | opt_step=54600/172211 | micro_step=436800/1377681 | stage=stage2 | span=1 | train_loss=2.9512 | lr=0.000165533 | cpu_batch_ms=0.9 | provider_batch_ms=332.6 | prefetch_q=97 | elapsed=216002.0s
eval | opt_step=54600 | micro_step=436800 | train_loss=2.9512 | val_loss=2.9181 | val_ppl=18.51
progress | opt_step=54625/172211 | micro_step=437000/1377681 | stage=stage2 | span=1 | train_loss=2.4959 | lr=0.000165487 | cpu_batch_ms=0.9 | provider_batch_ms=255.2 | prefetch_q=100 | elapsed=216120.1s
progress | opt_step=54650/172211 | micro_step=437200/1377681 | stage=stage2 | span=1 | train_loss=2.7578 | lr=0.00016544 | cpu_batch_ms=0.9 | provider_batch_ms=298.7 | prefetch_q=100 | elapsed=216214.6s
progress | opt_step=54675/172211 | micro_step=437400/1377681 | stage=stage2 | span=1 | train_loss=2.6012 | lr=0.000165394 | cpu_batch_ms=0.9 | provider_batch_ms=314.7 | prefetch_q=100 | elapsed=216307.9s
progress | opt_step=54700/172211 | micro_step=437600/1377681 | stage=stage2 | span=1 | train_loss=2.5354 | lr=0.000165348 | cpu_batch_ms=0.9 | provider_batch_ms=320.9 | prefetch_q=96 | elapsed=216400.9s
progress | opt_step=54725/172211 | micro_step=437800/1377681 | stage=stage2 | span=1 | train_loss=2.6293 | lr=0.000165301 | cpu_batch_ms=0.9 | provider_batch_ms=258.3 | prefetch_q=99 | elapsed=216516.1s
progress | opt_step=54750/172211 | micro_step=438000/1377681 | stage=stage2 | span=1 | train_loss=2.9023 | lr=0.000165255 | cpu_batch_ms=0.9 | provider_batch_ms=311.2 | prefetch_q=97 | elapsed=216609.6s
progress | opt_step=54775/172211 | micro_step=438200/1377681 | stage=stage2 | span=1 | train_loss=2.9449 | lr=0.000165208 | cpu_batch_ms=0.9 | provider_batch_ms=324.4 | prefetch_q=98 | elapsed=216703.0s
progress | opt_step=54800/172211 | micro_step=438400/1377681 | stage=stage2 | span=1 | train_loss=3.1725 | lr=0.000165162 | cpu_batch_ms=0.9 | provider_batch_ms=330.9 | prefetch_q=100 | elapsed=216796.0s
eval | opt_step=54800 | micro_step=438400 | train_loss=3.1725 | val_loss=2.9120 | val_ppl=18.39
progress | opt_step=54825/172211 | micro_step=438600/1377681 | stage=stage2 | span=1 | train_loss=1.9682 | lr=0.000165115 | cpu_batch_ms=0.9 | provider_batch_ms=251.8 | prefetch_q=98 | elapsed=216912.5s
progress | opt_step=54850/172211 | micro_step=438800/1377681 | stage=stage2 | span=1 | train_loss=2.6424 | lr=0.000165068 | cpu_batch_ms=0.9 | provider_batch_ms=290.5 | prefetch_q=100 | elapsed=217005.5s
progress | opt_step=54875/172211 | micro_step=439000/1377681 | stage=stage2 | span=1 | train_loss=2.3159 | lr=0.000165022 | cpu_batch_ms=0.9 | provider_batch_ms=309.7 | prefetch_q=100 | elapsed=217098.5s
progress | opt_step=54900/172211 | micro_step=439200/1377681 | stage=stage2 | span=1 | train_loss=2.4669 | lr=0.000164975 | cpu_batch_ms=0.9 | provider_batch_ms=323.6 | prefetch_q=100 | elapsed=217191.7s
progress | opt_step=54925/172211 | micro_step=439400/1377681 | stage=stage2 | span=1 | train_loss=2.5013 | lr=0.000164929 | cpu_batch_ms=0.9 | provider_batch_ms=248.4 | prefetch_q=99 | elapsed=217305.9s
progress | opt_step=54950/172211 | micro_step=439600/1377681 | stage=stage2 | span=1 | train_loss=2.4623 | lr=0.000164882 | cpu_batch_ms=0.9 | provider_batch_ms=288.6 | prefetch_q=99 | elapsed=217399.3s
progress | opt_step=54975/172211 | micro_step=439800/1377681 | stage=stage2 | span=1 | train_loss=3.0760 | lr=0.000164835 | cpu_batch_ms=0.9 | provider_batch_ms=313.4 | prefetch_q=97 | elapsed=217492.8s
progress | opt_step=55000/172211 | micro_step=440000/1377681 | stage=stage2 | span=1 | train_loss=2.5270 | lr=0.000164789 | cpu_batch_ms=0.9 | provider_batch_ms=328.2 | prefetch_q=100 | elapsed=217587.4s
eval | opt_step=55000 | micro_step=440000 | train_loss=2.5270 | val_loss=2.9062 | val_ppl=18.29
progress | opt_step=55025/172211 | micro_step=440200/1377681 | stage=stage2 | span=1 | train_loss=2.2127 | lr=0.000164742 | cpu_batch_ms=0.9 | provider_batch_ms=250.3 | prefetch_q=98 | elapsed=217721.7s
progress | opt_step=55050/172211 | micro_step=440400/1377681 | stage=stage2 | span=1 | train_loss=2.5478 | lr=0.000164695 | cpu_batch_ms=0.9 | provider_batch_ms=294.3 | prefetch_q=98 | elapsed=217815.2s
progress | opt_step=55075/172211 | micro_step=440600/1377681 | stage=stage2 | span=1 | train_loss=2.8847 | lr=0.000164648 | cpu_batch_ms=0.9 | provider_batch_ms=314.0 | prefetch_q=100 | elapsed=217908.7s
progress | opt_step=55100/172211 | micro_step=440800/1377681 | stage=stage2 | span=1 | train_loss=2.8029 | lr=0.000164601 | cpu_batch_ms=0.9 | provider_batch_ms=325.0 | prefetch_q=97 | elapsed=218002.4s
progress | opt_step=55125/172211 | micro_step=441000/1377681 | stage=stage2 | span=1 | train_loss=2.5255 | lr=0.000164555 | cpu_batch_ms=0.9 | provider_batch_ms=242.9 | prefetch_q=100 | elapsed=218116.5s
progress | opt_step=55150/172211 | micro_step=441200/1377681 | stage=stage2 | span=1 | train_loss=2.4467 | lr=0.000164508 | cpu_batch_ms=0.9 | provider_batch_ms=298.7 | prefetch_q=100 | elapsed=218210.1s
progress | opt_step=55175/172211 | micro_step=441400/1377681 | stage=stage2 | span=1 | train_loss=2.6378 | lr=0.000164461 | cpu_batch_ms=0.9 | provider_batch_ms=331.7 | prefetch_q=100 | elapsed=218304.4s
progress | opt_step=55200/172211 | micro_step=441600/1377681 | stage=stage2 | span=1 | train_loss=2.8768 | lr=0.000164414 | cpu_batch_ms=0.9 | provider_batch_ms=339.7 | prefetch_q=99 | elapsed=218397.4s
eval | opt_step=55200 | micro_step=441600 | train_loss=2.8768 | val_loss=2.8936 | val_ppl=18.06
progress | opt_step=55225/172211 | micro_step=441800/1377681 | stage=stage2 | span=1 | train_loss=2.7344 | lr=0.000164367 | cpu_batch_ms=0.9 | provider_batch_ms=255.6 | prefetch_q=100 | elapsed=218535.4s
progress | opt_step=55250/172211 | micro_step=442000/1377681 | stage=stage2 | span=1 | train_loss=2.2376 | lr=0.00016432 | cpu_batch_ms=0.9 | provider_batch_ms=295.8 | prefetch_q=100 | elapsed=218629.0s
progress | opt_step=55275/172211 | micro_step=442200/1377681 | stage=stage2 | span=1 | train_loss=2.1823 | lr=0.000164273 | cpu_batch_ms=0.9 | provider_batch_ms=315.0 | prefetch_q=100 | elapsed=218723.3s
progress | opt_step=55300/172211 | micro_step=442400/1377681 | stage=stage2 | span=1 | train_loss=3.4153 | lr=0.000164226 | cpu_batch_ms=0.9 | provider_batch_ms=329.9 | prefetch_q=99 | elapsed=218816.8s
progress | opt_step=55325/172211 | micro_step=442600/1377681 | stage=stage2 | span=1 | train_loss=2.8994 | lr=0.000164179 | cpu_batch_ms=0.9 | provider_batch_ms=264.1 | prefetch_q=100 | elapsed=218933.2s
progress | opt_step=55350/172211 | micro_step=442800/1377681 | stage=stage2 | span=1 | train_loss=2.6652 | lr=0.000164132 | cpu_batch_ms=0.9 | provider_batch_ms=297.8 | prefetch_q=100 | elapsed=219026.2s
progress | opt_step=55375/172211 | micro_step=443000/1377681 | stage=stage2 | span=1 | train_loss=2.5752 | lr=0.000164085 | cpu_batch_ms=0.9 | provider_batch_ms=318.0 | prefetch_q=100 | elapsed=219119.7s
progress | opt_step=55400/172211 | micro_step=443200/1377681 | stage=stage2 | span=1 | train_loss=2.8102 | lr=0.000164038 | cpu_batch_ms=0.9 | provider_batch_ms=323.2 | prefetch_q=100 | elapsed=219212.6s
eval | opt_step=55400 | micro_step=443200 | train_loss=2.8102 | val_loss=2.8961 | val_ppl=18.10
progress | opt_step=55425/172211 | micro_step=443400/1377681 | stage=stage2 | span=1 | train_loss=2.5158 | lr=0.000163991 | cpu_batch_ms=0.9 | provider_batch_ms=237.5 | prefetch_q=98 | elapsed=219327.0s
progress | opt_step=55450/172211 | micro_step=443600/1377681 | stage=stage2 | span=1 | train_loss=2.9541 | lr=0.000163944 | cpu_batch_ms=0.9 | provider_batch_ms=285.9 | prefetch_q=98 | elapsed=219419.8s
progress | opt_step=55475/172211 | micro_step=443800/1377681 | stage=stage2 | span=1 | train_loss=2.9438 | lr=0.000163896 | cpu_batch_ms=0.9 | provider_batch_ms=311.2 | prefetch_q=100 | elapsed=219513.2s
progress | opt_step=55500/172211 | micro_step=444000/1377681 | stage=stage2 | span=1 | train_loss=2.7437 | lr=0.000163849 | cpu_batch_ms=0.9 | provider_batch_ms=319.6 | prefetch_q=96 | elapsed=219606.2s
progress | opt_step=55525/172211 | micro_step=444200/1377681 | stage=stage2 | span=1 | train_loss=2.7711 | lr=0.000163802 | cpu_batch_ms=0.9 | provider_batch_ms=252.0 | prefetch_q=91 | elapsed=219720.5s
progress | opt_step=55550/172211 | micro_step=444400/1377681 | stage=stage2 | span=1 | train_loss=2.7686 | lr=0.000163755 | cpu_batch_ms=0.9 | provider_batch_ms=303.2 | prefetch_q=96 | elapsed=219813.8s
progress | opt_step=55575/172211 | micro_step=444600/1377681 | stage=stage2 | span=1 | train_loss=2.7865 | lr=0.000163708 | cpu_batch_ms=0.9 | provider_batch_ms=317.1 | prefetch_q=98 | elapsed=219906.6s
progress | opt_step=55600/172211 | micro_step=444800/1377681 | stage=stage2 | span=1 | train_loss=2.6472 | lr=0.00016366 | cpu_batch_ms=0.9 | provider_batch_ms=328.5 | prefetch_q=100 | elapsed=219999.3s
eval | opt_step=55600 | micro_step=444800 | train_loss=2.6472 | val_loss=2.8919 | val_ppl=18.03
progress | opt_step=55625/172211 | micro_step=445000/1377681 | stage=stage2 | span=1 | train_loss=2.4579 | lr=0.000163613 | cpu_batch_ms=0.9 | provider_batch_ms=246.2 | prefetch_q=100 | elapsed=220140.3s
progress | opt_step=55650/172211 | micro_step=445200/1377681 | stage=stage2 | span=1 | train_loss=2.4935 | lr=0.000163566 | cpu_batch_ms=0.9 | provider_batch_ms=299.7 | prefetch_q=96 | elapsed=220233.5s
progress | opt_step=55675/172211 | micro_step=445400/1377681 | stage=stage2 | span=1 | train_loss=2.7683 | lr=0.000163518 | cpu_batch_ms=0.9 | provider_batch_ms=317.1 | prefetch_q=99 | elapsed=220326.5s
progress | opt_step=55700/172211 | micro_step=445600/1377681 | stage=stage2 | span=1 | train_loss=2.8614 | lr=0.000163471 | cpu_batch_ms=0.9 | provider_batch_ms=325.6 | prefetch_q=98 | elapsed=220419.6s
progress | opt_step=55725/172211 | micro_step=445800/1377681 | stage=stage2 | span=1 | train_loss=2.3112 | lr=0.000163424 | cpu_batch_ms=0.9 | provider_batch_ms=213.3 | prefetch_q=100 | elapsed=220533.5s
progress | opt_step=55750/172211 | micro_step=446000/1377681 | stage=stage2 | span=1 | train_loss=2.9379 | lr=0.000163376 | cpu_batch_ms=0.9 | provider_batch_ms=259.2 | prefetch_q=100 | elapsed=220626.3s
progress | opt_step=55775/172211 | micro_step=446200/1377681 | stage=stage2 | span=1 | train_loss=2.6714 | lr=0.000163329 | cpu_batch_ms=0.9 | provider_batch_ms=291.6 | prefetch_q=100 | elapsed=220719.3s
progress | opt_step=55800/172211 | micro_step=446400/1377681 | stage=stage2 | span=1 | train_loss=2.3773 | lr=0.000163281 | cpu_batch_ms=0.9 | provider_batch_ms=305.3 | prefetch_q=96 | elapsed=220812.2s
eval | opt_step=55800 | micro_step=446400 | train_loss=2.3773 | val_loss=2.9050 | val_ppl=18.27
progress | opt_step=55825/172211 | micro_step=446600/1377681 | stage=stage2 | span=1 | train_loss=2.5947 | lr=0.000163234 | cpu_batch_ms=0.9 | provider_batch_ms=248.1 | prefetch_q=96 | elapsed=220929.1s
progress | opt_step=55850/172211 | micro_step=446800/1377681 | stage=stage2 | span=1 | train_loss=2.5455 | lr=0.000163186 | cpu_batch_ms=0.9 | provider_batch_ms=294.5 | prefetch_q=100 | elapsed=221021.6s
progress | opt_step=55875/172211 | micro_step=447000/1377681 | stage=stage2 | span=1 | train_loss=2.9684 | lr=0.000163139 | cpu_batch_ms=0.9 | provider_batch_ms=308.6 | prefetch_q=99 | elapsed=221114.9s
progress | opt_step=55900/172211 | micro_step=447200/1377681 | stage=stage2 | span=1 | train_loss=2.3219 | lr=0.000163091 | cpu_batch_ms=0.9 | provider_batch_ms=314.0 | prefetch_q=98 | elapsed=221207.3s
progress | opt_step=55925/172211 | micro_step=447400/1377681 | stage=stage2 | span=1 | train_loss=2.0165 | lr=0.000163044 | cpu_batch_ms=0.9 | provider_batch_ms=256.1 | prefetch_q=100 | elapsed=221322.6s
progress | opt_step=55950/172211 | micro_step=447600/1377681 | stage=stage2 | span=1 | train_loss=2.7844 | lr=0.000162996 | cpu_batch_ms=0.9 | provider_batch_ms=308.6 | prefetch_q=99 | elapsed=221416.3s
progress | opt_step=55975/172211 | micro_step=447800/1377681 | stage=stage2 | span=1 | train_loss=2.7256 | lr=0.000162948 | cpu_batch_ms=0.9 | provider_batch_ms=323.3 | prefetch_q=99 | elapsed=221509.7s
progress | opt_step=56000/172211 | micro_step=448000/1377681 | stage=stage2 | span=1 | train_loss=2.7549 | lr=0.000162901 | cpu_batch_ms=0.9 | provider_batch_ms=337.8 | prefetch_q=100 | elapsed=221602.9s
eval | opt_step=56000 | micro_step=448000 | train_loss=2.7549 | val_loss=2.9103 | val_ppl=18.36
progress | opt_step=56025/172211 | micro_step=448200/1377681 | stage=stage2 | span=1 | train_loss=2.0091 | lr=0.000162853 | cpu_batch_ms=0.9 | provider_batch_ms=248.0 | prefetch_q=100 | elapsed=221719.1s
progress | opt_step=56050/172211 | micro_step=448400/1377681 | stage=stage2 | span=1 | train_loss=2.9835 | lr=0.000162805 | cpu_batch_ms=0.9 | provider_batch_ms=293.1 | prefetch_q=98 | elapsed=221812.5s
progress | opt_step=56075/172211 | micro_step=448600/1377681 | stage=stage2 | span=1 | train_loss=2.5761 | lr=0.000162758 | cpu_batch_ms=0.9 | provider_batch_ms=321.7 | prefetch_q=100 | elapsed=221906.0s
progress | opt_step=56100/172211 | micro_step=448800/1377681 | stage=stage2 | span=1 | train_loss=2.4623 | lr=0.00016271 | cpu_batch_ms=0.9 | provider_batch_ms=327.6 | prefetch_q=100 | elapsed=221998.9s
progress | opt_step=56125/172211 | micro_step=449000/1377681 | stage=stage2 | span=1 | train_loss=2.9834 | lr=0.000162662 | cpu_batch_ms=0.9 | provider_batch_ms=259.8 | prefetch_q=99 | elapsed=222113.5s
progress | opt_step=56150/172211 | micro_step=449200/1377681 | stage=stage2 | span=1 | train_loss=2.8038 | lr=0.000162614 | cpu_batch_ms=0.9 | provider_batch_ms=308.8 | prefetch_q=100 | elapsed=222207.8s
progress | opt_step=56175/172211 | micro_step=449400/1377681 | stage=stage2 | span=1 | train_loss=2.1689 | lr=0.000162567 | cpu_batch_ms=0.9 | provider_batch_ms=324.3 | prefetch_q=100 | elapsed=222300.8s
progress | opt_step=56200/172211 | micro_step=449600/1377681 | stage=stage2 | span=1 | train_loss=2.2556 | lr=0.000162519 | cpu_batch_ms=0.9 | provider_batch_ms=339.6 | prefetch_q=98 | elapsed=222393.9s
eval | opt_step=56200 | micro_step=449600 | train_loss=2.2556 | val_loss=2.9003 | val_ppl=18.18
progress | opt_step=56225/172211 | micro_step=449800/1377681 | stage=stage2 | span=1 | train_loss=3.0835 | lr=0.000162471 | cpu_batch_ms=0.9 | provider_batch_ms=261.2 | prefetch_q=100 | elapsed=222514.9s
progress | opt_step=56250/172211 | micro_step=450000/1377681 | stage=stage2 | span=1 | train_loss=2.2765 | lr=0.000162423 | cpu_batch_ms=0.9 | provider_batch_ms=300.6 | prefetch_q=100 | elapsed=222608.1s
progress | opt_step=56275/172211 | micro_step=450200/1377681 | stage=stage2 | span=1 | train_loss=2.8636 | lr=0.000162375 | cpu_batch_ms=0.9 | provider_batch_ms=320.0 | prefetch_q=100 | elapsed=222701.8s
progress | opt_step=56300/172211 | micro_step=450400/1377681 | stage=stage2 | span=1 | train_loss=2.6542 | lr=0.000162327 | cpu_batch_ms=0.9 | provider_batch_ms=329.9 | prefetch_q=100 | elapsed=222794.4s
progress | opt_step=56325/172211 | micro_step=450600/1377681 | stage=stage2 | span=1 | train_loss=2.4993 | lr=0.000162279 | cpu_batch_ms=0.9 | provider_batch_ms=228.6 | prefetch_q=100 | elapsed=222908.9s
progress | opt_step=56350/172211 | micro_step=450800/1377681 | stage=stage2 | span=1 | train_loss=2.7844 | lr=0.000162231 | cpu_batch_ms=0.9 | provider_batch_ms=285.9 | prefetch_q=99 | elapsed=223001.7s
progress | opt_step=56375/172211 | micro_step=451000/1377681 | stage=stage2 | span=1 | train_loss=2.6154 | lr=0.000162183 | cpu_batch_ms=0.9 | provider_batch_ms=306.9 | prefetch_q=99 | elapsed=223095.0s
progress | opt_step=56400/172211 | micro_step=451200/1377681 | stage=stage2 | span=1 | train_loss=2.2557 | lr=0.000162135 | cpu_batch_ms=0.9 | provider_batch_ms=317.2 | prefetch_q=100 | elapsed=223188.3s
eval | opt_step=56400 | micro_step=451200 | train_loss=2.2557 | val_loss=2.8891 | val_ppl=17.98
progress | opt_step=56425/172211 | micro_step=451400/1377681 | stage=stage2 | span=1 | train_loss=2.6634 | lr=0.000162087 | cpu_batch_ms=0.9 | provider_batch_ms=248.4 | prefetch_q=99 | elapsed=223327.3s
progress | opt_step=56450/172211 | micro_step=451600/1377681 | stage=stage2 | span=1 | train_loss=2.7700 | lr=0.000162039 | cpu_batch_ms=0.9 | provider_batch_ms=282.8 | prefetch_q=100 | elapsed=223420.3s
progress | opt_step=56475/172211 | micro_step=451800/1377681 | stage=stage2 | span=1 | train_loss=2.7380 | lr=0.000161991 | cpu_batch_ms=0.9 | provider_batch_ms=304.7 | prefetch_q=99 | elapsed=223513.6s
progress | opt_step=56500/172211 | micro_step=452000/1377681 | stage=stage2 | span=1 | train_loss=2.8600 | lr=0.000161943 | cpu_batch_ms=0.9 | provider_batch_ms=321.9 | prefetch_q=100 | elapsed=223606.6s
progress | opt_step=56525/172211 | micro_step=452200/1377681 | stage=stage2 | span=1 | train_loss=2.6741 | lr=0.000161895 | cpu_batch_ms=0.9 | provider_batch_ms=239.7 | prefetch_q=100 | elapsed=223721.4s
progress | opt_step=56550/172211 | micro_step=452400/1377681 | stage=stage2 | span=1 | train_loss=2.3758 | lr=0.000161847 | cpu_batch_ms=0.9 | provider_batch_ms=290.7 | prefetch_q=100 | elapsed=223815.3s
progress | opt_step=56575/172211 | micro_step=452600/1377681 | stage=stage2 | span=1 | train_loss=3.0263 | lr=0.000161799 | cpu_batch_ms=0.9 | provider_batch_ms=311.5 | prefetch_q=100 | elapsed=223908.8s
progress | opt_step=56600/172211 | micro_step=452800/1377681 | stage=stage2 | span=1 | train_loss=2.8456 | lr=0.00016175 | cpu_batch_ms=0.9 | provider_batch_ms=316.7 | prefetch_q=99 | elapsed=224001.8s
eval | opt_step=56600 | micro_step=452800 | train_loss=2.8456 | val_loss=2.8995 | val_ppl=18.17
progress | opt_step=56625/172211 | micro_step=453000/1377681 | stage=stage2 | span=1 | train_loss=2.8692 | lr=0.000161702 | cpu_batch_ms=0.9 | provider_batch_ms=247.5 | prefetch_q=100 | elapsed=224119.1s
progress | opt_step=56650/172211 | micro_step=453200/1377681 | stage=stage2 | span=1 | train_loss=2.5299 | lr=0.000161654 | cpu_batch_ms=0.9 | provider_batch_ms=300.2 | prefetch_q=100 | elapsed=224212.7s
progress | opt_step=56675/172211 | micro_step=453400/1377681 | stage=stage2 | span=1 | train_loss=2.2877 | lr=0.000161606 | cpu_batch_ms=0.9 | provider_batch_ms=322.1 | prefetch_q=96 | elapsed=224306.4s
progress | opt_step=56700/172211 | micro_step=453600/1377681 | stage=stage2 | span=1 | train_loss=2.5577 | lr=0.000161558 | cpu_batch_ms=0.9 | provider_batch_ms=334.7 | prefetch_q=99 | elapsed=224399.5s
progress | opt_step=56725/172211 | micro_step=453800/1377681 | stage=stage2 | span=1 | train_loss=2.4515 | lr=0.000161509 | cpu_batch_ms=0.9 | provider_batch_ms=250.0 | prefetch_q=97 | elapsed=224515.0s
progress | opt_step=56750/172211 | micro_step=454000/1377681 | stage=stage2 | span=1 | train_loss=2.6616 | lr=0.000161461 | cpu_batch_ms=0.9 | provider_batch_ms=285.8 | prefetch_q=100 | elapsed=224608.3s
progress | opt_step=56775/172211 | micro_step=454200/1377681 | stage=stage2 | span=1 | train_loss=2.8169 | lr=0.000161413 | cpu_batch_ms=0.9 | provider_batch_ms=306.7 | prefetch_q=99 | elapsed=224702.0s
progress | opt_step=56800/172211 | micro_step=454400/1377681 | stage=stage2 | span=1 | train_loss=2.6294 | lr=0.000161364 | cpu_batch_ms=0.9 | provider_batch_ms=326.1 | prefetch_q=100 | elapsed=224795.1s
eval | opt_step=56800 | micro_step=454400 | train_loss=2.6294 | val_loss=2.8913 | val_ppl=18.02
progress | opt_step=56825/172211 | micro_step=454600/1377681 | stage=stage2 | span=1 | train_loss=2.5789 | lr=0.000161316 | cpu_batch_ms=0.9 | provider_batch_ms=244.8 | prefetch_q=99 | elapsed=224910.5s
progress | opt_step=56850/172211 | micro_step=454800/1377681 | stage=stage2 | span=1 | train_loss=2.2171 | lr=0.000161267 | cpu_batch_ms=0.9 | provider_batch_ms=294.6 | prefetch_q=98 | elapsed=225003.5s
progress | opt_step=56875/172211 | micro_step=455000/1377681 | stage=stage2 | span=1 | train_loss=3.0133 | lr=0.000161219 | cpu_batch_ms=0.9 | provider_batch_ms=310.3 | prefetch_q=98 | elapsed=225096.4s
progress | opt_step=56900/172211 | micro_step=455200/1377681 | stage=stage2 | span=1 | train_loss=2.8291 | lr=0.000161171 | cpu_batch_ms=0.9 | provider_batch_ms=323.1 | prefetch_q=98 | elapsed=225189.7s
progress | opt_step=56925/172211 | micro_step=455400/1377681 | stage=stage2 | span=1 | train_loss=2.6222 | lr=0.000161122 | cpu_batch_ms=0.9 | provider_batch_ms=237.6 | prefetch_q=100 | elapsed=225304.3s
progress | opt_step=56950/172211 | micro_step=455600/1377681 | stage=stage2 | span=1 | train_loss=2.7013 | lr=0.000161074 | cpu_batch_ms=0.9 | provider_batch_ms=286.2 | prefetch_q=97 | elapsed=225398.2s
progress | opt_step=56975/172211 | micro_step=455800/1377681 | stage=stage2 | span=1 | train_loss=2.7912 | lr=0.000161025 | cpu_batch_ms=0.9 | provider_batch_ms=306.2 | prefetch_q=100 | elapsed=225491.6s
progress | opt_step=57000/172211 | micro_step=456000/1377681 | stage=stage2 | span=1 | train_loss=2.7547 | lr=0.000160977 | cpu_batch_ms=0.9 | provider_batch_ms=324.8 | prefetch_q=98 | elapsed=225585.1s
eval | opt_step=57000 | micro_step=456000 | train_loss=2.7547 | val_loss=2.8920 | val_ppl=18.03
progress | opt_step=57025/172211 | micro_step=456200/1377681 | stage=stage2 | span=1 | train_loss=2.8915 | lr=0.000160928 | cpu_batch_ms=0.9 | provider_batch_ms=251.4 | prefetch_q=100 | elapsed=225701.4s
progress | opt_step=57050/172211 | micro_step=456400/1377681 | stage=stage2 | span=1 | train_loss=2.7198 | lr=0.000160879 | cpu_batch_ms=0.9 | provider_batch_ms=312.5 | prefetch_q=95 | elapsed=225795.8s
progress | opt_step=57075/172211 | micro_step=456600/1377681 | stage=stage2 | span=1 | train_loss=2.5579 | lr=0.000160831 | cpu_batch_ms=0.9 | provider_batch_ms=316.2 | prefetch_q=100 | elapsed=225888.1s
progress | opt_step=57100/172211 | micro_step=456800/1377681 | stage=stage2 | span=1 | train_loss=2.7465 | lr=0.000160782 | cpu_batch_ms=0.9 | provider_batch_ms=328.1 | prefetch_q=98 | elapsed=225981.1s
progress | opt_step=57125/172211 | micro_step=457000/1377681 | stage=stage2 | span=1 | train_loss=2.6978 | lr=0.000160734 | cpu_batch_ms=0.9 | provider_batch_ms=268.8 | prefetch_q=100 | elapsed=226097.8s
progress | opt_step=57150/172211 | micro_step=457200/1377681 | stage=stage2 | span=1 | train_loss=2.9411 | lr=0.000160685 | cpu_batch_ms=0.9 | provider_batch_ms=321.8 | prefetch_q=100 | elapsed=226192.2s
progress | opt_step=57175/172211 | micro_step=457400/1377681 | stage=stage2 | span=1 | train_loss=2.6246 | lr=0.000160636 | cpu_batch_ms=0.9 | provider_batch_ms=331.3 | prefetch_q=100 | elapsed=226285.4s
progress | opt_step=57200/172211 | micro_step=457600/1377681 | stage=stage2 | span=1 | train_loss=2.8517 | lr=0.000160588 | cpu_batch_ms=0.9 | provider_batch_ms=343.7 | prefetch_q=94 | elapsed=226378.6s
eval | opt_step=57200 | micro_step=457600 | train_loss=2.8517 | val_loss=2.8998 | val_ppl=18.17
progress | opt_step=57225/172211 | micro_step=457800/1377681 | stage=stage2 | span=1 | train_loss=2.5551 | lr=0.000160539 | cpu_batch_ms=0.9 | provider_batch_ms=237.7 | prefetch_q=100 | elapsed=226497.1s
progress | opt_step=57250/172211 | micro_step=458000/1377681 | stage=stage2 | span=1 | train_loss=3.0078 | lr=0.00016049 | cpu_batch_ms=0.9 | provider_batch_ms=296.6 | prefetch_q=98 | elapsed=226590.7s
progress | opt_step=57275/172211 | micro_step=458200/1377681 | stage=stage2 | span=1 | train_loss=2.5242 | lr=0.000160441 | cpu_batch_ms=0.9 | provider_batch_ms=319.6 | prefetch_q=100 | elapsed=226684.5s
progress | opt_step=57300/172211 | micro_step=458400/1377681 | stage=stage2 | span=1 | train_loss=2.7731 | lr=0.000160392 | cpu_batch_ms=0.9 | provider_batch_ms=328.2 | prefetch_q=95 | elapsed=226777.0s
progress | opt_step=57325/172211 | micro_step=458600/1377681 | stage=stage2 | span=1 | train_loss=2.2025 | lr=0.000160344 | cpu_batch_ms=0.9 | provider_batch_ms=235.8 | prefetch_q=100 | elapsed=226893.8s
progress | opt_step=57350/172211 | micro_step=458800/1377681 | stage=stage2 | span=1 | train_loss=2.4008 | lr=0.000160295 | cpu_batch_ms=0.9 | provider_batch_ms=295.2 | prefetch_q=100 | elapsed=226986.9s
progress | opt_step=57375/172211 | micro_step=459000/1377681 | stage=stage2 | span=1 | train_loss=2.9353 | lr=0.000160246 | cpu_batch_ms=0.9 | provider_batch_ms=318.2 | prefetch_q=100 | elapsed=227080.2s
progress | opt_step=57400/172211 | micro_step=459200/1377681 | stage=stage2 | span=1 | train_loss=2.7285 | lr=0.000160197 | cpu_batch_ms=0.9 | provider_batch_ms=329.6 | prefetch_q=98 | elapsed=227173.5s
eval | opt_step=57400 | micro_step=459200 | train_loss=2.7285 | val_loss=2.8884 | val_ppl=17.97
progress | opt_step=57425/172211 | micro_step=459400/1377681 | stage=stage2 | span=1 | train_loss=2.5260 | lr=0.000160148 | cpu_batch_ms=0.9 | provider_batch_ms=246.9 | prefetch_q=100 | elapsed=227316.2s
progress | opt_step=57450/172211 | micro_step=459600/1377681 | stage=stage2 | span=1 | train_loss=2.6293 | lr=0.000160099 | cpu_batch_ms=0.9 | provider_batch_ms=303.6 | prefetch_q=100 | elapsed=227409.6s
progress | opt_step=57475/172211 | micro_step=459800/1377681 | stage=stage2 | span=1 | train_loss=2.7881 | lr=0.00016005 | cpu_batch_ms=0.9 | provider_batch_ms=332.3 | prefetch_q=94 | elapsed=227502.7s
progress | opt_step=57500/172211 | micro_step=460000/1377681 | stage=stage2 | span=1 | train_loss=2.6906 | lr=0.000160001 | cpu_batch_ms=0.9 | provider_batch_ms=343.5 | prefetch_q=100 | elapsed=227595.5s
progress | opt_step=57525/172211 | micro_step=460200/1377681 | stage=stage2 | span=1 | train_loss=2.5143 | lr=0.000159952 | cpu_batch_ms=0.9 | provider_batch_ms=269.2 | prefetch_q=100 | elapsed=227711.4s
progress | opt_step=57550/172211 | micro_step=460400/1377681 | stage=stage2 | span=1 | train_loss=2.7124 | lr=0.000159903 | cpu_batch_ms=0.9 | provider_batch_ms=312.5 | prefetch_q=99 | elapsed=227805.2s
progress | opt_step=57575/172211 | micro_step=460600/1377681 | stage=stage2 | span=1 | train_loss=2.0626 | lr=0.000159854 | cpu_batch_ms=0.9 | provider_batch_ms=325.4 | prefetch_q=100 | elapsed=227897.5s
progress | opt_step=57600/172211 | micro_step=460800/1377681 | stage=stage2 | span=1 | train_loss=2.5766 | lr=0.000159805 | cpu_batch_ms=0.9 | provider_batch_ms=333.1 | prefetch_q=100 | elapsed=227990.3s
eval | opt_step=57600 | micro_step=460800 | train_loss=2.5766 | val_loss=2.8994 | val_ppl=18.16
progress | opt_step=57625/172211 | micro_step=461000/1377681 | stage=stage2 | span=1 | train_loss=2.9494 | lr=0.000159756 | cpu_batch_ms=0.9 | provider_batch_ms=256.9 | prefetch_q=99 | elapsed=228111.0s
progress | opt_step=57650/172211 | micro_step=461200/1377681 | stage=stage2 | span=1 | train_loss=2.5869 | lr=0.000159707 | cpu_batch_ms=0.9 | provider_batch_ms=306.6 | prefetch_q=100 | elapsed=228204.4s
progress | opt_step=57675/172211 | micro_step=461400/1377681 | stage=stage2 | span=1 | train_loss=2.6316 | lr=0.000159658 | cpu_batch_ms=0.9 | provider_batch_ms=329.1 | prefetch_q=100 | elapsed=228298.1s
progress | opt_step=57700/172211 | micro_step=461600/1377681 | stage=stage2 | span=1 | train_loss=2.7039 | lr=0.000159609 | cpu_batch_ms=0.9 | provider_batch_ms=341.8 | prefetch_q=96 | elapsed=228391.6s
progress | opt_step=57725/172211 | micro_step=461800/1377681 | stage=stage2 | span=1 | train_loss=2.3791 | lr=0.00015956 | cpu_batch_ms=0.9 | provider_batch_ms=255.4 | prefetch_q=93 | elapsed=228512.1s
progress | opt_step=57750/172211 | micro_step=462000/1377681 | stage=stage2 | span=1 | train_loss=2.6854 | lr=0.00015951 | cpu_batch_ms=0.9 | provider_batch_ms=304.7 | prefetch_q=100 | elapsed=228606.0s
progress | opt_step=57775/172211 | micro_step=462200/1377681 | stage=stage2 | span=1 | train_loss=2.6979 | lr=0.000159461 | cpu_batch_ms=0.9 | provider_batch_ms=318.7 | prefetch_q=100 | elapsed=228699.0s
progress | opt_step=57800/172211 | micro_step=462400/1377681 | stage=stage2 | span=1 | train_loss=3.0369 | lr=0.000159412 | cpu_batch_ms=0.9 | provider_batch_ms=327.2 | prefetch_q=100 | elapsed=228791.9s
eval | opt_step=57800 | micro_step=462400 | train_loss=3.0369 | val_loss=2.8992 | val_ppl=18.16
progress | opt_step=57825/172211 | micro_step=462600/1377681 | stage=stage2 | span=1 | train_loss=2.1479 | lr=0.000159363 | cpu_batch_ms=0.9 | provider_batch_ms=240.5 | prefetch_q=94 | elapsed=228914.6s
progress | opt_step=57850/172211 | micro_step=462800/1377681 | stage=stage2 | span=1 | train_loss=3.0925 | lr=0.000159314 | cpu_batch_ms=0.9 | provider_batch_ms=289.8 | prefetch_q=100 | elapsed=229008.4s
progress | opt_step=57875/172211 | micro_step=463000/1377681 | stage=stage2 | span=1 | train_loss=2.8795 | lr=0.000159264 | cpu_batch_ms=0.9 | provider_batch_ms=312.4 | prefetch_q=99 | elapsed=229101.9s
progress | opt_step=57900/172211 | micro_step=463200/1377681 | stage=stage2 | span=1 | train_loss=3.0525 | lr=0.000159215 | cpu_batch_ms=0.9 | provider_batch_ms=320.1 | prefetch_q=100 | elapsed=229194.6s
progress | opt_step=57925/172211 | micro_step=463400/1377681 | stage=stage2 | span=1 | train_loss=2.3691 | lr=0.000159166 | cpu_batch_ms=0.9 | provider_batch_ms=262.0 | prefetch_q=96 | elapsed=229312.6s
progress | opt_step=57950/172211 | micro_step=463600/1377681 | stage=stage2 | span=1 | train_loss=2.9884 | lr=0.000159116 | cpu_batch_ms=0.9 | provider_batch_ms=299.4 | prefetch_q=100 | elapsed=229405.9s
progress | opt_step=57975/172211 | micro_step=463800/1377681 | stage=stage2 | span=1 | train_loss=2.7665 | lr=0.000159067 | cpu_batch_ms=0.9 | provider_batch_ms=320.1 | prefetch_q=99 | elapsed=229499.3s
progress | opt_step=58000/172211 | micro_step=464000/1377681 | stage=stage2 | span=1 | train_loss=2.5918 | lr=0.000159018 | cpu_batch_ms=0.9 | provider_batch_ms=332.5 | prefetch_q=99 | elapsed=229592.6s
eval | opt_step=58000 | micro_step=464000 | train_loss=2.5918 | val_loss=2.8960 | val_ppl=18.10
progress | opt_step=58025/172211 | micro_step=464200/1377681 | stage=stage2 | span=1 | train_loss=2.8030 | lr=0.000158968 | cpu_batch_ms=0.9 | provider_batch_ms=248.5 | prefetch_q=98 | elapsed=229713.0s
progress | opt_step=58050/172211 | micro_step=464400/1377681 | stage=stage2 | span=1 | train_loss=2.5296 | lr=0.000158919 | cpu_batch_ms=0.9 | provider_batch_ms=297.3 | prefetch_q=100 | elapsed=229805.9s
progress | opt_step=58075/172211 | micro_step=464600/1377681 | stage=stage2 | span=1 | train_loss=2.0759 | lr=0.000158869 | cpu_batch_ms=0.9 | provider_batch_ms=312.1 | prefetch_q=100 | elapsed=229898.7s
progress | opt_step=58100/172211 | micro_step=464800/1377681 | stage=stage2 | span=1 | train_loss=2.7688 | lr=0.00015882 | cpu_batch_ms=0.9 | provider_batch_ms=328.5 | prefetch_q=100 | elapsed=229993.0s
progress | opt_step=58125/172211 | micro_step=465000/1377681 | stage=stage2 | span=1 | train_loss=2.6681 | lr=0.00015877 | cpu_batch_ms=0.9 | provider_batch_ms=255.4 | prefetch_q=98 | elapsed=230106.2s
progress | opt_step=58150/172211 | micro_step=465200/1377681 | stage=stage2 | span=1 | train_loss=2.7915 | lr=0.000158721 | cpu_batch_ms=0.9 | provider_batch_ms=292.1 | prefetch_q=100 | elapsed=230199.6s
progress | opt_step=58175/172211 | micro_step=465400/1377681 | stage=stage2 | span=1 | train_loss=2.7598 | lr=0.000158671 | cpu_batch_ms=0.9 | provider_batch_ms=315.8 | prefetch_q=100 | elapsed=230292.9s
progress | opt_step=58200/172211 | micro_step=465600/1377681 | stage=stage2 | span=1 | train_loss=2.2857 | lr=0.000158622 | cpu_batch_ms=0.9 | provider_batch_ms=326.6 | prefetch_q=96 | elapsed=230385.6s
eval | opt_step=58200 | micro_step=465600 | train_loss=2.2857 | val_loss=2.9000 | val_ppl=18.17
progress | opt_step=58225/172211 | micro_step=465800/1377681 | stage=stage2 | span=1 | train_loss=3.1436 | lr=0.000158572 | cpu_batch_ms=0.9 | provider_batch_ms=243.2 | prefetch_q=99 | elapsed=230503.4s
progress | opt_step=58250/172211 | micro_step=466000/1377681 | stage=stage2 | span=1 | train_loss=2.8638 | lr=0.000158522 | cpu_batch_ms=0.9 | provider_batch_ms=299.2 | prefetch_q=94 | elapsed=230597.5s
progress | opt_step=58275/172211 | micro_step=466200/1377681 | stage=stage2 | span=1 | train_loss=2.6616 | lr=0.000158473 | cpu_batch_ms=0.9 | provider_batch_ms=318.4 | prefetch_q=99 | elapsed=230690.3s
progress | opt_step=58300/172211 | micro_step=466400/1377681 | stage=stage2 | span=1 | train_loss=2.5624 | lr=0.000158423 | cpu_batch_ms=0.9 | provider_batch_ms=322.9 | prefetch_q=100 | elapsed=230783.0s
progress | opt_step=58325/172211 | micro_step=466600/1377681 | stage=stage2 | span=1 | train_loss=2.7819 | lr=0.000158374 | cpu_batch_ms=0.9 | provider_batch_ms=221.7 | prefetch_q=100 | elapsed=230896.3s
progress | opt_step=58350/172211 | micro_step=466800/1377681 | stage=stage2 | span=1 | train_loss=2.7915 | lr=0.000158324 | cpu_batch_ms=0.9 | provider_batch_ms=279.6 | prefetch_q=94 | elapsed=230989.5s
progress | opt_step=58375/172211 | micro_step=467000/1377681 | stage=stage2 | span=1 | train_loss=2.7041 | lr=0.000158274 | cpu_batch_ms=0.9 | provider_batch_ms=296.6 | prefetch_q=100 | elapsed=231082.1s
progress | opt_step=58400/172211 | micro_step=467200/1377681 | stage=stage2 | span=1 | train_loss=2.1925 | lr=0.000158224 | cpu_batch_ms=0.9 | provider_batch_ms=303.1 | prefetch_q=100 | elapsed=231174.3s
eval | opt_step=58400 | micro_step=467200 | train_loss=2.1925 | val_loss=2.8976 | val_ppl=18.13
progress | opt_step=58425/172211 | micro_step=467400/1377681 | stage=stage2 | span=1 | train_loss=2.8744 | lr=0.000158175 | cpu_batch_ms=0.9 | provider_batch_ms=236.8 | prefetch_q=100 | elapsed=231293.1s
progress | opt_step=58450/172211 | micro_step=467600/1377681 | stage=stage2 | span=1 | train_loss=2.4984 | lr=0.000158125 | cpu_batch_ms=0.9 | provider_batch_ms=281.3 | prefetch_q=100 | elapsed=231387.0s
progress | opt_step=58475/172211 | micro_step=467800/1377681 | stage=stage2 | span=1 | train_loss=2.9313 | lr=0.000158075 | cpu_batch_ms=0.9 | provider_batch_ms=307.7 | prefetch_q=100 | elapsed=231480.4s
progress | opt_step=58500/172211 | micro_step=468000/1377681 | stage=stage2 | span=1 | train_loss=3.0881 | lr=0.000158025 | cpu_batch_ms=0.9 | provider_batch_ms=323.9 | prefetch_q=100 | elapsed=231573.8s
progress | opt_step=58525/172211 | micro_step=468200/1377681 | stage=stage2 | span=1 | train_loss=2.6666 | lr=0.000157975 | cpu_batch_ms=0.9 | provider_batch_ms=261.7 | prefetch_q=100 | elapsed=231690.1s
progress | opt_step=58550/172211 | micro_step=468400/1377681 | stage=stage2 | span=1 | train_loss=2.7042 | lr=0.000157926 | cpu_batch_ms=0.9 | provider_batch_ms=292.3 | prefetch_q=100 | elapsed=231782.8s
progress | opt_step=58575/172211 | micro_step=468600/1377681 | stage=stage2 | span=1 | train_loss=2.5526 | lr=0.000157876 | cpu_batch_ms=0.9 | provider_batch_ms=310.4 | prefetch_q=100 | elapsed=231876.2s
progress | opt_step=58600/172211 | micro_step=468800/1377681 | stage=stage2 | span=1 | train_loss=2.7416 | lr=0.000157826 | cpu_batch_ms=0.9 | provider_batch_ms=326.0 | prefetch_q=98 | elapsed=231969.1s
eval | opt_step=58600 | micro_step=468800 | train_loss=2.7416 | val_loss=2.8921 | val_ppl=18.03
progress | opt_step=58625/172211 | micro_step=469000/1377681 | stage=stage2 | span=1 | train_loss=2.4707 | lr=0.000157776 | cpu_batch_ms=0.9 | provider_batch_ms=232.6 | prefetch_q=100 | elapsed=232086.6s
progress | opt_step=58650/172211 | micro_step=469200/1377681 | stage=stage2 | span=1 | train_loss=2.6103 | lr=0.000157726 | cpu_batch_ms=0.9 | provider_batch_ms=289.9 | prefetch_q=100 | elapsed=232179.8s
progress | opt_step=58675/172211 | micro_step=469400/1377681 | stage=stage2 | span=1 | train_loss=2.8793 | lr=0.000157676 | cpu_batch_ms=0.9 | provider_batch_ms=318.6 | prefetch_q=98 | elapsed=232273.9s
progress | opt_step=58700/172211 | micro_step=469600/1377681 | stage=stage2 | span=1 | train_loss=2.9409 | lr=0.000157626 | cpu_batch_ms=0.9 | provider_batch_ms=327.8 | prefetch_q=100 | elapsed=232366.8s
progress | opt_step=58725/172211 | micro_step=469800/1377681 | stage=stage2 | span=1 | train_loss=2.5978 | lr=0.000157576 | cpu_batch_ms=0.9 | provider_batch_ms=232.1 | prefetch_q=100 | elapsed=232481.4s
progress | opt_step=58750/172211 | micro_step=470000/1377681 | stage=stage2 | span=1 | train_loss=2.9780 | lr=0.000157526 | cpu_batch_ms=0.9 | provider_batch_ms=278.1 | prefetch_q=100 | elapsed=232574.7s
progress | opt_step=58775/172211 | micro_step=470200/1377681 | stage=stage2 | span=1 | train_loss=2.5746 | lr=0.000157476 | cpu_batch_ms=0.9 | provider_batch_ms=310.9 | prefetch_q=100 | elapsed=232668.5s
progress | opt_step=58800/172211 | micro_step=470400/1377681 | stage=stage2 | span=1 | train_loss=2.9439 | lr=0.000157426 | cpu_batch_ms=0.9 | provider_batch_ms=330.3 | prefetch_q=96 | elapsed=232760.9s
eval | opt_step=58800 | micro_step=470400 | train_loss=2.9439 | val_loss=2.8911 | val_ppl=18.01
progress | opt_step=58825/172211 | micro_step=470600/1377681 | stage=stage2 | span=1 | train_loss=2.1218 | lr=0.000157376 | cpu_batch_ms=0.9 | provider_batch_ms=240.6 | prefetch_q=100 | elapsed=232879.5s
progress | opt_step=58850/172211 | micro_step=470800/1377681 | stage=stage2 | span=1 | train_loss=2.8982 | lr=0.000157326 | cpu_batch_ms=0.9 | provider_batch_ms=305.2 | prefetch_q=88 | elapsed=232972.8s
progress | opt_step=58875/172211 | micro_step=471000/1377681 | stage=stage2 | span=1 | train_loss=2.9206 | lr=0.000157276 | cpu_batch_ms=0.9 | provider_batch_ms=325.8 | prefetch_q=100 | elapsed=233066.6s
progress | opt_step=58900/172211 | micro_step=471200/1377681 | stage=stage2 | span=1 | train_loss=2.7364 | lr=0.000157226 | cpu_batch_ms=0.9 | provider_batch_ms=338.2 | prefetch_q=99 | elapsed=233159.7s
progress | opt_step=58925/172211 | micro_step=471400/1377681 | stage=stage2 | span=1 | train_loss=2.7017 | lr=0.000157175 | cpu_batch_ms=0.9 | provider_batch_ms=276.7 | prefetch_q=98 | elapsed=233277.3s
progress | opt_step=58950/172211 | micro_step=471600/1377681 | stage=stage2 | span=1 | train_loss=2.8467 | lr=0.000157125 | cpu_batch_ms=0.9 | provider_batch_ms=316.8 | prefetch_q=99 | elapsed=233370.9s
progress | opt_step=58975/172211 | micro_step=471800/1377681 | stage=stage2 | span=1 | train_loss=2.3195 | lr=0.000157075 | cpu_batch_ms=0.9 | provider_batch_ms=338.6 | prefetch_q=100 | elapsed=233464.3s
progress | opt_step=59000/172211 | micro_step=472000/1377681 | stage=stage2 | span=1 | train_loss=2.8837 | lr=0.000157025 | cpu_batch_ms=0.9 | provider_batch_ms=347.7 | prefetch_q=98 | elapsed=233557.5s
eval | opt_step=59000 | micro_step=472000 | train_loss=2.8837 | val_loss=2.8907 | val_ppl=18.01
progress | opt_step=59025/172211 | micro_step=472200/1377681 | stage=stage2 | span=1 | train_loss=2.4779 | lr=0.000156975 | cpu_batch_ms=0.9 | provider_batch_ms=253.5 | prefetch_q=97 | elapsed=233677.3s
progress | opt_step=59050/172211 | micro_step=472400/1377681 | stage=stage2 | span=1 | train_loss=2.9286 | lr=0.000156924 | cpu_batch_ms=0.9 | provider_batch_ms=302.9 | prefetch_q=100 | elapsed=233771.4s
progress | opt_step=59075/172211 | micro_step=472600/1377681 | stage=stage2 | span=1 | train_loss=2.8054 | lr=0.000156874 | cpu_batch_ms=0.9 | provider_batch_ms=326.1 | prefetch_q=100 | elapsed=233864.1s
progress | opt_step=59100/172211 | micro_step=472800/1377681 | stage=stage2 | span=1 | train_loss=2.5139 | lr=0.000156824 | cpu_batch_ms=0.9 | provider_batch_ms=333.0 | prefetch_q=100 | elapsed=233957.8s
progress | opt_step=59125/172211 | micro_step=473000/1377681 | stage=stage2 | span=1 | train_loss=2.3487 | lr=0.000156773 | cpu_batch_ms=0.9 | provider_batch_ms=244.4 | prefetch_q=100 | elapsed=234077.1s
progress | opt_step=59150/172211 | micro_step=473200/1377681 | stage=stage2 | span=1 | train_loss=3.1669 | lr=0.000156723 | cpu_batch_ms=0.9 | provider_batch_ms=283.5 | prefetch_q=100 | elapsed=234169.5s
progress | opt_step=59175/172211 | micro_step=473400/1377681 | stage=stage2 | span=1 | train_loss=2.5459 | lr=0.000156673 | cpu_batch_ms=0.9 | provider_batch_ms=298.0 | prefetch_q=98 | elapsed=234262.0s
progress | opt_step=59200/172211 | micro_step=473600/1377681 | stage=stage2 | span=1 | train_loss=2.3312 | lr=0.000156622 | cpu_batch_ms=0.9 | provider_batch_ms=314.6 | prefetch_q=100 | elapsed=234355.0s
eval | opt_step=59200 | micro_step=473600 | train_loss=2.3312 | val_loss=2.8891 | val_ppl=17.98
progress | opt_step=59225/172211 | micro_step=473800/1377681 | stage=stage2 | span=1 | train_loss=2.9062 | lr=0.000156572 | cpu_batch_ms=0.9 | provider_batch_ms=251.5 | prefetch_q=100 | elapsed=234474.5s
progress | opt_step=59250/172211 | micro_step=474000/1377681 | stage=stage2 | span=1 | train_loss=2.9230 | lr=0.000156522 | cpu_batch_ms=0.9 | provider_batch_ms=307.1 | prefetch_q=100 | elapsed=234568.6s
progress | opt_step=59275/172211 | micro_step=474200/1377681 | stage=stage2 | span=1 | train_loss=2.7868 | lr=0.000156471 | cpu_batch_ms=0.9 | provider_batch_ms=315.0 | prefetch_q=97 | elapsed=234661.5s
progress | opt_step=59300/172211 | micro_step=474400/1377681 | stage=stage2 | span=1 | train_loss=2.7169 | lr=0.000156421 | cpu_batch_ms=0.9 | provider_batch_ms=326.7 | prefetch_q=99 | elapsed=234755.0s
progress | opt_step=59325/172211 | micro_step=474600/1377681 | stage=stage2 | span=1 | train_loss=2.5284 | lr=0.00015637 | cpu_batch_ms=0.9 | provider_batch_ms=258.4 | prefetch_q=97 | elapsed=234870.5s
progress | opt_step=59350/172211 | micro_step=474800/1377681 | stage=stage2 | span=1 | train_loss=2.6227 | lr=0.00015632 | cpu_batch_ms=0.9 | provider_batch_ms=294.4 | prefetch_q=99 | elapsed=234963.6s
progress | opt_step=59375/172211 | micro_step=475000/1377681 | stage=stage2 | span=1 | train_loss=2.8622 | lr=0.000156269 | cpu_batch_ms=0.9 | provider_batch_ms=308.8 | prefetch_q=99 | elapsed=235056.5s
progress | opt_step=59400/172211 | micro_step=475200/1377681 | stage=stage2 | span=1 | train_loss=2.4511 | lr=0.000156219 | cpu_batch_ms=0.9 | provider_batch_ms=321.2 | prefetch_q=100 | elapsed=235149.4s
eval | opt_step=59400 | micro_step=475200 | train_loss=2.4511 | val_loss=2.8913 | val_ppl=18.02
progress | opt_step=59425/172211 | micro_step=475400/1377681 | stage=stage2 | span=1 | train_loss=2.6535 | lr=0.000156168 | cpu_batch_ms=0.9 | provider_batch_ms=218.9 | prefetch_q=100 | elapsed=235266.3s
progress | opt_step=59450/172211 | micro_step=475600/1377681 | stage=stage2 | span=1 | train_loss=2.3498 | lr=0.000156118 | cpu_batch_ms=0.9 | provider_batch_ms=281.4 | prefetch_q=100 | elapsed=235359.9s
progress | opt_step=59475/172211 | micro_step=475800/1377681 | stage=stage2 | span=1 | train_loss=2.6613 | lr=0.000156067 | cpu_batch_ms=0.9 | provider_batch_ms=305.9 | prefetch_q=99 | elapsed=235452.2s
progress | opt_step=59500/172211 | micro_step=476000/1377681 | stage=stage2 | span=1 | train_loss=2.2269 | lr=0.000156016 | cpu_batch_ms=0.9 | provider_batch_ms=319.3 | prefetch_q=100 | elapsed=235544.9s
progress | opt_step=59525/172211 | micro_step=476200/1377681 | stage=stage2 | span=1 | train_loss=2.5913 | lr=0.000155966 | cpu_batch_ms=0.9 | provider_batch_ms=264.5 | prefetch_q=100 | elapsed=235657.3s
progress | opt_step=59550/172211 | micro_step=476400/1377681 | stage=stage2 | span=1 | train_loss=2.6368 | lr=0.000155915 | cpu_batch_ms=0.9 | provider_batch_ms=305.9 | prefetch_q=100 | elapsed=235750.6s
progress | opt_step=59575/172211 | micro_step=476600/1377681 | stage=stage2 | span=1 | train_loss=2.9946 | lr=0.000155864 | cpu_batch_ms=0.9 | provider_batch_ms=322.0 | prefetch_q=99 | elapsed=235843.5s
progress | opt_step=59600/172211 | micro_step=476800/1377681 | stage=stage2 | span=1 | train_loss=2.8006 | lr=0.000155814 | cpu_batch_ms=0.9 | provider_batch_ms=330.4 | prefetch_q=99 | elapsed=235936.6s
eval | opt_step=59600 | micro_step=476800 | train_loss=2.8006 | val_loss=2.8856 | val_ppl=17.91
progress | opt_step=59625/172211 | micro_step=477000/1377681 | stage=stage2 | span=1 | train_loss=3.0621 | lr=0.000155763 | cpu_batch_ms=0.9 | provider_batch_ms=221.7 | prefetch_q=100 | elapsed=236082.9s
progress | opt_step=59650/172211 | micro_step=477200/1377681 | stage=stage2 | span=1 | train_loss=2.3431 | lr=0.000155712 | cpu_batch_ms=0.9 | provider_batch_ms=272.0 | prefetch_q=100 | elapsed=236176.2s
progress | opt_step=59675/172211 | micro_step=477400/1377681 | stage=stage2 | span=1 | train_loss=2.7806 | lr=0.000155662 | cpu_batch_ms=0.9 | provider_batch_ms=295.0 | prefetch_q=100 | elapsed=236269.0s
progress | opt_step=59700/172211 | micro_step=477600/1377681 | stage=stage2 | span=1 | train_loss=2.6745 | lr=0.000155611 | cpu_batch_ms=0.9 | provider_batch_ms=315.5 | prefetch_q=100 | elapsed=236362.7s
progress | opt_step=59725/172211 | micro_step=477800/1377681 | stage=stage2 | span=1 | train_loss=2.6632 | lr=0.00015556 | cpu_batch_ms=0.9 | provider_batch_ms=232.8 | prefetch_q=100 | elapsed=236478.5s
progress | opt_step=59750/172211 | micro_step=478000/1377681 | stage=stage2 | span=1 | train_loss=2.5215 | lr=0.000155509 | cpu_batch_ms=0.9 | provider_batch_ms=293.4 | prefetch_q=94 | elapsed=236572.2s
progress | opt_step=59775/172211 | micro_step=478200/1377681 | stage=stage2 | span=1 | train_loss=2.8246 | lr=0.000155458 | cpu_batch_ms=0.9 | provider_batch_ms=316.3 | prefetch_q=99 | elapsed=236665.1s
progress | opt_step=59800/172211 | micro_step=478400/1377681 | stage=stage2 | span=1 | train_loss=3.0562 | lr=0.000155407 | cpu_batch_ms=0.9 | provider_batch_ms=328.3 | prefetch_q=100 | elapsed=236758.3s
eval | opt_step=59800 | micro_step=478400 | train_loss=3.0562 | val_loss=2.8812 | val_ppl=17.84
progress | opt_step=59825/172211 | micro_step=478600/1377681 | stage=stage2 | span=1 | train_loss=3.0802 | lr=0.000155357 | cpu_batch_ms=0.9 | provider_batch_ms=233.6 | prefetch_q=97 | elapsed=236890.6s
progress | opt_step=59850/172211 | micro_step=478800/1377681 | stage=stage2 | span=1 | train_loss=2.5117 | lr=0.000155306 | cpu_batch_ms=0.9 | provider_batch_ms=283.9 | prefetch_q=100 | elapsed=236984.2s
progress | opt_step=59875/172211 | micro_step=479000/1377681 | stage=stage2 | span=1 | train_loss=2.9338 | lr=0.000155255 | cpu_batch_ms=0.9 | provider_batch_ms=311.4 | prefetch_q=98 | elapsed=237078.1s
progress | opt_step=59900/172211 | micro_step=479200/1377681 | stage=stage2 | span=1 | train_loss=2.8760 | lr=0.000155204 | cpu_batch_ms=0.9 | provider_batch_ms=322.2 | prefetch_q=98 | elapsed=237171.5s
progress | opt_step=59925/172211 | micro_step=479400/1377681 | stage=stage2 | span=1 | train_loss=2.6963 | lr=0.000155153 | cpu_batch_ms=0.9 | provider_batch_ms=265.0 | prefetch_q=100 | elapsed=237286.5s
progress | opt_step=59950/172211 | micro_step=479600/1377681 | stage=stage2 | span=1 | train_loss=2.8532 | lr=0.000155102 | cpu_batch_ms=0.9 | provider_batch_ms=306.0 | prefetch_q=100 | elapsed=237380.1s
progress | opt_step=59975/172211 | micro_step=479800/1377681 | stage=stage2 | span=1 | train_loss=2.2652 | lr=0.000155051 | cpu_batch_ms=0.9 | provider_batch_ms=315.3 | prefetch_q=100 | elapsed=237473.0s
progress | opt_step=60000/172211 | micro_step=480000/1377681 | stage=stage2 | span=1 | train_loss=2.8562 | lr=0.000155 | cpu_batch_ms=0.9 | provider_batch_ms=328.4 | prefetch_q=100 | elapsed=237566.7s
eval | opt_step=60000 | micro_step=480000 | train_loss=2.8562 | val_loss=2.8800 | val_ppl=17.81
progress | opt_step=60025/172211 | micro_step=480200/1377681 | stage=stage2 | span=1 | train_loss=2.7299 | lr=0.000154949 | cpu_batch_ms=0.9 | provider_batch_ms=237.9 | prefetch_q=99 | elapsed=237703.7s
progress | opt_step=60050/172211 | micro_step=480400/1377681 | stage=stage2 | span=1 | train_loss=3.0228 | lr=0.000154898 | cpu_batch_ms=0.9 | provider_batch_ms=287.8 | prefetch_q=98 | elapsed=237796.9s
progress | opt_step=60075/172211 | micro_step=480600/1377681 | stage=stage2 | span=1 | train_loss=2.3531 | lr=0.000154847 | cpu_batch_ms=0.9 | provider_batch_ms=303.6 | prefetch_q=97 | elapsed=237890.1s
progress | opt_step=60100/172211 | micro_step=480800/1377681 | stage=stage2 | span=1 | train_loss=2.7980 | lr=0.000154796 | cpu_batch_ms=0.9 | provider_batch_ms=321.9 | prefetch_q=97 | elapsed=237983.7s
progress | opt_step=60125/172211 | micro_step=481000/1377681 | stage=stage2 | span=1 | train_loss=2.6502 | lr=0.000154745 | cpu_batch_ms=0.9 | provider_batch_ms=253.7 | prefetch_q=99 | elapsed=238104.0s
progress | opt_step=60150/172211 | micro_step=481200/1377681 | stage=stage2 | span=1 | train_loss=2.1373 | lr=0.000154694 | cpu_batch_ms=0.9 | provider_batch_ms=307.4 | prefetch_q=99 | elapsed=238197.3s
progress | opt_step=60175/172211 | micro_step=481400/1377681 | stage=stage2 | span=1 | train_loss=2.5919 | lr=0.000154642 | cpu_batch_ms=0.9 | provider_batch_ms=325.0 | prefetch_q=100 | elapsed=238290.6s
progress | opt_step=60200/172211 | micro_step=481600/1377681 | stage=stage2 | span=1 | train_loss=2.8025 | lr=0.000154591 | cpu_batch_ms=0.9 | provider_batch_ms=345.6 | prefetch_q=99 | elapsed=238385.3s
eval | opt_step=60200 | micro_step=481600 | train_loss=2.8025 | val_loss=2.8841 | val_ppl=17.89
progress | opt_step=60225/172211 | micro_step=481800/1377681 | stage=stage2 | span=1 | train_loss=2.3197 | lr=0.00015454 | cpu_batch_ms=0.9 | provider_batch_ms=261.5 | prefetch_q=100 | elapsed=238499.9s
progress | opt_step=60250/172211 | micro_step=482000/1377681 | stage=stage2 | span=1 | train_loss=2.9118 | lr=0.000154489 | cpu_batch_ms=0.9 | provider_batch_ms=303.4 | prefetch_q=100 | elapsed=238593.3s
progress | opt_step=60275/172211 | micro_step=482200/1377681 | stage=stage2 | span=1 | train_loss=2.6899 | lr=0.000154438 | cpu_batch_ms=0.9 | provider_batch_ms=315.1 | prefetch_q=100 | elapsed=238686.0s
progress | opt_step=60300/172211 | micro_step=482400/1377681 | stage=stage2 | span=1 | train_loss=2.7637 | lr=0.000154386 | cpu_batch_ms=0.9 | provider_batch_ms=323.8 | prefetch_q=100 | elapsed=238779.0s
progress | opt_step=60325/172211 | micro_step=482600/1377681 | stage=stage2 | span=1 | train_loss=2.2600 | lr=0.000154335 | cpu_batch_ms=0.9 | provider_batch_ms=251.6 | prefetch_q=99 | elapsed=238898.1s
progress | opt_step=60350/172211 | micro_step=482800/1377681 | stage=stage2 | span=1 | train_loss=2.6166 | lr=0.000154284 | cpu_batch_ms=0.9 | provider_batch_ms=311.2 | prefetch_q=99 | elapsed=238992.0s
progress | opt_step=60375/172211 | micro_step=483000/1377681 | stage=stage2 | span=1 | train_loss=2.6809 | lr=0.000154233 | cpu_batch_ms=0.9 | provider_batch_ms=330.1 | prefetch_q=100 | elapsed=239085.2s
progress | opt_step=60400/172211 | micro_step=483200/1377681 | stage=stage2 | span=1 | train_loss=2.8976 | lr=0.000154181 | cpu_batch_ms=0.9 | provider_batch_ms=339.3 | prefetch_q=99 | elapsed=239177.7s
eval | opt_step=60400 | micro_step=483200 | train_loss=2.8976 | val_loss=2.8740 | val_ppl=17.71
progress | opt_step=60425/172211 | micro_step=483400/1377681 | stage=stage2 | span=1 | train_loss=2.6838 | lr=0.00015413 | cpu_batch_ms=0.9 | provider_batch_ms=242.8 | prefetch_q=98 | elapsed=239313.2s
progress | opt_step=60450/172211 | micro_step=483600/1377681 | stage=stage2 | span=1 | train_loss=2.9001 | lr=0.000154079 | cpu_batch_ms=0.9 | provider_batch_ms=301.0 | prefetch_q=99 | elapsed=239407.1s
progress | opt_step=60475/172211 | micro_step=483800/1377681 | stage=stage2 | span=1 | train_loss=2.8938 | lr=0.000154027 | cpu_batch_ms=0.9 | provider_batch_ms=315.6 | prefetch_q=100 | elapsed=239500.1s
progress | opt_step=60500/172211 | micro_step=484000/1377681 | stage=stage2 | span=1 | train_loss=3.0899 | lr=0.000153976 | cpu_batch_ms=0.9 | provider_batch_ms=330.4 | prefetch_q=95 | elapsed=239593.7s
progress | opt_step=60525/172211 | micro_step=484200/1377681 | stage=stage2 | span=1 | train_loss=2.6496 | lr=0.000153925 | cpu_batch_ms=0.9 | provider_batch_ms=256.0 | prefetch_q=100 | elapsed=239711.4s
progress | opt_step=60550/172211 | micro_step=484400/1377681 | stage=stage2 | span=1 | train_loss=2.4120 | lr=0.000153873 | cpu_batch_ms=0.9 | provider_batch_ms=300.5 | prefetch_q=99 | elapsed=239804.7s
progress | opt_step=60575/172211 | micro_step=484600/1377681 | stage=stage2 | span=1 | train_loss=2.8875 | lr=0.000153822 | cpu_batch_ms=0.9 | provider_batch_ms=316.4 | prefetch_q=100 | elapsed=239897.7s
progress | opt_step=60600/172211 | micro_step=484800/1377681 | stage=stage2 | span=1 | train_loss=2.6149 | lr=0.00015377 | cpu_batch_ms=0.9 | provider_batch_ms=334.9 | prefetch_q=100 | elapsed=239991.3s
eval | opt_step=60600 | micro_step=484800 | train_loss=2.6149 | val_loss=2.8785 | val_ppl=17.79
progress | opt_step=60625/172211 | micro_step=485000/1377681 | stage=stage2 | span=1 | train_loss=3.0138 | lr=0.000153719 | cpu_batch_ms=0.9 | provider_batch_ms=246.5 | prefetch_q=88 | elapsed=240105.2s
progress | opt_step=60650/172211 | micro_step=485200/1377681 | stage=stage2 | span=1 | train_loss=2.6796 | lr=0.000153667 | cpu_batch_ms=0.9 | provider_batch_ms=292.2 | prefetch_q=98 | elapsed=240198.8s
progress | opt_step=60675/172211 | micro_step=485400/1377681 | stage=stage2 | span=1 | train_loss=2.5987 | lr=0.000153616 | cpu_batch_ms=0.9 | provider_batch_ms=318.9 | prefetch_q=99 | elapsed=240291.9s
progress | opt_step=60700/172211 | micro_step=485600/1377681 | stage=stage2 | span=1 | train_loss=2.7244 | lr=0.000153564 | cpu_batch_ms=0.9 | provider_batch_ms=333.2 | prefetch_q=100 | elapsed=240385.0s
progress | opt_step=60725/172211 | micro_step=485800/1377681 | stage=stage2 | span=1 | train_loss=2.6652 | lr=0.000153513 | cpu_batch_ms=0.9 | provider_batch_ms=236.2 | prefetch_q=100 | elapsed=240502.8s
progress | opt_step=60750/172211 | micro_step=486000/1377681 | stage=stage2 | span=1 | train_loss=2.6564 | lr=0.000153461 | cpu_batch_ms=0.9 | provider_batch_ms=279.8 | prefetch_q=98 | elapsed=240595.5s
progress | opt_step=60775/172211 | micro_step=486200/1377681 | stage=stage2 | span=1 | train_loss=2.6133 | lr=0.000153409 | cpu_batch_ms=0.9 | provider_batch_ms=305.5 | prefetch_q=98 | elapsed=240688.9s
progress | opt_step=60800/172211 | micro_step=486400/1377681 | stage=stage2 | span=1 | train_loss=2.6434 | lr=0.000153358 | cpu_batch_ms=0.9 | provider_batch_ms=320.8 | prefetch_q=98 | elapsed=240782.3s
eval | opt_step=60800 | micro_step=486400 | train_loss=2.6434 | val_loss=2.8679 | val_ppl=17.60
progress | opt_step=60825/172211 | micro_step=486600/1377681 | stage=stage2 | span=1 | train_loss=2.3192 | lr=0.000153306 | cpu_batch_ms=0.9 | provider_batch_ms=239.7 | prefetch_q=100 | elapsed=240922.4s
progress | opt_step=60850/172211 | micro_step=486800/1377681 | stage=stage2 | span=1 | train_loss=2.4417 | lr=0.000153255 | cpu_batch_ms=0.9 | provider_batch_ms=286.0 | prefetch_q=100 | elapsed=241015.8s
progress | opt_step=60875/172211 | micro_step=487000/1377681 | stage=stage2 | span=1 | train_loss=2.8171 | lr=0.000153203 | cpu_batch_ms=0.9 | provider_batch_ms=319.4 | prefetch_q=90 | elapsed=241109.5s
progress | opt_step=60900/172211 | micro_step=487200/1377681 | stage=stage2 | span=1 | train_loss=2.5457 | lr=0.000153151 | cpu_batch_ms=0.9 | provider_batch_ms=323.2 | prefetch_q=98 | elapsed=241202.8s
progress | opt_step=60925/172211 | micro_step=487400/1377681 | stage=stage2 | span=1 | train_loss=2.7188 | lr=0.0001531 | cpu_batch_ms=0.9 | provider_batch_ms=250.3 | prefetch_q=100 | elapsed=241316.9s
progress | opt_step=60950/172211 | micro_step=487600/1377681 | stage=stage2 | span=1 | train_loss=2.2152 | lr=0.000153048 | cpu_batch_ms=0.9 | provider_batch_ms=286.4 | prefetch_q=96 | elapsed=241409.7s
progress | opt_step=60975/172211 | micro_step=487800/1377681 | stage=stage2 | span=1 | train_loss=2.8720 | lr=0.000152996 | cpu_batch_ms=0.9 | provider_batch_ms=294.5 | prefetch_q=100 | elapsed=241502.6s
progress | opt_step=61000/172211 | micro_step=488000/1377681 | stage=stage2 | span=1 | train_loss=2.6930 | lr=0.000152944 | cpu_batch_ms=0.9 | provider_batch_ms=309.7 | prefetch_q=99 | elapsed=241595.8s
eval | opt_step=61000 | micro_step=488000 | train_loss=2.6930 | val_loss=2.8776 | val_ppl=17.77
progress | opt_step=61025/172211 | micro_step=488200/1377681 | stage=stage2 | span=1 | train_loss=2.5316 | lr=0.000152893 | cpu_batch_ms=0.9 | provider_batch_ms=240.2 | prefetch_q=98 | elapsed=241709.7s
progress | opt_step=61050/172211 | micro_step=488400/1377681 | stage=stage2 | span=1 | train_loss=2.8820 | lr=0.000152841 | cpu_batch_ms=0.9 | provider_batch_ms=290.0 | prefetch_q=100 | elapsed=241803.1s
progress | opt_step=61075/172211 | micro_step=488600/1377681 | stage=stage2 | span=1 | train_loss=2.6530 | lr=0.000152789 | cpu_batch_ms=0.9 | provider_batch_ms=327.3 | prefetch_q=96 | elapsed=241897.1s
progress | opt_step=61100/172211 | micro_step=488800/1377681 | stage=stage2 | span=1 | train_loss=2.7005 | lr=0.000152737 | cpu_batch_ms=0.9 | provider_batch_ms=343.9 | prefetch_q=100 | elapsed=241990.8s
progress | opt_step=61125/172211 | micro_step=489000/1377681 | stage=stage2 | span=1 | train_loss=2.6162 | lr=0.000152685 | cpu_batch_ms=0.9 | provider_batch_ms=234.6 | prefetch_q=95 | elapsed=242106.4s
progress | opt_step=61150/172211 | micro_step=489200/1377681 | stage=stage2 | span=1 | train_loss=2.5544 | lr=0.000152633 | cpu_batch_ms=0.9 | provider_batch_ms=279.6 | prefetch_q=100 | elapsed=242198.9s
progress | opt_step=61175/172211 | micro_step=489400/1377681 | stage=stage2 | span=1 | train_loss=3.0400 | lr=0.000152581 | cpu_batch_ms=0.9 | provider_batch_ms=300.1 | prefetch_q=100 | elapsed=242291.7s
progress | opt_step=61200/172211 | micro_step=489600/1377681 | stage=stage2 | span=1 | train_loss=2.7551 | lr=0.00015253 | cpu_batch_ms=0.9 | provider_batch_ms=311.5 | prefetch_q=99 | elapsed=242384.7s
eval | opt_step=61200 | micro_step=489600 | train_loss=2.7551 | val_loss=2.8789 | val_ppl=17.79
progress | opt_step=61225/172211 | micro_step=489800/1377681 | stage=stage2 | span=1 | train_loss=2.7839 | lr=0.000152478 | cpu_batch_ms=0.9 | provider_batch_ms=256.2 | prefetch_q=99 | elapsed=242497.6s
progress | opt_step=61250/172211 | micro_step=490000/1377681 | stage=stage2 | span=1 | train_loss=2.9716 | lr=0.000152426 | cpu_batch_ms=0.9 | provider_batch_ms=309.9 | prefetch_q=93 | elapsed=242591.2s
progress | opt_step=61275/172211 | micro_step=490200/1377681 | stage=stage2 | span=1 | train_loss=2.5682 | lr=0.000152374 | cpu_batch_ms=0.9 | provider_batch_ms=321.2 | prefetch_q=96 | elapsed=242684.0s
progress | opt_step=61300/172211 | micro_step=490400/1377681 | stage=stage2 | span=1 | train_loss=2.7972 | lr=0.000152322 | cpu_batch_ms=0.9 | provider_batch_ms=335.7 | prefetch_q=97 | elapsed=242777.2s
progress | opt_step=61325/172211 | micro_step=490600/1377681 | stage=stage2 | span=1 | train_loss=2.8979 | lr=0.00015227 | cpu_batch_ms=0.9 | provider_batch_ms=257.8 | prefetch_q=100 | elapsed=242896.5s
progress | opt_step=61350/172211 | micro_step=490800/1377681 | stage=stage2 | span=1 | train_loss=2.7922 | lr=0.000152218 | cpu_batch_ms=0.9 | provider_batch_ms=307.5 | prefetch_q=100 | elapsed=242990.0s
progress | opt_step=61375/172211 | micro_step=491000/1377681 | stage=stage2 | span=1 | train_loss=2.7212 | lr=0.000152166 | cpu_batch_ms=0.9 | provider_batch_ms=327.3 | prefetch_q=100 | elapsed=243083.1s
progress | opt_step=61400/172211 | micro_step=491200/1377681 | stage=stage2 | span=1 | train_loss=2.6781 | lr=0.000152114 | cpu_batch_ms=0.9 | provider_batch_ms=343.4 | prefetch_q=100 | elapsed=243176.4s
eval | opt_step=61400 | micro_step=491200 | train_loss=2.6781 | val_loss=2.8769 | val_ppl=17.76
progress | opt_step=61425/172211 | micro_step=491400/1377681 | stage=stage2 | span=1 | train_loss=2.6542 | lr=0.000152062 | cpu_batch_ms=0.9 | provider_batch_ms=241.8 | prefetch_q=99 | elapsed=243298.5s
progress | opt_step=61450/172211 | micro_step=491600/1377681 | stage=stage2 | span=1 | train_loss=2.8795 | lr=0.00015201 | cpu_batch_ms=0.9 | provider_batch_ms=302.0 | prefetch_q=99 | elapsed=243391.6s
progress | opt_step=61475/172211 | micro_step=491800/1377681 | stage=stage2 | span=1 | train_loss=2.8270 | lr=0.000151957 | cpu_batch_ms=0.9 | provider_batch_ms=326.5 | prefetch_q=98 | elapsed=243484.9s
progress | opt_step=61500/172211 | micro_step=492000/1377681 | stage=stage2 | span=1 | train_loss=2.5220 | lr=0.000151905 | cpu_batch_ms=0.9 | provider_batch_ms=333.3 | prefetch_q=98 | elapsed=243577.7s
progress | opt_step=61525/172211 | micro_step=492200/1377681 | stage=stage2 | span=1 | train_loss=2.8819 | lr=0.000151853 | cpu_batch_ms=0.9 | provider_batch_ms=242.6 | prefetch_q=100 | elapsed=243694.5s
progress | opt_step=61550/172211 | micro_step=492400/1377681 | stage=stage2 | span=1 | train_loss=2.9891 | lr=0.000151801 | cpu_batch_ms=0.9 | provider_batch_ms=288.6 | prefetch_q=100 | elapsed=243787.6s
progress | opt_step=61575/172211 | micro_step=492600/1377681 | stage=stage2 | span=1 | train_loss=2.5527 | lr=0.000151749 | cpu_batch_ms=0.9 | provider_batch_ms=316.5 | prefetch_q=100 | elapsed=243881.0s
progress | opt_step=61600/172211 | micro_step=492800/1377681 | stage=stage2 | span=1 | train_loss=2.9636 | lr=0.000151697 | cpu_batch_ms=0.9 | provider_batch_ms=331.5 | prefetch_q=99 | elapsed=243974.6s
eval | opt_step=61600 | micro_step=492800 | train_loss=2.9636 | val_loss=2.8720 | val_ppl=17.67
progress | opt_step=61625/172211 | micro_step=493000/1377681 | stage=stage2 | span=1 | train_loss=2.6748 | lr=0.000151644 | cpu_batch_ms=0.9 | provider_batch_ms=238.5 | prefetch_q=100 | elapsed=244091.9s
progress | opt_step=61650/172211 | micro_step=493200/1377681 | stage=stage2 | span=1 | train_loss=2.4118 | lr=0.000151592 | cpu_batch_ms=0.9 | provider_batch_ms=286.8 | prefetch_q=98 | elapsed=244184.7s
progress | opt_step=61675/172211 | micro_step=493400/1377681 | stage=stage2 | span=1 | train_loss=2.7919 | lr=0.00015154 | cpu_batch_ms=0.9 | provider_batch_ms=315.8 | prefetch_q=100 | elapsed=244278.4s
progress | opt_step=61700/172211 | micro_step=493600/1377681 | stage=stage2 | span=1 | train_loss=2.8571 | lr=0.000151488 | cpu_batch_ms=0.9 | provider_batch_ms=328.7 | prefetch_q=96 | elapsed=244371.3s
progress | opt_step=61725/172211 | micro_step=493800/1377681 | stage=stage2 | span=1 | train_loss=2.3820 | lr=0.000151435 | cpu_batch_ms=0.9 | provider_batch_ms=255.5 | prefetch_q=96 | elapsed=244487.6s
progress | opt_step=61750/172211 | micro_step=494000/1377681 | stage=stage2 | span=1 | train_loss=2.5402 | lr=0.000151383 | cpu_batch_ms=0.9 | provider_batch_ms=312.4 | prefetch_q=96 | elapsed=244581.3s
progress | opt_step=61775/172211 | micro_step=494200/1377681 | stage=stage2 | span=1 | train_loss=2.8275 | lr=0.000151331 | cpu_batch_ms=0.9 | provider_batch_ms=330.8 | prefetch_q=94 | elapsed=244674.9s
progress | opt_step=61800/172211 | micro_step=494400/1377681 | stage=stage2 | span=1 | train_loss=3.0038 | lr=0.000151278 | cpu_batch_ms=0.9 | provider_batch_ms=336.3 | prefetch_q=100 | elapsed=244767.6s
eval | opt_step=61800 | micro_step=494400 | train_loss=3.0038 | val_loss=2.8729 | val_ppl=17.69
progress | opt_step=61825/172211 | micro_step=494600/1377681 | stage=stage2 | span=1 | train_loss=2.7707 | lr=0.000151226 | cpu_batch_ms=0.9 | provider_batch_ms=254.5 | prefetch_q=94 | elapsed=244895.5s
progress | opt_step=61850/172211 | micro_step=494800/1377681 | stage=stage2 | span=1 | train_loss=2.6806 | lr=0.000151174 | cpu_batch_ms=0.9 | provider_batch_ms=296.7 | prefetch_q=100 | elapsed=244988.9s
progress | opt_step=61875/172211 | micro_step=495000/1377681 | stage=stage2 | span=1 | train_loss=2.9315 | lr=0.000151121 | cpu_batch_ms=0.9 | provider_batch_ms=319.6 | prefetch_q=100 | elapsed=245081.8s
progress | opt_step=61900/172211 | micro_step=495200/1377681 | stage=stage2 | span=1 | train_loss=2.5821 | lr=0.000151069 | cpu_batch_ms=0.9 | provider_batch_ms=328.8 | prefetch_q=100 | elapsed=245175.2s
progress | opt_step=61925/172211 | micro_step=495400/1377681 | stage=stage2 | span=1 | train_loss=3.1399 | lr=0.000151017 | cpu_batch_ms=0.9 | provider_batch_ms=240.9 | prefetch_q=99 | elapsed=245295.2s
progress | opt_step=61950/172211 | micro_step=495600/1377681 | stage=stage2 | span=1 | train_loss=2.7042 | lr=0.000150964 | cpu_batch_ms=0.9 | provider_batch_ms=309.4 | prefetch_q=97 | elapsed=245389.3s
progress | opt_step=61975/172211 | micro_step=495800/1377681 | stage=stage2 | span=1 | train_loss=2.3068 | lr=0.000150912 | cpu_batch_ms=0.9 | provider_batch_ms=320.7 | prefetch_q=100 | elapsed=245481.9s
progress | opt_step=62000/172211 | micro_step=496000/1377681 | stage=stage2 | span=1 | train_loss=2.6476 | lr=0.000150859 | cpu_batch_ms=0.9 | provider_batch_ms=324.4 | prefetch_q=100 | elapsed=245574.2s
eval | opt_step=62000 | micro_step=496000 | train_loss=2.6476 | val_loss=2.8916 | val_ppl=18.02
progress | opt_step=62025/172211 | micro_step=496200/1377681 | stage=stage2 | span=1 | train_loss=2.7745 | lr=0.000150807 | cpu_batch_ms=0.9 | provider_batch_ms=235.6 | prefetch_q=100 | elapsed=245688.4s
progress | opt_step=62050/172211 | micro_step=496400/1377681 | stage=stage2 | span=1 | train_loss=2.7245 | lr=0.000150754 | cpu_batch_ms=0.9 | provider_batch_ms=297.8 | prefetch_q=100 | elapsed=245782.2s
progress | opt_step=62075/172211 | micro_step=496600/1377681 | stage=stage2 | span=1 | train_loss=2.7481 | lr=0.000150702 | cpu_batch_ms=0.9 | provider_batch_ms=322.8 | prefetch_q=94 | elapsed=245875.5s
progress | opt_step=62100/172211 | micro_step=496800/1377681 | stage=stage2 | span=1 | train_loss=2.3733 | lr=0.000150649 | cpu_batch_ms=0.9 | provider_batch_ms=331.1 | prefetch_q=99 | elapsed=245968.8s
progress | opt_step=62125/172211 | micro_step=497000/1377681 | stage=stage2 | span=1 | train_loss=2.3288 | lr=0.000150597 | cpu_batch_ms=0.9 | provider_batch_ms=260.1 | prefetch_q=98 | elapsed=246082.0s
progress | opt_step=62150/172211 | micro_step=497200/1377681 | stage=stage2 | span=1 | train_loss=2.5231 | lr=0.000150544 | cpu_batch_ms=0.9 | provider_batch_ms=307.3 | prefetch_q=100 | elapsed=246175.0s
progress | opt_step=62175/172211 | micro_step=497400/1377681 | stage=stage2 | span=1 | train_loss=2.5182 | lr=0.000150491 | cpu_batch_ms=0.9 | provider_batch_ms=317.3 | prefetch_q=100 | elapsed=246267.9s
progress | opt_step=62200/172211 | micro_step=497600/1377681 | stage=stage2 | span=1 | train_loss=2.7142 | lr=0.000150439 | cpu_batch_ms=0.9 | provider_batch_ms=331.0 | prefetch_q=100 | elapsed=246360.9s
eval | opt_step=62200 | micro_step=497600 | train_loss=2.7142 | val_loss=2.8878 | val_ppl=17.95
progress | opt_step=62225/172211 | micro_step=497800/1377681 | stage=stage2 | span=1 | train_loss=2.8315 | lr=0.000150386 | cpu_batch_ms=0.9 | provider_batch_ms=254.1 | prefetch_q=99 | elapsed=246480.0s
progress | opt_step=62250/172211 | micro_step=498000/1377681 | stage=stage2 | span=1 | train_loss=2.5599 | lr=0.000150333 | cpu_batch_ms=0.9 | provider_batch_ms=310.3 | prefetch_q=100 | elapsed=246573.3s
progress | opt_step=62275/172211 | micro_step=498200/1377681 | stage=stage2 | span=1 | train_loss=2.7157 | lr=0.000150281 | cpu_batch_ms=0.9 | provider_batch_ms=318.2 | prefetch_q=100 | elapsed=246665.9s
progress | opt_step=62300/172211 | micro_step=498400/1377681 | stage=stage2 | span=1 | train_loss=2.9360 | lr=0.000150228 | cpu_batch_ms=0.9 | provider_batch_ms=331.7 | prefetch_q=100 | elapsed=246759.1s
progress | opt_step=62325/172211 | micro_step=498600/1377681 | stage=stage2 | span=1 | train_loss=2.6083 | lr=0.000150175 | cpu_batch_ms=0.9 | provider_batch_ms=246.0 | prefetch_q=99 | elapsed=246881.1s
progress | opt_step=62350/172211 | micro_step=498800/1377681 | stage=stage2 | span=1 | train_loss=2.3056 | lr=0.000150123 | cpu_batch_ms=0.9 | provider_batch_ms=307.0 | prefetch_q=100 | elapsed=246975.3s
progress | opt_step=62375/172211 | micro_step=499000/1377681 | stage=stage2 | span=1 | train_loss=2.3091 | lr=0.00015007 | cpu_batch_ms=0.9 | provider_batch_ms=319.5 | prefetch_q=100 | elapsed=247068.0s
progress | opt_step=62400/172211 | micro_step=499200/1377681 | stage=stage2 | span=1 | train_loss=2.7483 | lr=0.000150017 | cpu_batch_ms=0.9 | provider_batch_ms=331.2 | prefetch_q=100 | elapsed=247160.4s
eval | opt_step=62400 | micro_step=499200 | train_loss=2.7483 | val_loss=2.8896 | val_ppl=17.99
progress | opt_step=62425/172211 | micro_step=499400/1377681 | stage=stage2 | span=1 | train_loss=2.1186 | lr=0.000149964 | cpu_batch_ms=0.9 | provider_batch_ms=226.6 | prefetch_q=95 | elapsed=247278.7s
progress | opt_step=62450/172211 | micro_step=499600/1377681 | stage=stage2 | span=1 | train_loss=2.6154 | lr=0.000149912 | cpu_batch_ms=0.9 | provider_batch_ms=267.8 | prefetch_q=96 | elapsed=247371.9s
progress | opt_step=62475/172211 | micro_step=499800/1377681 | stage=stage2 | span=1 | train_loss=2.6758 | lr=0.000149859 | cpu_batch_ms=0.9 | provider_batch_ms=295.1 | prefetch_q=99 | elapsed=247466.0s
progress | opt_step=62500/172211 | micro_step=500000/1377681 | stage=stage2 | span=1 | train_loss=3.0119 | lr=0.000149806 | cpu_batch_ms=0.9 | provider_batch_ms=315.4 | prefetch_q=100 | elapsed=247559.5s
progress | opt_step=62525/172211 | micro_step=500200/1377681 | stage=stage2 | span=1 | train_loss=2.5405 | lr=0.000149753 | cpu_batch_ms=0.9 | provider_batch_ms=248.6 | prefetch_q=100 | elapsed=247677.3s
progress | opt_step=62550/172211 | micro_step=500400/1377681 | stage=stage2 | span=1 | train_loss=2.5649 | lr=0.0001497 | cpu_batch_ms=0.9 | provider_batch_ms=279.3 | prefetch_q=100 | elapsed=247770.1s
progress | opt_step=62575/172211 | micro_step=500600/1377681 | stage=stage2 | span=1 | train_loss=2.7750 | lr=0.000149647 | cpu_batch_ms=0.9 | provider_batch_ms=294.6 | prefetch_q=100 | elapsed=247862.9s
progress | opt_step=62600/172211 | micro_step=500800/1377681 | stage=stage2 | span=1 | train_loss=2.7442 | lr=0.000149595 | cpu_batch_ms=0.9 | provider_batch_ms=318.5 | prefetch_q=95 | elapsed=247956.5s
eval | opt_step=62600 | micro_step=500800 | train_loss=2.7442 | val_loss=2.8782 | val_ppl=17.78
progress | opt_step=62625/172211 | micro_step=501000/1377681 | stage=stage2 | span=1 | train_loss=2.7152 | lr=0.000149542 | cpu_batch_ms=0.9 | provider_batch_ms=270.8 | prefetch_q=92 | elapsed=248077.9s
progress | opt_step=62650/172211 | micro_step=501200/1377681 | stage=stage2 | span=1 | train_loss=2.5497 | lr=0.000149489 | cpu_batch_ms=0.9 | provider_batch_ms=294.6 | prefetch_q=100 | elapsed=248171.3s
progress | opt_step=62675/172211 | micro_step=501400/1377681 | stage=stage2 | span=1 | train_loss=2.9057 | lr=0.000149436 | cpu_batch_ms=0.9 | provider_batch_ms=317.3 | prefetch_q=97 | elapsed=248264.1s
progress | opt_step=62700/172211 | micro_step=501600/1377681 | stage=stage2 | span=1 | train_loss=2.9088 | lr=0.000149383 | cpu_batch_ms=0.9 | provider_batch_ms=329.3 | prefetch_q=100 | elapsed=248357.3s
progress | opt_step=62725/172211 | micro_step=501800/1377681 | stage=stage2 | span=1 | train_loss=2.8791 | lr=0.00014933 | cpu_batch_ms=0.9 | provider_batch_ms=246.2 | prefetch_q=98 | elapsed=248485.4s
progress | opt_step=62750/172211 | micro_step=502000/1377681 | stage=stage2 | span=1 | train_loss=2.8961 | lr=0.000149277 | cpu_batch_ms=0.9 | provider_batch_ms=299.3 | prefetch_q=100 | elapsed=248578.8s
progress | opt_step=62775/172211 | micro_step=502200/1377681 | stage=stage2 | span=1 | train_loss=2.3265 | lr=0.000149224 | cpu_batch_ms=0.9 | provider_batch_ms=323.7 | prefetch_q=95 | elapsed=248672.1s
progress | opt_step=62800/172211 | micro_step=502400/1377681 | stage=stage2 | span=1 | train_loss=2.3371 | lr=0.000149171 | cpu_batch_ms=0.9 | provider_batch_ms=332.7 | prefetch_q=96 | elapsed=248764.8s
eval | opt_step=62800 | micro_step=502400 | train_loss=2.3371 | val_loss=2.8757 | val_ppl=17.74
progress | opt_step=62825/172211 | micro_step=502600/1377681 | stage=stage2 | span=1 | train_loss=2.9811 | lr=0.000149118 | cpu_batch_ms=0.9 | provider_batch_ms=256.3 | prefetch_q=99 | elapsed=248889.8s
progress | opt_step=62850/172211 | micro_step=502800/1377681 | stage=stage2 | span=1 | train_loss=2.4687 | lr=0.000149065 | cpu_batch_ms=0.9 | provider_batch_ms=303.3 | prefetch_q=94 | elapsed=248982.6s
progress | opt_step=62875/172211 | micro_step=503000/1377681 | stage=stage2 | span=1 | train_loss=2.8006 | lr=0.000149012 | cpu_batch_ms=0.9 | provider_batch_ms=318.8 | prefetch_q=100 | elapsed=249076.2s
progress | opt_step=62900/172211 | micro_step=503200/1377681 | stage=stage2 | span=1 | train_loss=2.7030 | lr=0.000148959 | cpu_batch_ms=0.9 | provider_batch_ms=330.2 | prefetch_q=100 | elapsed=249169.7s
progress | opt_step=62925/172211 | micro_step=503400/1377681 | stage=stage2 | span=1 | train_loss=2.7369 | lr=0.000148905 | cpu_batch_ms=0.9 | provider_batch_ms=233.3 | prefetch_q=98 | elapsed=249284.4s
progress | opt_step=62950/172211 | micro_step=503600/1377681 | stage=stage2 | span=1 | train_loss=2.0975 | lr=0.000148852 | cpu_batch_ms=0.9 | provider_batch_ms=277.6 | prefetch_q=100 | elapsed=249377.2s
progress | opt_step=62975/172211 | micro_step=503800/1377681 | stage=stage2 | span=1 | train_loss=2.3888 | lr=0.000148799 | cpu_batch_ms=0.9 | provider_batch_ms=303.7 | prefetch_q=98 | elapsed=249470.4s
progress | opt_step=63000/172211 | micro_step=504000/1377681 | stage=stage2 | span=1 | train_loss=2.9148 | lr=0.000148746 | cpu_batch_ms=0.9 | provider_batch_ms=325.8 | prefetch_q=100 | elapsed=249564.0s
eval | opt_step=63000 | micro_step=504000 | train_loss=2.9148 | val_loss=2.8761 | val_ppl=17.74
progress | opt_step=63025/172211 | micro_step=504200/1377681 | stage=stage2 | span=1 | train_loss=2.5732 | lr=0.000148693 | cpu_batch_ms=0.9 | provider_batch_ms=234.3 | prefetch_q=100 | elapsed=249685.3s
progress | opt_step=63050/172211 | micro_step=504400/1377681 | stage=stage2 | span=1 | train_loss=2.5064 | lr=0.00014864 | cpu_batch_ms=0.9 | provider_batch_ms=287.3 | prefetch_q=100 | elapsed=249778.6s
progress | opt_step=63075/172211 | micro_step=504600/1377681 | stage=stage2 | span=1 | train_loss=2.9740 | lr=0.000148586 | cpu_batch_ms=0.9 | provider_batch_ms=315.6 | prefetch_q=100 | elapsed=249872.7s
progress | opt_step=63100/172211 | micro_step=504800/1377681 | stage=stage2 | span=1 | train_loss=2.5994 | lr=0.000148533 | cpu_batch_ms=0.9 | provider_batch_ms=326.6 | prefetch_q=100 | elapsed=249965.5s
progress | opt_step=63125/172211 | micro_step=505000/1377681 | stage=stage2 | span=1 | train_loss=2.3683 | lr=0.00014848 | cpu_batch_ms=0.9 | provider_batch_ms=237.6 | prefetch_q=100 | elapsed=250081.6s
progress | opt_step=63150/172211 | micro_step=505200/1377681 | stage=stage2 | span=1 | train_loss=2.2426 | lr=0.000148427 | cpu_batch_ms=0.9 | provider_batch_ms=298.2 | prefetch_q=97 | elapsed=250174.8s
progress | opt_step=63175/172211 | micro_step=505400/1377681 | stage=stage2 | span=1 | train_loss=2.7121 | lr=0.000148373 | cpu_batch_ms=0.9 | provider_batch_ms=314.2 | prefetch_q=99 | elapsed=250267.3s
progress | opt_step=63200/172211 | micro_step=505600/1377681 | stage=stage2 | span=1 | train_loss=2.7996 | lr=0.00014832 | cpu_batch_ms=0.9 | provider_batch_ms=320.3 | prefetch_q=96 | elapsed=250360.0s
eval | opt_step=63200 | micro_step=505600 | train_loss=2.7996 | val_loss=2.8824 | val_ppl=17.86
progress | opt_step=63225/172211 | micro_step=505800/1377681 | stage=stage2 | span=1 | train_loss=2.4033 | lr=0.000148267 | cpu_batch_ms=0.9 | provider_batch_ms=253.6 | prefetch_q=97 | elapsed=250485.5s
progress | opt_step=63250/172211 | micro_step=506000/1377681 | stage=stage2 | span=1 | train_loss=2.7347 | lr=0.000148214 | cpu_batch_ms=0.9 | provider_batch_ms=295.5 | prefetch_q=98 | elapsed=250578.9s
progress | opt_step=63275/172211 | micro_step=506200/1377681 | stage=stage2 | span=1 | train_loss=2.7049 | lr=0.00014816 | cpu_batch_ms=0.9 | provider_batch_ms=315.9 | prefetch_q=100 | elapsed=250671.7s
progress | opt_step=63300/172211 | micro_step=506400/1377681 | stage=stage2 | span=1 | train_loss=2.4822 | lr=0.000148107 | cpu_batch_ms=0.9 | provider_batch_ms=322.9 | prefetch_q=98 | elapsed=250764.8s
progress | opt_step=63325/172211 | micro_step=506600/1377681 | stage=stage2 | span=1 | train_loss=2.5425 | lr=0.000148053 | cpu_batch_ms=0.9 | provider_batch_ms=253.1 | prefetch_q=100 | elapsed=250900.9s
progress | opt_step=63350/172211 | micro_step=506800/1377681 | stage=stage2 | span=1 | train_loss=2.7682 | lr=0.000148 | cpu_batch_ms=0.9 | provider_batch_ms=298.7 | prefetch_q=100 | elapsed=250994.1s
progress | opt_step=63375/172211 | micro_step=507000/1377681 | stage=stage2 | span=1 | train_loss=2.8901 | lr=0.000147947 | cpu_batch_ms=0.9 | provider_batch_ms=317.0 | prefetch_q=100 | elapsed=251087.5s
progress | opt_step=63400/172211 | micro_step=507200/1377681 | stage=stage2 | span=1 | train_loss=2.3163 | lr=0.000147893 | cpu_batch_ms=0.9 | provider_batch_ms=326.4 | prefetch_q=97 | elapsed=251180.1s
eval | opt_step=63400 | micro_step=507200 | train_loss=2.3163 | val_loss=2.8721 | val_ppl=17.67
progress | opt_step=63425/172211 | micro_step=507400/1377681 | stage=stage2 | span=1 | train_loss=2.8023 | lr=0.00014784 | cpu_batch_ms=0.9 | provider_batch_ms=218.5 | prefetch_q=99 | elapsed=251301.3s
progress | opt_step=63450/172211 | micro_step=507600/1377681 | stage=stage2 | span=1 | train_loss=2.8007 | lr=0.000147786 | cpu_batch_ms=0.9 | provider_batch_ms=267.6 | prefetch_q=100 | elapsed=251395.0s
progress | opt_step=63475/172211 | micro_step=507800/1377681 | stage=stage2 | span=1 | train_loss=2.6520 | lr=0.000147733 | cpu_batch_ms=0.9 | provider_batch_ms=295.4 | prefetch_q=99 | elapsed=251487.7s
progress | opt_step=63500/172211 | micro_step=508000/1377681 | stage=stage2 | span=1 | train_loss=3.0684 | lr=0.000147679 | cpu_batch_ms=0.9 | provider_batch_ms=314.1 | prefetch_q=97 | elapsed=251580.2s
progress | opt_step=63525/172211 | micro_step=508200/1377681 | stage=stage2 | span=1 | train_loss=3.2053 | lr=0.000147626 | cpu_batch_ms=0.9 | provider_batch_ms=259.2 | prefetch_q=100 | elapsed=251713.1s
progress | opt_step=63550/172211 | micro_step=508400/1377681 | stage=stage2 | span=1 | train_loss=2.8198 | lr=0.000147572 | cpu_batch_ms=0.9 | provider_batch_ms=294.9 | prefetch_q=100 | elapsed=251806.2s
progress | opt_step=63575/172211 | micro_step=508600/1377681 | stage=stage2 | span=1 | train_loss=2.9134 | lr=0.000147519 | cpu_batch_ms=0.9 | provider_batch_ms=316.5 | prefetch_q=100 | elapsed=251899.9s
progress | opt_step=63600/172211 | micro_step=508800/1377681 | stage=stage2 | span=1 | train_loss=2.7263 | lr=0.000147465 | cpu_batch_ms=0.9 | provider_batch_ms=320.1 | prefetch_q=100 | elapsed=251992.3s
eval | opt_step=63600 | micro_step=508800 | train_loss=2.7263 | val_loss=2.8665 | val_ppl=17.58
progress | opt_step=63625/172211 | micro_step=509000/1377681 | stage=stage2 | span=1 | train_loss=2.6966 | lr=0.000147412 | cpu_batch_ms=0.9 | provider_batch_ms=242.8 | prefetch_q=100 | elapsed=252138.1s
progress | opt_step=63650/172211 | micro_step=509200/1377681 | stage=stage2 | span=1 | train_loss=2.7613 | lr=0.000147358 | cpu_batch_ms=0.9 | provider_batch_ms=288.4 | prefetch_q=99 | elapsed=252231.1s
progress | opt_step=63675/172211 | micro_step=509400/1377681 | stage=stage2 | span=1 | train_loss=1.7947 | lr=0.000147305 | cpu_batch_ms=0.9 | provider_batch_ms=313.5 | prefetch_q=100 | elapsed=252324.3s
progress | opt_step=63700/172211 | micro_step=509600/1377681 | stage=stage2 | span=1 | train_loss=2.6694 | lr=0.000147251 | cpu_batch_ms=0.9 | provider_batch_ms=330.6 | prefetch_q=99 | elapsed=252418.1s
progress | opt_step=63725/172211 | micro_step=509800/1377681 | stage=stage2 | span=1 | train_loss=2.7781 | lr=0.000147197 | cpu_batch_ms=0.9 | provider_batch_ms=244.8 | prefetch_q=100 | elapsed=252544.1s
progress | opt_step=63750/172211 | micro_step=510000/1377681 | stage=stage2 | span=1 | train_loss=2.7424 | lr=0.000147144 | cpu_batch_ms=0.9 | provider_batch_ms=297.4 | prefetch_q=100 | elapsed=252637.9s
progress | opt_step=63775/172211 | micro_step=510200/1377681 | stage=stage2 | span=1 | train_loss=2.6285 | lr=0.00014709 | cpu_batch_ms=0.9 | provider_batch_ms=324.0 | prefetch_q=100 | elapsed=252732.1s
progress | opt_step=63800/172211 | micro_step=510400/1377681 | stage=stage2 | span=1 | train_loss=2.3580 | lr=0.000147036 | cpu_batch_ms=0.9 | provider_batch_ms=329.0 | prefetch_q=100 | elapsed=252824.5s
eval | opt_step=63800 | micro_step=510400 | train_loss=2.3580 | val_loss=2.8823 | val_ppl=17.86
progress | opt_step=63825/172211 | micro_step=510600/1377681 | stage=stage2 | span=1 | train_loss=2.5092 | lr=0.000146983 | cpu_batch_ms=0.9 | provider_batch_ms=228.4 | prefetch_q=100 | elapsed=252948.6s
progress | opt_step=63850/172211 | micro_step=510800/1377681 | stage=stage2 | span=1 | train_loss=2.7145 | lr=0.000146929 | cpu_batch_ms=0.9 | provider_batch_ms=287.6 | prefetch_q=100 | elapsed=253042.5s
progress | opt_step=63875/172211 | micro_step=511000/1377681 | stage=stage2 | span=1 | train_loss=3.1300 | lr=0.000146875 | cpu_batch_ms=0.9 | provider_batch_ms=310.8 | prefetch_q=99 | elapsed=253135.4s
progress | opt_step=63900/172211 | micro_step=511200/1377681 | stage=stage2 | span=1 | train_loss=2.4597 | lr=0.000146821 | cpu_batch_ms=0.9 | provider_batch_ms=319.6 | prefetch_q=100 | elapsed=253228.1s
progress | opt_step=63925/172211 | micro_step=511400/1377681 | stage=stage2 | span=1 | train_loss=3.0042 | lr=0.000146768 | cpu_batch_ms=0.9 | provider_batch_ms=266.2 | prefetch_q=100 | elapsed=253359.5s
progress | opt_step=63950/172211 | micro_step=511600/1377681 | stage=stage2 | span=1 | train_loss=2.5681 | lr=0.000146714 | cpu_batch_ms=0.9 | provider_batch_ms=310.0 | prefetch_q=100 | elapsed=253452.7s
progress | opt_step=63975/172211 | micro_step=511800/1377681 | stage=stage2 | span=1 | train_loss=2.6227 | lr=0.00014666 | cpu_batch_ms=0.9 | provider_batch_ms=318.1 | prefetch_q=98 | elapsed=253545.1s
progress | opt_step=64000/172211 | micro_step=512000/1377681 | stage=stage2 | span=1 | train_loss=2.7865 | lr=0.000146606 | cpu_batch_ms=0.9 | provider_batch_ms=327.5 | prefetch_q=100 | elapsed=253637.8s
eval | opt_step=64000 | micro_step=512000 | train_loss=2.7865 | val_loss=2.8695 | val_ppl=17.63
progress | opt_step=64025/172211 | micro_step=512200/1377681 | stage=stage2 | span=1 | train_loss=2.3521 | lr=0.000146552 | cpu_batch_ms=0.9 | provider_batch_ms=250.5 | prefetch_q=100 | elapsed=253778.1s
progress | opt_step=64050/172211 | micro_step=512400/1377681 | stage=stage2 | span=1 | train_loss=2.9094 | lr=0.000146499 | cpu_batch_ms=0.9 | provider_batch_ms=300.6 | prefetch_q=100 | elapsed=253871.3s
progress | opt_step=64075/172211 | micro_step=512600/1377681 | stage=stage2 | span=1 | train_loss=2.6875 | lr=0.000146445 | cpu_batch_ms=0.9 | provider_batch_ms=323.9 | prefetch_q=100 | elapsed=253964.8s
progress | opt_step=64100/172211 | micro_step=512800/1377681 | stage=stage2 | span=1 | train_loss=2.4803 | lr=0.000146391 | cpu_batch_ms=0.9 | provider_batch_ms=322.6 | prefetch_q=99 | elapsed=254056.9s
progress | opt_step=64125/172211 | micro_step=513000/1377681 | stage=stage2 | span=1 | train_loss=2.4367 | lr=0.000146337 | cpu_batch_ms=0.9 | provider_batch_ms=251.3 | prefetch_q=99 | elapsed=254181.8s
progress | opt_step=64150/172211 | micro_step=513200/1377681 | stage=stage2 | span=1 | train_loss=2.7834 | lr=0.000146283 | cpu_batch_ms=0.9 | provider_batch_ms=295.1 | prefetch_q=100 | elapsed=254274.8s
progress | opt_step=64175/172211 | micro_step=513400/1377681 | stage=stage2 | span=1 | train_loss=2.5952 | lr=0.000146229 | cpu_batch_ms=0.9 | provider_batch_ms=317.9 | prefetch_q=100 | elapsed=254368.2s
progress | opt_step=64200/172211 | micro_step=513600/1377681 | stage=stage2 | span=1 | train_loss=2.2851 | lr=0.000146175 | cpu_batch_ms=0.9 | provider_batch_ms=327.3 | prefetch_q=100 | elapsed=254461.2s
eval | opt_step=64200 | micro_step=513600 | train_loss=2.2851 | val_loss=2.8628 | val_ppl=17.51
progress | opt_step=64225/172211 | micro_step=513800/1377681 | stage=stage2 | span=1 | train_loss=2.6374 | lr=0.000146121 | cpu_batch_ms=0.9 | provider_batch_ms=247.4 | prefetch_q=100 | elapsed=254618.4s
progress | opt_step=64250/172211 | micro_step=514000/1377681 | stage=stage2 | span=1 | train_loss=3.0529 | lr=0.000146067 | cpu_batch_ms=0.9 | provider_batch_ms=315.1 | prefetch_q=93 | elapsed=254712.1s
progress | opt_step=64275/172211 | micro_step=514200/1377681 | stage=stage2 | span=1 | train_loss=2.5325 | lr=0.000146013 | cpu_batch_ms=0.9 | provider_batch_ms=323.2 | prefetch_q=99 | elapsed=254805.5s
progress | opt_step=64300/172211 | micro_step=514400/1377681 | stage=stage2 | span=1 | train_loss=2.7883 | lr=0.000145959 | cpu_batch_ms=0.9 | provider_batch_ms=328.1 | prefetch_q=100 | elapsed=254898.1s
progress | opt_step=64325/172211 | micro_step=514600/1377681 | stage=stage2 | span=1 | train_loss=2.4163 | lr=0.000145905 | cpu_batch_ms=0.9 | provider_batch_ms=246.5 | prefetch_q=99 | elapsed=255021.8s
progress | opt_step=64350/172211 | micro_step=514800/1377681 | stage=stage2 | span=1 | train_loss=2.9396 | lr=0.000145851 | cpu_batch_ms=0.9 | provider_batch_ms=297.9 | prefetch_q=99 | elapsed=255114.9s
progress | opt_step=64375/172211 | micro_step=515000/1377681 | stage=stage2 | span=1 | train_loss=2.6669 | lr=0.000145797 | cpu_batch_ms=0.9 | provider_batch_ms=313.1 | prefetch_q=100 | elapsed=255208.3s
progress | opt_step=64400/172211 | micro_step=515200/1377681 | stage=stage2 | span=1 | train_loss=2.2248 | lr=0.000145743 | cpu_batch_ms=0.9 | provider_batch_ms=330.1 | prefetch_q=97 | elapsed=255301.9s
eval | opt_step=64400 | micro_step=515200 | train_loss=2.2248 | val_loss=2.8701 | val_ppl=17.64
progress | opt_step=64425/172211 | micro_step=515400/1377681 | stage=stage2 | span=1 | train_loss=2.7689 | lr=0.000145689 | cpu_batch_ms=0.9 | provider_batch_ms=219.1 | prefetch_q=100 | elapsed=255430.1s
progress | opt_step=64450/172211 | micro_step=515600/1377681 | stage=stage2 | span=1 | train_loss=2.6224 | lr=0.000145635 | cpu_batch_ms=0.9 | provider_batch_ms=262.0 | prefetch_q=100 | elapsed=255523.1s
progress | opt_step=64475/172211 | micro_step=515800/1377681 | stage=stage2 | span=1 | train_loss=2.8408 | lr=0.000145581 | cpu_batch_ms=0.9 | provider_batch_ms=302.1 | prefetch_q=98 | elapsed=255616.6s
progress | opt_step=64500/172211 | micro_step=516000/1377681 | stage=stage2 | span=1 | train_loss=2.7831 | lr=0.000145527 | cpu_batch_ms=0.9 | provider_batch_ms=322.5 | prefetch_q=98 | elapsed=255710.0s
progress | opt_step=64525/172211 | micro_step=516200/1377681 | stage=stage2 | span=1 | train_loss=2.3667 | lr=0.000145473 | cpu_batch_ms=0.9 | provider_batch_ms=257.9 | prefetch_q=100 | elapsed=255844.9s
progress | opt_step=64550/172211 | micro_step=516400/1377681 | stage=stage2 | span=1 | train_loss=3.0252 | lr=0.000145419 | cpu_batch_ms=0.9 | provider_batch_ms=298.8 | prefetch_q=100 | elapsed=255937.9s
progress | opt_step=64575/172211 | micro_step=516600/1377681 | stage=stage2 | span=1 | train_loss=2.7712 | lr=0.000145365 | cpu_batch_ms=0.9 | provider_batch_ms=316.3 | prefetch_q=100 | elapsed=256031.1s
progress | opt_step=64600/172211 | micro_step=516800/1377681 | stage=stage2 | span=1 | train_loss=2.7890 | lr=0.00014531 | cpu_batch_ms=0.9 | provider_batch_ms=328.5 | prefetch_q=100 | elapsed=256124.5s
eval | opt_step=64600 | micro_step=516800 | train_loss=2.7890 | val_loss=2.8617 | val_ppl=17.49
progress | opt_step=64625/172211 | micro_step=517000/1377681 | stage=stage2 | span=1 | train_loss=2.2589 | lr=0.000145256 | cpu_batch_ms=0.9 | provider_batch_ms=228.3 | prefetch_q=99 | elapsed=256275.4s
progress | opt_step=64650/172211 | micro_step=517200/1377681 | stage=stage2 | span=1 | train_loss=2.4196 | lr=0.000145202 | cpu_batch_ms=0.9 | provider_batch_ms=271.6 | prefetch_q=100 | elapsed=256368.6s
progress | opt_step=64675/172211 | micro_step=517400/1377681 | stage=stage2 | span=1 | train_loss=2.7657 | lr=0.000145148 | cpu_batch_ms=0.9 | provider_batch_ms=297.3 | prefetch_q=96 | elapsed=256461.0s
progress | opt_step=64700/172211 | micro_step=517600/1377681 | stage=stage2 | span=1 | train_loss=2.4727 | lr=0.000145093 | cpu_batch_ms=0.9 | provider_batch_ms=318.1 | prefetch_q=100 | elapsed=256554.5s
progress | opt_step=64725/172211 | micro_step=517800/1377681 | stage=stage2 | span=1 | train_loss=2.6396 | lr=0.000145039 | cpu_batch_ms=0.9 | provider_batch_ms=230.7 | prefetch_q=100 | elapsed=256671.3s
progress | opt_step=64750/172211 | micro_step=518000/1377681 | stage=stage2 | span=1 | train_loss=2.6082 | lr=0.000144985 | cpu_batch_ms=0.9 | provider_batch_ms=278.2 | prefetch_q=96 | elapsed=256764.3s
progress | opt_step=64775/172211 | micro_step=518200/1377681 | stage=stage2 | span=1 | train_loss=2.3906 | lr=0.000144931 | cpu_batch_ms=0.9 | provider_batch_ms=304.5 | prefetch_q=98 | elapsed=256858.1s
progress | opt_step=64800/172211 | micro_step=518400/1377681 | stage=stage2 | span=1 | train_loss=2.6427 | lr=0.000144876 | cpu_batch_ms=0.9 | provider_batch_ms=313.0 | prefetch_q=100 | elapsed=256950.3s
eval | opt_step=64800 | micro_step=518400 | train_loss=2.6427 | val_loss=2.8566 | val_ppl=17.40
progress | opt_step=64825/172211 | micro_step=518600/1377681 | stage=stage2 | span=1 | train_loss=2.9760 | lr=0.000144822 | cpu_batch_ms=0.9 | provider_batch_ms=233.2 | prefetch_q=100 | elapsed=257094.3s
progress | opt_step=64850/172211 | micro_step=518800/1377681 | stage=stage2 | span=1 | train_loss=2.4948 | lr=0.000144768 | cpu_batch_ms=0.9 | provider_batch_ms=294.7 | prefetch_q=100 | elapsed=257187.9s
progress | opt_step=64875/172211 | micro_step=519000/1377681 | stage=stage2 | span=1 | train_loss=2.5615 | lr=0.000144713 | cpu_batch_ms=0.9 | provider_batch_ms=315.4 | prefetch_q=100 | elapsed=257280.8s
progress | opt_step=64900/172211 | micro_step=519200/1377681 | stage=stage2 | span=1 | train_loss=2.7215 | lr=0.000144659 | cpu_batch_ms=0.9 | provider_batch_ms=326.2 | prefetch_q=100 | elapsed=257374.0s
progress | opt_step=64925/172211 | micro_step=519400/1377681 | stage=stage2 | span=1 | train_loss=3.0511 | lr=0.000144605 | cpu_batch_ms=0.9 | provider_batch_ms=259.3 | prefetch_q=100 | elapsed=257492.0s
progress | opt_step=64950/172211 | micro_step=519600/1377681 | stage=stage2 | span=1 | train_loss=2.7456 | lr=0.00014455 | cpu_batch_ms=0.9 | provider_batch_ms=303.9 | prefetch_q=100 | elapsed=257585.5s
progress | opt_step=64975/172211 | micro_step=519800/1377681 | stage=stage2 | span=1 | train_loss=2.4061 | lr=0.000144496 | cpu_batch_ms=0.9 | provider_batch_ms=317.1 | prefetch_q=98 | elapsed=257678.5s
progress | opt_step=65000/172211 | micro_step=520000/1377681 | stage=stage2 | span=1 | train_loss=2.5402 | lr=0.000144442 | cpu_batch_ms=0.9 | provider_batch_ms=328.5 | prefetch_q=98 | elapsed=257772.2s
eval | opt_step=65000 | micro_step=520000 | train_loss=2.5402 | val_loss=2.8588 | val_ppl=17.44
progress | opt_step=65025/172211 | micro_step=520200/1377681 | stage=stage2 | span=1 | train_loss=2.9586 | lr=0.000144387 | cpu_batch_ms=0.9 | provider_batch_ms=272.5 | prefetch_q=90 | elapsed=257892.3s
progress | opt_step=65050/172211 | micro_step=520400/1377681 | stage=stage2 | span=1 | train_loss=2.9218 | lr=0.000144333 | cpu_batch_ms=0.9 | provider_batch_ms=317.7 | prefetch_q=92 | elapsed=257985.3s
progress | opt_step=65075/172211 | micro_step=520600/1377681 | stage=stage2 | span=1 | train_loss=2.2471 | lr=0.000144278 | cpu_batch_ms=0.9 | provider_batch_ms=327.8 | prefetch_q=100 | elapsed=258078.4s
progress | opt_step=65100/172211 | micro_step=520800/1377681 | stage=stage2 | span=1 | train_loss=2.5566 | lr=0.000144224 | cpu_batch_ms=0.9 | provider_batch_ms=332.3 | prefetch_q=99 | elapsed=258171.0s
progress | opt_step=65125/172211 | micro_step=521000/1377681 | stage=stage2 | span=1 | train_loss=3.1495 | lr=0.000144169 | cpu_batch_ms=0.9 | provider_batch_ms=254.8 | prefetch_q=97 | elapsed=258288.0s
progress | opt_step=65150/172211 | micro_step=521200/1377681 | stage=stage2 | span=1 | train_loss=2.7387 | lr=0.000144115 | cpu_batch_ms=0.9 | provider_batch_ms=304.5 | prefetch_q=100 | elapsed=258381.8s
progress | opt_step=65175/172211 | micro_step=521400/1377681 | stage=stage2 | span=1 | train_loss=2.7733 | lr=0.00014406 | cpu_batch_ms=0.9 | provider_batch_ms=328.1 | prefetch_q=96 | elapsed=258475.8s
progress | opt_step=65200/172211 | micro_step=521600/1377681 | stage=stage2 | span=1 | train_loss=2.7162 | lr=0.000144006 | cpu_batch_ms=0.9 | provider_batch_ms=334.6 | prefetch_q=94 | elapsed=258568.1s
eval | opt_step=65200 | micro_step=521600 | train_loss=2.7162 | val_loss=2.8567 | val_ppl=17.40
progress | opt_step=65225/172211 | micro_step=521800/1377681 | stage=stage2 | span=1 | train_loss=2.7033 | lr=0.000143951 | cpu_batch_ms=0.9 | provider_batch_ms=241.8 | prefetch_q=98 | elapsed=258685.7s
progress | opt_step=65250/172211 | micro_step=522000/1377681 | stage=stage2 | span=1 | train_loss=2.1074 | lr=0.000143897 | cpu_batch_ms=0.9 | provider_batch_ms=281.4 | prefetch_q=99 | elapsed=258779.9s
progress | opt_step=65275/172211 | micro_step=522200/1377681 | stage=stage2 | span=1 | train_loss=2.8537 | lr=0.000143842 | cpu_batch_ms=0.9 | provider_batch_ms=305.4 | prefetch_q=97 | elapsed=258873.5s
progress | opt_step=65300/172211 | micro_step=522400/1377681 | stage=stage2 | span=1 | train_loss=2.4624 | lr=0.000143787 | cpu_batch_ms=0.9 | provider_batch_ms=324.3 | prefetch_q=100 | elapsed=258966.9s
progress | opt_step=65325/172211 | micro_step=522600/1377681 | stage=stage2 | span=1 | train_loss=2.7257 | lr=0.000143733 | cpu_batch_ms=0.9 | provider_batch_ms=245.9 | prefetch_q=99 | elapsed=259081.2s
progress | opt_step=65350/172211 | micro_step=522800/1377681 | stage=stage2 | span=1 | train_loss=2.4930 | lr=0.000143678 | cpu_batch_ms=0.9 | provider_batch_ms=299.4 | prefetch_q=100 | elapsed=259174.5s
progress | opt_step=65375/172211 | micro_step=523000/1377681 | stage=stage2 | span=1 | train_loss=2.6348 | lr=0.000143624 | cpu_batch_ms=0.9 | provider_batch_ms=322.0 | prefetch_q=100 | elapsed=259268.1s
progress | opt_step=65400/172211 | micro_step=523200/1377681 | stage=stage2 | span=1 | train_loss=2.5006 | lr=0.000143569 | cpu_batch_ms=0.9 | provider_batch_ms=338.9 | prefetch_q=96 | elapsed=259361.2s
eval | opt_step=65400 | micro_step=523200 | train_loss=2.5006 | val_loss=2.8599 | val_ppl=17.46
progress | opt_step=65425/172211 | micro_step=523400/1377681 | stage=stage2 | span=1 | train_loss=1.7705 | lr=0.000143514 | cpu_batch_ms=0.9 | provider_batch_ms=245.7 | prefetch_q=98 | elapsed=259480.1s
progress | opt_step=65450/172211 | micro_step=523600/1377681 | stage=stage2 | span=1 | train_loss=2.9063 | lr=0.00014346 | cpu_batch_ms=0.9 | provider_batch_ms=297.2 | prefetch_q=100 | elapsed=259573.3s
progress | opt_step=65475/172211 | micro_step=523800/1377681 | stage=stage2 | span=1 | train_loss=2.5510 | lr=0.000143405 | cpu_batch_ms=0.9 | provider_batch_ms=322.7 | prefetch_q=100 | elapsed=259667.3s
progress | opt_step=65500/172211 | micro_step=524000/1377681 | stage=stage2 | span=1 | train_loss=2.4219 | lr=0.00014335 | cpu_batch_ms=0.9 | provider_batch_ms=329.0 | prefetch_q=99 | elapsed=259759.7s
progress | opt_step=65525/172211 | micro_step=524200/1377681 | stage=stage2 | span=1 | train_loss=2.7087 | lr=0.000143295 | cpu_batch_ms=0.9 | provider_batch_ms=261.7 | prefetch_q=99 | elapsed=259879.9s
progress | opt_step=65550/172211 | micro_step=524400/1377681 | stage=stage2 | span=1 | train_loss=2.7759 | lr=0.000143241 | cpu_batch_ms=0.9 | provider_batch_ms=307.3 | prefetch_q=100 | elapsed=259973.6s
progress | opt_step=65575/172211 | micro_step=524600/1377681 | stage=stage2 | span=1 | train_loss=2.4945 | lr=0.000143186 | cpu_batch_ms=0.9 | provider_batch_ms=341.4 | prefetch_q=95 | elapsed=260067.5s
progress | opt_step=65600/172211 | micro_step=524800/1377681 | stage=stage2 | span=1 | train_loss=2.8736 | lr=0.000143131 | cpu_batch_ms=0.9 | provider_batch_ms=334.7 | prefetch_q=95 | elapsed=260159.6s
eval | opt_step=65600 | micro_step=524800 | train_loss=2.8736 | val_loss=2.8575 | val_ppl=17.42
progress | opt_step=65625/172211 | micro_step=525000/1377681 | stage=stage2 | span=1 | train_loss=2.2966 | lr=0.000143076 | cpu_batch_ms=0.9 | provider_batch_ms=239.6 | prefetch_q=100 | elapsed=260279.1s
progress | opt_step=65650/172211 | micro_step=525200/1377681 | stage=stage2 | span=1 | train_loss=2.7671 | lr=0.000143022 | cpu_batch_ms=0.9 | provider_batch_ms=306.4 | prefetch_q=92 | elapsed=260372.7s
progress | opt_step=65675/172211 | micro_step=525400/1377681 | stage=stage2 | span=1 | train_loss=2.6827 | lr=0.000142967 | cpu_batch_ms=0.9 | provider_batch_ms=327.5 | prefetch_q=99 | elapsed=260466.2s
progress | opt_step=65700/172211 | micro_step=525600/1377681 | stage=stage2 | span=1 | train_loss=2.6270 | lr=0.000142912 | cpu_batch_ms=0.9 | provider_batch_ms=343.6 | prefetch_q=98 | elapsed=260559.2s
progress | opt_step=65725/172211 | micro_step=525800/1377681 | stage=stage2 | span=1 | train_loss=2.9526 | lr=0.000142857 | cpu_batch_ms=0.9 | provider_batch_ms=268.7 | prefetch_q=96 | elapsed=260672.2s
progress | opt_step=65750/172211 | micro_step=526000/1377681 | stage=stage2 | span=1 | train_loss=2.5453 | lr=0.000142802 | cpu_batch_ms=0.9 | provider_batch_ms=317.7 | prefetch_q=100 | elapsed=260765.8s
progress | opt_step=65775/172211 | micro_step=526200/1377681 | stage=stage2 | span=1 | train_loss=2.8444 | lr=0.000142747 | cpu_batch_ms=0.9 | provider_batch_ms=335.0 | prefetch_q=98 | elapsed=260859.1s
progress | opt_step=65800/172211 | micro_step=526400/1377681 | stage=stage2 | span=1 | train_loss=2.6417 | lr=0.000142693 | cpu_batch_ms=0.9 | provider_batch_ms=344.0 | prefetch_q=100 | elapsed=260952.5s
eval | opt_step=65800 | micro_step=526400 | train_loss=2.6417 | val_loss=2.8648 | val_ppl=17.54
progress | opt_step=65825/172211 | micro_step=526600/1377681 | stage=stage2 | span=1 | train_loss=2.6380 | lr=0.000142638 | cpu_batch_ms=0.9 | provider_batch_ms=235.0 | prefetch_q=100 | elapsed=261069.3s
progress | opt_step=65850/172211 | micro_step=526800/1377681 | stage=stage2 | span=1 | train_loss=2.9465 | lr=0.000142583 | cpu_batch_ms=0.9 | provider_batch_ms=296.6 | prefetch_q=99 | elapsed=261162.7s
progress | opt_step=65875/172211 | micro_step=527000/1377681 | stage=stage2 | span=1 | train_loss=2.5778 | lr=0.000142528 | cpu_batch_ms=0.9 | provider_batch_ms=305.9 | prefetch_q=100 | elapsed=261255.0s
progress | opt_step=65900/172211 | micro_step=527200/1377681 | stage=stage2 | span=1 | train_loss=2.7023 | lr=0.000142473 | cpu_batch_ms=0.9 | provider_batch_ms=321.0 | prefetch_q=93 | elapsed=261346.9s
progress | opt_step=65925/172211 | micro_step=527400/1377681 | stage=stage2 | span=1 | train_loss=2.3529 | lr=0.000142418 | cpu_batch_ms=0.9 | provider_batch_ms=249.1 | prefetch_q=100 | elapsed=261459.1s
progress | opt_step=65950/172211 | micro_step=527600/1377681 | stage=stage2 | span=1 | train_loss=2.8203 | lr=0.000142363 | cpu_batch_ms=0.9 | provider_batch_ms=294.9 | prefetch_q=100 | elapsed=261552.1s
progress | opt_step=65975/172211 | micro_step=527800/1377681 | stage=stage2 | span=1 | train_loss=2.6892 | lr=0.000142308 | cpu_batch_ms=0.9 | provider_batch_ms=316.6 | prefetch_q=100 | elapsed=261645.5s
progress | opt_step=66000/172211 | micro_step=528000/1377681 | stage=stage2 | span=1 | train_loss=2.8551 | lr=0.000142253 | cpu_batch_ms=0.9 | provider_batch_ms=328.4 | prefetch_q=97 | elapsed=261738.3s
eval | opt_step=66000 | micro_step=528000 | train_loss=2.8551 | val_loss=2.8656 | val_ppl=17.56
progress | opt_step=66025/172211 | micro_step=528200/1377681 | stage=stage2 | span=1 | train_loss=2.6439 | lr=0.000142198 | cpu_batch_ms=0.9 | provider_batch_ms=228.0 | prefetch_q=99 | elapsed=261855.5s
progress | opt_step=66050/172211 | micro_step=528400/1377681 | stage=stage2 | span=1 | train_loss=2.8029 | lr=0.000142143 | cpu_batch_ms=0.9 | provider_batch_ms=288.8 | prefetch_q=98 | elapsed=261948.3s
progress | opt_step=66075/172211 | micro_step=528600/1377681 | stage=stage2 | span=1 | train_loss=2.5118 | lr=0.000142088 | cpu_batch_ms=0.9 | provider_batch_ms=306.9 | prefetch_q=100 | elapsed=262040.9s
progress | opt_step=66100/172211 | micro_step=528800/1377681 | stage=stage2 | span=1 | train_loss=2.8782 | lr=0.000142033 | cpu_batch_ms=0.9 | provider_batch_ms=321.6 | prefetch_q=94 | elapsed=262134.0s
progress | opt_step=66125/172211 | micro_step=529000/1377681 | stage=stage2 | span=1 | train_loss=3.0828 | lr=0.000141978 | cpu_batch_ms=0.9 | provider_batch_ms=235.9 | prefetch_q=96 | elapsed=262253.0s
progress | opt_step=66150/172211 | micro_step=529200/1377681 | stage=stage2 | span=1 | train_loss=3.1623 | lr=0.000141923 | cpu_batch_ms=0.9 | provider_batch_ms=286.7 | prefetch_q=97 | elapsed=262347.1s
progress | opt_step=66175/172211 | micro_step=529400/1377681 | stage=stage2 | span=1 | train_loss=2.0665 | lr=0.000141868 | cpu_batch_ms=0.9 | provider_batch_ms=319.3 | prefetch_q=93 | elapsed=262440.6s
progress | opt_step=66200/172211 | micro_step=529600/1377681 | stage=stage2 | span=1 | train_loss=2.4924 | lr=0.000141813 | cpu_batch_ms=0.9 | provider_batch_ms=330.9 | prefetch_q=98 | elapsed=262533.8s
eval | opt_step=66200 | micro_step=529600 | train_loss=2.4924 | val_loss=2.8501 | val_ppl=17.29
progress | opt_step=66225/172211 | micro_step=529800/1377681 | stage=stage2 | span=1 | train_loss=2.8510 | lr=0.000141758 | cpu_batch_ms=0.9 | provider_batch_ms=247.0 | prefetch_q=100 | elapsed=262675.3s
progress | opt_step=66250/172211 | micro_step=530000/1377681 | stage=stage2 | span=1 | train_loss=2.3915 | lr=0.000141703 | cpu_batch_ms=0.9 | provider_batch_ms=299.6 | prefetch_q=98 | elapsed=262768.3s
progress | opt_step=66275/172211 | micro_step=530200/1377681 | stage=stage2 | span=1 | train_loss=2.5667 | lr=0.000141647 | cpu_batch_ms=0.9 | provider_batch_ms=329.1 | prefetch_q=100 | elapsed=262862.2s
progress | opt_step=66300/172211 | micro_step=530400/1377681 | stage=stage2 | span=1 | train_loss=2.8075 | lr=0.000141592 | cpu_batch_ms=0.9 | provider_batch_ms=337.0 | prefetch_q=98 | elapsed=262954.7s
progress | opt_step=66325/172211 | micro_step=530600/1377681 | stage=stage2 | span=1 | train_loss=2.3678 | lr=0.000141537 | cpu_batch_ms=0.9 | provider_batch_ms=266.7 | prefetch_q=95 | elapsed=263074.5s
progress | opt_step=66350/172211 | micro_step=530800/1377681 | stage=stage2 | span=1 | train_loss=2.5294 | lr=0.000141482 | cpu_batch_ms=0.9 | provider_batch_ms=303.6 | prefetch_q=100 | elapsed=263168.3s
progress | opt_step=66375/172211 | micro_step=531000/1377681 | stage=stage2 | span=1 | train_loss=2.5701 | lr=0.000141427 | cpu_batch_ms=0.9 | provider_batch_ms=318.9 | prefetch_q=93 | elapsed=263261.0s
progress | opt_step=66400/172211 | micro_step=531200/1377681 | stage=stage2 | span=1 | train_loss=2.5055 | lr=0.000141371 | cpu_batch_ms=0.9 | provider_batch_ms=325.1 | prefetch_q=99 | elapsed=263353.1s
eval | opt_step=66400 | micro_step=531200 | train_loss=2.5055 | val_loss=2.8576 | val_ppl=17.42
progress | opt_step=66425/172211 | micro_step=531400/1377681 | stage=stage2 | span=1 | train_loss=2.7411 | lr=0.000141316 | cpu_batch_ms=0.9 | provider_batch_ms=236.3 | prefetch_q=99 | elapsed=263470.6s
progress | opt_step=66450/172211 | micro_step=531600/1377681 | stage=stage2 | span=1 | train_loss=2.3797 | lr=0.000141261 | cpu_batch_ms=0.9 | provider_batch_ms=296.2 | prefetch_q=99 | elapsed=263563.5s
progress | opt_step=66475/172211 | micro_step=531800/1377681 | stage=stage2 | span=1 | train_loss=2.7666 | lr=0.000141206 | cpu_batch_ms=0.9 | provider_batch_ms=308.9 | prefetch_q=100 | elapsed=263656.3s
progress | opt_step=66500/172211 | micro_step=532000/1377681 | stage=stage2 | span=1 | train_loss=2.5567 | lr=0.000141151 | cpu_batch_ms=0.9 | provider_batch_ms=325.1 | prefetch_q=95 | elapsed=263749.3s
progress | opt_step=66525/172211 | micro_step=532200/1377681 | stage=stage2 | span=1 | train_loss=2.7573 | lr=0.000141095 | cpu_batch_ms=0.9 | provider_batch_ms=254.9 | prefetch_q=100 | elapsed=263868.3s
progress | opt_step=66550/172211 | micro_step=532400/1377681 | stage=stage2 | span=1 | train_loss=2.0914 | lr=0.00014104 | cpu_batch_ms=0.9 | provider_batch_ms=300.8 | prefetch_q=100 | elapsed=263962.1s
progress | opt_step=66575/172211 | micro_step=532600/1377681 | stage=stage2 | span=1 | train_loss=2.9285 | lr=0.000140985 | cpu_batch_ms=0.9 | provider_batch_ms=320.4 | prefetch_q=97 | elapsed=264055.5s
progress | opt_step=66600/172211 | micro_step=532800/1377681 | stage=stage2 | span=1 | train_loss=2.0681 | lr=0.000140929 | cpu_batch_ms=0.9 | provider_batch_ms=326.5 | prefetch_q=100 | elapsed=264148.5s
eval | opt_step=66600 | micro_step=532800 | train_loss=2.0681 | val_loss=2.8508 | val_ppl=17.30
progress | opt_step=66625/172211 | micro_step=533000/1377681 | stage=stage2 | span=1 | train_loss=2.6960 | lr=0.000140874 | cpu_batch_ms=0.9 | provider_batch_ms=248.6 | prefetch_q=99 | elapsed=264268.6s
progress | opt_step=66650/172211 | micro_step=533200/1377681 | stage=stage2 | span=1 | train_loss=2.2110 | lr=0.000140819 | cpu_batch_ms=0.9 | provider_batch_ms=291.2 | prefetch_q=100 | elapsed=264360.9s
progress | opt_step=66675/172211 | micro_step=533400/1377681 | stage=stage2 | span=1 | train_loss=2.6142 | lr=0.000140763 | cpu_batch_ms=0.9 | provider_batch_ms=314.3 | prefetch_q=99 | elapsed=264454.1s
progress | opt_step=66700/172211 | micro_step=533600/1377681 | stage=stage2 | span=1 | train_loss=2.8206 | lr=0.000140708 | cpu_batch_ms=0.9 | provider_batch_ms=325.6 | prefetch_q=100 | elapsed=264547.9s
progress | opt_step=66725/172211 | micro_step=533800/1377681 | stage=stage2 | span=1 | train_loss=2.5976 | lr=0.000140653 | cpu_batch_ms=0.9 | provider_batch_ms=241.5 | prefetch_q=100 | elapsed=264662.0s
progress | opt_step=66750/172211 | micro_step=534000/1377681 | stage=stage2 | span=1 | train_loss=2.7160 | lr=0.000140597 | cpu_batch_ms=0.9 | provider_batch_ms=289.6 | prefetch_q=100 | elapsed=264755.2s
progress | opt_step=66775/172211 | micro_step=534200/1377681 | stage=stage2 | span=1 | train_loss=2.6350 | lr=0.000140542 | cpu_batch_ms=0.9 | provider_batch_ms=307.1 | prefetch_q=97 | elapsed=264848.2s
progress | opt_step=66800/172211 | micro_step=534400/1377681 | stage=stage2 | span=1 | train_loss=2.7925 | lr=0.000140486 | cpu_batch_ms=0.9 | provider_batch_ms=322.4 | prefetch_q=100 | elapsed=264941.0s
eval | opt_step=66800 | micro_step=534400 | train_loss=2.7925 | val_loss=2.8466 | val_ppl=17.23
progress | opt_step=66825/172211 | micro_step=534600/1377681 | stage=stage2 | span=1 | train_loss=2.4851 | lr=0.000140431 | cpu_batch_ms=0.9 | provider_batch_ms=257.2 | prefetch_q=98 | elapsed=265076.1s
progress | opt_step=66850/172211 | micro_step=534800/1377681 | stage=stage2 | span=1 | train_loss=2.5627 | lr=0.000140376 | cpu_batch_ms=0.9 | provider_batch_ms=299.9 | prefetch_q=99 | elapsed=265169.6s
progress | opt_step=66875/172211 | micro_step=535000/1377681 | stage=stage2 | span=1 | train_loss=2.3309 | lr=0.00014032 | cpu_batch_ms=0.9 | provider_batch_ms=325.4 | prefetch_q=96 | elapsed=265262.7s
progress | opt_step=66900/172211 | micro_step=535200/1377681 | stage=stage2 | span=1 | train_loss=2.2752 | lr=0.000140265 | cpu_batch_ms=0.9 | provider_batch_ms=330.8 | prefetch_q=99 | elapsed=265355.2s
progress | opt_step=66925/172211 | micro_step=535400/1377681 | stage=stage2 | span=1 | train_loss=2.8641 | lr=0.000140209 | cpu_batch_ms=0.9 | provider_batch_ms=255.6 | prefetch_q=100 | elapsed=265468.2s
progress | opt_step=66950/172211 | micro_step=535600/1377681 | stage=stage2 | span=1 | train_loss=2.6126 | lr=0.000140154 | cpu_batch_ms=0.9 | provider_batch_ms=293.8 | prefetch_q=99 | elapsed=265561.3s
progress | opt_step=66975/172211 | micro_step=535800/1377681 | stage=stage2 | span=1 | train_loss=2.3213 | lr=0.000140098 | cpu_batch_ms=0.9 | provider_batch_ms=321.0 | prefetch_q=100 | elapsed=265654.8s
progress | opt_step=67000/172211 | micro_step=536000/1377681 | stage=stage2 | span=1 | train_loss=2.5821 | lr=0.000140043 | cpu_batch_ms=0.9 | provider_batch_ms=326.8 | prefetch_q=100 | elapsed=265747.7s
eval | opt_step=67000 | micro_step=536000 | train_loss=2.5821 | val_loss=2.8534 | val_ppl=17.35
progress | opt_step=67025/172211 | micro_step=536200/1377681 | stage=stage2 | span=1 | train_loss=2.7052 | lr=0.000139987 | cpu_batch_ms=0.9 | provider_batch_ms=232.4 | prefetch_q=96 | elapsed=265860.9s
progress | opt_step=67050/172211 | micro_step=536400/1377681 | stage=stage2 | span=1 | train_loss=2.6858 | lr=0.000139932 | cpu_batch_ms=0.9 | provider_batch_ms=290.4 | prefetch_q=100 | elapsed=265954.2s
progress | opt_step=67075/172211 | micro_step=536600/1377681 | stage=stage2 | span=1 | train_loss=2.8009 | lr=0.000139876 | cpu_batch_ms=0.9 | provider_batch_ms=317.5 | prefetch_q=98 | elapsed=266047.9s
progress | opt_step=67100/172211 | micro_step=536800/1377681 | stage=stage2 | span=1 | train_loss=2.8495 | lr=0.00013982 | cpu_batch_ms=0.9 | provider_batch_ms=329.7 | prefetch_q=98 | elapsed=266140.2s
progress | opt_step=67125/172211 | micro_step=537000/1377681 | stage=stage2 | span=1 | train_loss=2.7532 | lr=0.000139765 | cpu_batch_ms=0.9 | provider_batch_ms=247.7 | prefetch_q=100 | elapsed=266253.2s
progress | opt_step=67150/172211 | micro_step=537200/1377681 | stage=stage2 | span=1 | train_loss=2.8718 | lr=0.000139709 | cpu_batch_ms=0.9 | provider_batch_ms=297.4 | prefetch_q=100 | elapsed=266346.6s
progress | opt_step=67175/172211 | micro_step=537400/1377681 | stage=stage2 | span=1 | train_loss=2.3407 | lr=0.000139654 | cpu_batch_ms=0.9 | provider_batch_ms=312.1 | prefetch_q=100 | elapsed=266439.2s
progress | opt_step=67200/172211 | micro_step=537600/1377681 | stage=stage2 | span=1 | train_loss=2.7803 | lr=0.000139598 | cpu_batch_ms=0.9 | provider_batch_ms=324.3 | prefetch_q=99 | elapsed=266532.3s
eval | opt_step=67200 | micro_step=537600 | train_loss=2.7803 | val_loss=2.8582 | val_ppl=17.43
progress | opt_step=67225/172211 | micro_step=537800/1377681 | stage=stage2 | span=1 | train_loss=2.1894 | lr=0.000139542 | cpu_batch_ms=0.9 | provider_batch_ms=245.8 | prefetch_q=96 | elapsed=266645.7s
progress | opt_step=67250/172211 | micro_step=538000/1377681 | stage=stage2 | span=1 | train_loss=1.8100 | lr=0.000139487 | cpu_batch_ms=0.9 | provider_batch_ms=288.4 | prefetch_q=99 | elapsed=266738.8s
progress | opt_step=67275/172211 | micro_step=538200/1377681 | stage=stage2 | span=1 | train_loss=2.9021 | lr=0.000139431 | cpu_batch_ms=0.9 | provider_batch_ms=305.1 | prefetch_q=99 | elapsed=266831.8s
progress | opt_step=67300/172211 | micro_step=538400/1377681 | stage=stage2 | span=1 | train_loss=2.7123 | lr=0.000139375 | cpu_batch_ms=0.9 | provider_batch_ms=322.8 | prefetch_q=98 | elapsed=266925.8s
progress | opt_step=67325/172211 | micro_step=538600/1377681 | stage=stage2 | span=1 | train_loss=2.8466 | lr=0.00013932 | cpu_batch_ms=0.9 | provider_batch_ms=232.5 | prefetch_q=97 | elapsed=267038.2s
progress | opt_step=67350/172211 | micro_step=538800/1377681 | stage=stage2 | span=1 | train_loss=3.2013 | lr=0.000139264 | cpu_batch_ms=0.9 | provider_batch_ms=287.7 | prefetch_q=100 | elapsed=267131.6s
progress | opt_step=67375/172211 | micro_step=539000/1377681 | stage=stage2 | span=1 | train_loss=2.8097 | lr=0.000139208 | cpu_batch_ms=0.9 | provider_batch_ms=311.1 | prefetch_q=97 | elapsed=267225.0s
progress | opt_step=67400/172211 | micro_step=539200/1377681 | stage=stage2 | span=1 | train_loss=2.5232 | lr=0.000139153 | cpu_batch_ms=0.9 | provider_batch_ms=320.0 | prefetch_q=100 | elapsed=267317.3s
eval | opt_step=67400 | micro_step=539200 | train_loss=2.5232 | val_loss=2.8504 | val_ppl=17.29
progress | opt_step=67425/172211 | micro_step=539400/1377681 | stage=stage2 | span=1 | train_loss=2.6107 | lr=0.000139097 | cpu_batch_ms=0.9 | provider_batch_ms=258.3 | prefetch_q=97 | elapsed=267435.6s
progress | opt_step=67450/172211 | micro_step=539600/1377681 | stage=stage2 | span=1 | train_loss=3.0748 | lr=0.000139041 | cpu_batch_ms=0.9 | provider_batch_ms=306.2 | prefetch_q=100 | elapsed=267529.3s
progress | opt_step=67475/172211 | micro_step=539800/1377681 | stage=stage2 | span=1 | train_loss=2.6346 | lr=0.000138985 | cpu_batch_ms=0.9 | provider_batch_ms=328.2 | prefetch_q=100 | elapsed=267622.5s
progress | opt_step=67500/172211 | micro_step=540000/1377681 | stage=stage2 | span=1 | train_loss=2.8604 | lr=0.00013893 | cpu_batch_ms=0.9 | provider_batch_ms=337.9 | prefetch_q=100 | elapsed=267715.0s
progress | opt_step=67525/172211 | micro_step=540200/1377681 | stage=stage2 | span=1 | train_loss=2.5476 | lr=0.000138874 | cpu_batch_ms=0.9 | provider_batch_ms=253.6 | prefetch_q=97 | elapsed=267829.6s
progress | opt_step=67550/172211 | micro_step=540400/1377681 | stage=stage2 | span=1 | train_loss=2.2425 | lr=0.000138818 | cpu_batch_ms=0.9 | provider_batch_ms=303.3 | prefetch_q=95 | elapsed=267922.8s
progress | opt_step=67575/172211 | micro_step=540600/1377681 | stage=stage2 | span=1 | train_loss=2.6480 | lr=0.000138762 | cpu_batch_ms=0.9 | provider_batch_ms=311.3 | prefetch_q=100 | elapsed=268015.5s
progress | opt_step=67600/172211 | micro_step=540800/1377681 | stage=stage2 | span=1 | train_loss=2.8209 | lr=0.000138706 | cpu_batch_ms=0.9 | provider_batch_ms=327.9 | prefetch_q=97 | elapsed=268109.3s
eval | opt_step=67600 | micro_step=540800 | train_loss=2.8209 | val_loss=2.8618 | val_ppl=17.49
progress | opt_step=67625/172211 | micro_step=541000/1377681 | stage=stage2 | span=1 | train_loss=2.7938 | lr=0.000138651 | cpu_batch_ms=0.9 | provider_batch_ms=239.3 | prefetch_q=100 | elapsed=268226.4s
progress | opt_step=67650/172211 | micro_step=541200/1377681 | stage=stage2 | span=1 | train_loss=2.6630 | lr=0.000138595 | cpu_batch_ms=0.9 | provider_batch_ms=290.9 | prefetch_q=98 | elapsed=268319.8s
progress | opt_step=67675/172211 | micro_step=541400/1377681 | stage=stage2 | span=1 | train_loss=2.5394 | lr=0.000138539 | cpu_batch_ms=0.9 | provider_batch_ms=312.3 | prefetch_q=100 | elapsed=268413.1s
progress | opt_step=67700/172211 | micro_step=541600/1377681 | stage=stage2 | span=1 | train_loss=2.9456 | lr=0.000138483 | cpu_batch_ms=0.9 | provider_batch_ms=327.8 | prefetch_q=100 | elapsed=268506.2s
progress | opt_step=67725/172211 | micro_step=541800/1377681 | stage=stage2 | span=1 | train_loss=2.5151 | lr=0.000138427 | cpu_batch_ms=0.9 | provider_batch_ms=250.0 | prefetch_q=100 | elapsed=268642.1s
progress | opt_step=67750/172211 | micro_step=542000/1377681 | stage=stage2 | span=1 | train_loss=2.8529 | lr=0.000138371 | cpu_batch_ms=0.9 | provider_batch_ms=284.8 | prefetch_q=100 | elapsed=268735.0s
progress | opt_step=67775/172211 | micro_step=542200/1377681 | stage=stage2 | span=1 | train_loss=3.0423 | lr=0.000138315 | cpu_batch_ms=0.9 | provider_batch_ms=301.0 | prefetch_q=100 | elapsed=268828.0s
progress | opt_step=67800/172211 | micro_step=542400/1377681 | stage=stage2 | span=1 | train_loss=2.7418 | lr=0.000138259 | cpu_batch_ms=0.9 | provider_batch_ms=323.4 | prefetch_q=98 | elapsed=268921.5s
eval | opt_step=67800 | micro_step=542400 | train_loss=2.7418 | val_loss=2.8484 | val_ppl=17.26
progress | opt_step=67825/172211 | micro_step=542600/1377681 | stage=stage2 | span=1 | train_loss=2.2876 | lr=0.000138203 | cpu_batch_ms=0.9 | provider_batch_ms=240.9 | prefetch_q=100 | elapsed=269050.7s
progress | opt_step=67850/172211 | micro_step=542800/1377681 | stage=stage2 | span=1 | train_loss=2.8524 | lr=0.000138147 | cpu_batch_ms=0.9 | provider_batch_ms=302.5 | prefetch_q=100 | elapsed=269144.6s
progress | opt_step=67875/172211 | micro_step=543000/1377681 | stage=stage2 | span=1 | train_loss=3.1015 | lr=0.000138091 | cpu_batch_ms=0.9 | provider_batch_ms=319.5 | prefetch_q=100 | elapsed=269237.7s
progress | opt_step=67900/172211 | micro_step=543200/1377681 | stage=stage2 | span=1 | train_loss=2.3654 | lr=0.000138036 | cpu_batch_ms=0.9 | provider_batch_ms=328.2 | prefetch_q=99 | elapsed=269330.8s
progress | opt_step=67925/172211 | micro_step=543400/1377681 | stage=stage2 | span=1 | train_loss=2.4992 | lr=0.00013798 | cpu_batch_ms=0.9 | provider_batch_ms=229.5 | prefetch_q=100 | elapsed=269458.1s
progress | opt_step=67950/172211 | micro_step=543600/1377681 | stage=stage2 | span=1 | train_loss=2.5540 | lr=0.000137924 | cpu_batch_ms=0.9 | provider_batch_ms=278.0 | prefetch_q=94 | elapsed=269551.4s
progress | opt_step=67975/172211 | micro_step=543800/1377681 | stage=stage2 | span=1 | train_loss=3.0158 | lr=0.000137868 | cpu_batch_ms=0.9 | provider_batch_ms=297.6 | prefetch_q=99 | elapsed=269644.2s
progress | opt_step=68000/172211 | micro_step=544000/1377681 | stage=stage2 | span=1 | train_loss=2.4997 | lr=0.000137812 | cpu_batch_ms=0.9 | provider_batch_ms=303.3 | prefetch_q=98 | elapsed=269736.8s
eval | opt_step=68000 | micro_step=544000 | train_loss=2.4997 | val_loss=2.8491 | val_ppl=17.27
progress | opt_step=68025/172211 | micro_step=544200/1377681 | stage=stage2 | span=1 | train_loss=2.8456 | lr=0.000137756 | cpu_batch_ms=0.9 | provider_batch_ms=254.0 | prefetch_q=97 | elapsed=269863.3s
progress | opt_step=68050/172211 | micro_step=544400/1377681 | stage=stage2 | span=1 | train_loss=2.5280 | lr=0.000137699 | cpu_batch_ms=0.9 | provider_batch_ms=302.4 | prefetch_q=100 | elapsed=269956.7s
progress | opt_step=68075/172211 | micro_step=544600/1377681 | stage=stage2 | span=1 | train_loss=2.4410 | lr=0.000137643 | cpu_batch_ms=0.9 | provider_batch_ms=314.7 | prefetch_q=99 | elapsed=270049.5s
progress | opt_step=68100/172211 | micro_step=544800/1377681 | stage=stage2 | span=1 | train_loss=3.0450 | lr=0.000137587 | cpu_batch_ms=0.9 | provider_batch_ms=329.3 | prefetch_q=96 | elapsed=270142.2s
progress | opt_step=68125/172211 | micro_step=545000/1377681 | stage=stage2 | span=1 | train_loss=2.6822 | lr=0.000137531 | cpu_batch_ms=0.9 | provider_batch_ms=245.1 | prefetch_q=100 | elapsed=270263.5s
progress | opt_step=68150/172211 | micro_step=545200/1377681 | stage=stage2 | span=1 | train_loss=2.6841 | lr=0.000137475 | cpu_batch_ms=0.9 | provider_batch_ms=295.5 | prefetch_q=99 | elapsed=270356.7s
progress | opt_step=68175/172211 | micro_step=545400/1377681 | stage=stage2 | span=1 | train_loss=2.7850 | lr=0.000137419 | cpu_batch_ms=0.9 | provider_batch_ms=321.8 | prefetch_q=99 | elapsed=270450.0s
progress | opt_step=68200/172211 | micro_step=545600/1377681 | stage=stage2 | span=1 | train_loss=2.6374 | lr=0.000137363 | cpu_batch_ms=0.9 | provider_batch_ms=334.5 | prefetch_q=97 | elapsed=270543.3s
eval | opt_step=68200 | micro_step=545600 | train_loss=2.6374 | val_loss=2.8421 | val_ppl=17.15
progress | opt_step=68225/172211 | micro_step=545800/1377681 | stage=stage2 | span=1 | train_loss=2.6445 | lr=0.000137307 | cpu_batch_ms=0.9 | provider_batch_ms=238.1 | prefetch_q=100 | elapsed=270691.1s
progress | opt_step=68250/172211 | micro_step=546000/1377681 | stage=stage2 | span=1 | train_loss=2.8542 | lr=0.000137251 | cpu_batch_ms=0.9 | provider_batch_ms=296.7 | prefetch_q=97 | elapsed=270784.9s
progress | opt_step=68275/172211 | micro_step=546200/1377681 | stage=stage2 | span=1 | train_loss=2.9155 | lr=0.000137195 | cpu_batch_ms=0.9 | provider_batch_ms=320.9 | prefetch_q=100 | elapsed=270878.6s
progress | opt_step=68300/172211 | micro_step=546400/1377681 | stage=stage2 | span=1 | train_loss=2.7942 | lr=0.000137138 | cpu_batch_ms=0.9 | provider_batch_ms=325.2 | prefetch_q=96 | elapsed=270970.9s
progress | opt_step=68325/172211 | micro_step=546600/1377681 | stage=stage2 | span=1 | train_loss=2.7407 | lr=0.000137082 | cpu_batch_ms=0.9 | provider_batch_ms=269.6 | prefetch_q=84 | elapsed=271084.5s
progress | opt_step=68350/172211 | micro_step=546800/1377681 | stage=stage2 | span=1 | train_loss=2.4501 | lr=0.000137026 | cpu_batch_ms=0.9 | provider_batch_ms=313.8 | prefetch_q=97 | elapsed=271178.8s
progress | opt_step=68375/172211 | micro_step=547000/1377681 | stage=stage2 | span=1 | train_loss=2.5586 | lr=0.00013697 | cpu_batch_ms=0.9 | provider_batch_ms=328.7 | prefetch_q=100 | elapsed=271271.6s
progress | opt_step=68400/172211 | micro_step=547200/1377681 | stage=stage2 | span=1 | train_loss=2.6655 | lr=0.000136914 | cpu_batch_ms=0.9 | provider_batch_ms=343.3 | prefetch_q=95 | elapsed=271365.1s
eval | opt_step=68400 | micro_step=547200 | train_loss=2.6655 | val_loss=2.8528 | val_ppl=17.34
progress | opt_step=68425/172211 | micro_step=547400/1377681 | stage=stage2 | span=1 | train_loss=2.5261 | lr=0.000136857 | cpu_batch_ms=0.9 | provider_batch_ms=225.2 | prefetch_q=98 | elapsed=271480.3s
progress | opt_step=68450/172211 | micro_step=547600/1377681 | stage=stage2 | span=1 | train_loss=2.5720 | lr=0.000136801 | cpu_batch_ms=0.9 | provider_batch_ms=287.5 | prefetch_q=94 | elapsed=271573.7s
progress | opt_step=68475/172211 | micro_step=547800/1377681 | stage=stage2 | span=1 | train_loss=2.2081 | lr=0.000136745 | cpu_batch_ms=0.9 | provider_batch_ms=301.8 | prefetch_q=96 | elapsed=271666.0s
progress | opt_step=68500/172211 | micro_step=548000/1377681 | stage=stage2 | span=1 | train_loss=2.6666 | lr=0.000136689 | cpu_batch_ms=0.9 | provider_batch_ms=308.0 | prefetch_q=99 | elapsed=271758.9s
progress | opt_step=68525/172211 | micro_step=548200/1377681 | stage=stage2 | span=1 | train_loss=2.9944 | lr=0.000136632 | cpu_batch_ms=0.9 | provider_batch_ms=250.4 | prefetch_q=100 | elapsed=271877.8s
progress | opt_step=68550/172211 | micro_step=548400/1377681 | stage=stage2 | span=1 | train_loss=2.7088 | lr=0.000136576 | cpu_batch_ms=0.9 | provider_batch_ms=287.4 | prefetch_q=100 | elapsed=271970.8s
progress | opt_step=68575/172211 | micro_step=548600/1377681 | stage=stage2 | span=1 | train_loss=3.0394 | lr=0.00013652 | cpu_batch_ms=0.9 | provider_batch_ms=305.9 | prefetch_q=97 | elapsed=272063.3s
progress | opt_step=68600/172211 | micro_step=548800/1377681 | stage=stage2 | span=1 | train_loss=2.4802 | lr=0.000136464 | cpu_batch_ms=0.9 | provider_batch_ms=317.6 | prefetch_q=100 | elapsed=272156.0s
eval | opt_step=68600 | micro_step=548800 | train_loss=2.4802 | val_loss=2.8532 | val_ppl=17.34
progress | opt_step=68625/172211 | micro_step=549000/1377681 | stage=stage2 | span=1 | train_loss=2.8446 | lr=0.000136407 | cpu_batch_ms=0.9 | provider_batch_ms=220.9 | prefetch_q=100 | elapsed=272271.8s
progress | opt_step=68650/172211 | micro_step=549200/1377681 | stage=stage2 | span=1 | train_loss=2.7620 | lr=0.000136351 | cpu_batch_ms=0.9 | provider_batch_ms=278.3 | prefetch_q=98 | elapsed=272364.9s
progress | opt_step=68675/172211 | micro_step=549400/1377681 | stage=stage2 | span=1 | train_loss=2.7432 | lr=0.000136295 | cpu_batch_ms=0.9 | provider_batch_ms=305.6 | prefetch_q=96 | elapsed=272459.0s
progress | opt_step=68700/172211 | micro_step=549600/1377681 | stage=stage2 | span=1 | train_loss=2.6794 | lr=0.000136238 | cpu_batch_ms=0.9 | provider_batch_ms=319.5 | prefetch_q=100 | elapsed=272551.9s
progress | opt_step=68725/172211 | micro_step=549800/1377681 | stage=stage2 | span=1 | train_loss=2.8752 | lr=0.000136182 | cpu_batch_ms=0.9 | provider_batch_ms=257.6 | prefetch_q=100 | elapsed=272665.2s
progress | opt_step=68750/172211 | micro_step=550000/1377681 | stage=stage2 | span=1 | train_loss=2.8626 | lr=0.000136126 | cpu_batch_ms=0.9 | provider_batch_ms=299.1 | prefetch_q=100 | elapsed=272758.4s
progress | opt_step=68775/172211 | micro_step=550200/1377681 | stage=stage2 | span=1 | train_loss=2.9455 | lr=0.000136069 | cpu_batch_ms=0.9 | provider_batch_ms=313.2 | prefetch_q=100 | elapsed=272851.2s
progress | opt_step=68800/172211 | micro_step=550400/1377681 | stage=stage2 | span=1 | train_loss=2.5085 | lr=0.000136013 | cpu_batch_ms=0.9 | provider_batch_ms=317.7 | prefetch_q=95 | elapsed=272943.4s
eval | opt_step=68800 | micro_step=550400 | train_loss=2.5085 | val_loss=2.8432 | val_ppl=17.17
progress | opt_step=68825/172211 | micro_step=550600/1377681 | stage=stage2 | span=1 | train_loss=2.8692 | lr=0.000135956 | cpu_batch_ms=0.9 | provider_batch_ms=256.4 | prefetch_q=100 | elapsed=273060.3s
progress | opt_step=68850/172211 | micro_step=550800/1377681 | stage=stage2 | span=1 | train_loss=2.5223 | lr=0.0001359 | cpu_batch_ms=0.9 | provider_batch_ms=302.4 | prefetch_q=99 | elapsed=273153.4s
progress | opt_step=68875/172211 | micro_step=551000/1377681 | stage=stage2 | span=1 | train_loss=2.5138 | lr=0.000135844 | cpu_batch_ms=0.9 | provider_batch_ms=325.5 | prefetch_q=99 | elapsed=273246.5s
curriculum | step=551073 | stage=stage3 | span=1 | batch_size=8 | grad_accum_steps=8 | freeze_memory=False | freeze_backbone=False | freeze_skip=False | bucket_weights={mixed_dialogue:1.000, arxiv:1.000, pubmed:1.000, dialogue:0.200, wiki:0.200, code:0.200, math:0.200, docs:0.200, math_qa:1.000, reasoning:1.000}
progress | opt_step=68900/172211 | micro_step=551200/1377681 | stage=stage3 | span=1 | train_loss=3.0467 | lr=0.000135787 | cpu_batch_ms=0.9 | provider_batch_ms=202.7 | prefetch_q=98 | elapsed=273340.3s
progress | opt_step=68925/172211 | micro_step=551400/1377681 | stage=stage3 | span=1 | train_loss=2.5292 | lr=0.000135731 | cpu_batch_ms=0.9 | provider_batch_ms=259.0 | prefetch_q=100 | elapsed=273453.7s
progress | opt_step=68950/172211 | micro_step=551600/1377681 | stage=stage3 | span=1 | train_loss=2.9141 | lr=0.000135674 | cpu_batch_ms=0.9 | provider_batch_ms=298.0 | prefetch_q=97 | elapsed=273547.3s
progress | opt_step=68975/172211 | micro_step=551800/1377681 | stage=stage3 | span=1 | train_loss=2.7209 | lr=0.000135618 | cpu_batch_ms=0.9 | provider_batch_ms=319.6 | prefetch_q=100 | elapsed=273640.0s
progress | opt_step=69000/172211 | micro_step=552000/1377681 | stage=stage3 | span=1 | train_loss=2.0505 | lr=0.000135561 | cpu_batch_ms=0.9 | provider_batch_ms=330.8 | prefetch_q=100 | elapsed=273733.3s
eval | opt_step=69000 | micro_step=552000 | train_loss=2.0505 | val_loss=2.8474 | val_ppl=17.24
progress | opt_step=69025/172211 | micro_step=552200/1377681 | stage=stage3 | span=1 | train_loss=2.4761 | lr=0.000135505 | cpu_batch_ms=0.9 | provider_batch_ms=249.5 | prefetch_q=99 | elapsed=273854.1s
progress | opt_step=69050/172211 | micro_step=552400/1377681 | stage=stage3 | span=1 | train_loss=2.7497 | lr=0.000135448 | cpu_batch_ms=0.9 | provider_batch_ms=295.9 | prefetch_q=99 | elapsed=273947.9s
progress | opt_step=69075/172211 | micro_step=552600/1377681 | stage=stage3 | span=1 | train_loss=2.6238 | lr=0.000135392 | cpu_batch_ms=0.9 | provider_batch_ms=320.1 | prefetch_q=97 | elapsed=274041.4s
progress | opt_step=69100/172211 | micro_step=552800/1377681 | stage=stage3 | span=1 | train_loss=2.9716 | lr=0.000135335 | cpu_batch_ms=0.9 | provider_batch_ms=331.9 | prefetch_q=100 | elapsed=274134.5s
progress | opt_step=69125/172211 | micro_step=553000/1377681 | stage=stage3 | span=1 | train_loss=2.4357 | lr=0.000135279 | cpu_batch_ms=0.9 | provider_batch_ms=231.2 | prefetch_q=98 | elapsed=274246.7s
progress | opt_step=69150/172211 | micro_step=553200/1377681 | stage=stage3 | span=1 | train_loss=2.8005 | lr=0.000135222 | cpu_batch_ms=0.9 | provider_batch_ms=288.7 | prefetch_q=100 | elapsed=274339.9s
progress | opt_step=69175/172211 | micro_step=553400/1377681 | stage=stage3 | span=1 | train_loss=2.7158 | lr=0.000135166 | cpu_batch_ms=0.9 | provider_batch_ms=299.2 | prefetch_q=99 | elapsed=274432.4s
progress | opt_step=69200/172211 | micro_step=553600/1377681 | stage=stage3 | span=1 | train_loss=2.8016 | lr=0.000135109 | cpu_batch_ms=0.9 | provider_batch_ms=308.0 | prefetch_q=100 | elapsed=274524.7s
eval | opt_step=69200 | micro_step=553600 | train_loss=2.8016 | val_loss=2.8447 | val_ppl=17.20
progress | opt_step=69225/172211 | micro_step=553800/1377681 | stage=stage3 | span=1 | train_loss=2.4676 | lr=0.000135053 | cpu_batch_ms=0.9 | provider_batch_ms=273.9 | prefetch_q=98 | elapsed=274646.6s
progress | opt_step=69250/172211 | micro_step=554000/1377681 | stage=stage3 | span=1 | train_loss=2.7620 | lr=0.000134996 | cpu_batch_ms=0.9 | provider_batch_ms=316.7 | prefetch_q=100 | elapsed=274740.4s
progress | opt_step=69275/172211 | micro_step=554200/1377681 | stage=stage3 | span=1 | train_loss=2.3505 | lr=0.000134939 | cpu_batch_ms=0.9 | provider_batch_ms=324.6 | prefetch_q=100 | elapsed=274833.2s
progress | opt_step=69300/172211 | micro_step=554400/1377681 | stage=stage3 | span=1 | train_loss=2.8091 | lr=0.000134883 | cpu_batch_ms=0.9 | provider_batch_ms=329.2 | prefetch_q=100 | elapsed=274926.0s
progress | opt_step=69325/172211 | micro_step=554600/1377681 | stage=stage3 | span=1 | train_loss=2.6922 | lr=0.000134826 | cpu_batch_ms=0.9 | provider_batch_ms=218.6 | prefetch_q=100 | elapsed=275038.6s
progress | opt_step=69350/172211 | micro_step=554800/1377681 | stage=stage3 | span=1 | train_loss=2.6109 | lr=0.00013477 | cpu_batch_ms=0.9 | provider_batch_ms=283.5 | prefetch_q=100 | elapsed=275131.9s
progress | opt_step=69375/172211 | micro_step=555000/1377681 | stage=stage3 | span=1 | train_loss=2.7656 | lr=0.000134713 | cpu_batch_ms=0.9 | provider_batch_ms=307.2 | prefetch_q=99 | elapsed=275225.2s
progress | opt_step=69400/172211 | micro_step=555200/1377681 | stage=stage3 | span=1 | train_loss=2.7020 | lr=0.000134656 | cpu_batch_ms=0.9 | provider_batch_ms=321.2 | prefetch_q=98 | elapsed=275318.2s
eval | opt_step=69400 | micro_step=555200 | train_loss=2.7020 | val_loss=2.8410 | val_ppl=17.13
progress | opt_step=69425/172211 | micro_step=555400/1377681 | stage=stage3 | span=1 | train_loss=2.5531 | lr=0.0001346 | cpu_batch_ms=0.9 | provider_batch_ms=256.1 | prefetch_q=95 | elapsed=275458.6s
progress | opt_step=69450/172211 | micro_step=555600/1377681 | stage=stage3 | span=1 | train_loss=2.5439 | lr=0.000134543 | cpu_batch_ms=0.9 | provider_batch_ms=309.8 | prefetch_q=100 | elapsed=275552.3s
progress | opt_step=69475/172211 | micro_step=555800/1377681 | stage=stage3 | span=1 | train_loss=2.9236 | lr=0.000134486 | cpu_batch_ms=0.9 | provider_batch_ms=325.0 | prefetch_q=100 | elapsed=275645.2s
progress | opt_step=69500/172211 | micro_step=556000/1377681 | stage=stage3 | span=1 | train_loss=2.7724 | lr=0.00013443 | cpu_batch_ms=0.9 | provider_batch_ms=334.7 | prefetch_q=100 | elapsed=275738.2s
progress | opt_step=69525/172211 | micro_step=556200/1377681 | stage=stage3 | span=1 | train_loss=2.6006 | lr=0.000134373 | cpu_batch_ms=0.9 | provider_batch_ms=251.8 | prefetch_q=96 | elapsed=275852.3s
progress | opt_step=69550/172211 | micro_step=556400/1377681 | stage=stage3 | span=1 | train_loss=2.7627 | lr=0.000134316 | cpu_batch_ms=0.9 | provider_batch_ms=289.6 | prefetch_q=99 | elapsed=275945.4s
progress | opt_step=69575/172211 | micro_step=556600/1377681 | stage=stage3 | span=1 | train_loss=2.8442 | lr=0.00013426 | cpu_batch_ms=0.9 | provider_batch_ms=312.5 | prefetch_q=95 | elapsed=276038.9s
progress | opt_step=69600/172211 | micro_step=556800/1377681 | stage=stage3 | span=1 | train_loss=2.4608 | lr=0.000134203 | cpu_batch_ms=0.9 | provider_batch_ms=329.5 | prefetch_q=99 | elapsed=276131.8s
eval | opt_step=69600 | micro_step=556800 | train_loss=2.4608 | val_loss=2.8428 | val_ppl=17.16
progress | opt_step=69625/172211 | micro_step=557000/1377681 | stage=stage3 | span=1 | train_loss=2.3927 | lr=0.000134146 | cpu_batch_ms=0.9 | provider_batch_ms=268.2 | prefetch_q=100 | elapsed=276247.4s
progress | opt_step=69650/172211 | micro_step=557200/1377681 | stage=stage3 | span=1 | train_loss=2.9243 | lr=0.000134089 | cpu_batch_ms=0.9 | provider_batch_ms=322.6 | prefetch_q=93 | elapsed=276341.1s
progress | opt_step=69675/172211 | micro_step=557400/1377681 | stage=stage3 | span=1 | train_loss=2.8552 | lr=0.000134033 | cpu_batch_ms=0.9 | provider_batch_ms=338.0 | prefetch_q=99 | elapsed=276434.4s
progress | opt_step=69700/172211 | micro_step=557600/1377681 | stage=stage3 | span=1 | train_loss=2.6750 | lr=0.000133976 | cpu_batch_ms=0.9 | provider_batch_ms=344.3 | prefetch_q=97 | elapsed=276527.2s
progress | opt_step=69725/172211 | micro_step=557800/1377681 | stage=stage3 | span=1 | train_loss=3.0437 | lr=0.000133919 | cpu_batch_ms=0.9 | provider_batch_ms=239.8 | prefetch_q=100 | elapsed=276640.2s
progress | opt_step=69750/172211 | micro_step=558000/1377681 | stage=stage3 | span=1 | train_loss=2.3411 | lr=0.000133862 | cpu_batch_ms=0.9 | provider_batch_ms=292.4 | prefetch_q=98 | elapsed=276733.8s
progress | opt_step=69775/172211 | micro_step=558200/1377681 | stage=stage3 | span=1 | train_loss=2.6646 | lr=0.000133805 | cpu_batch_ms=0.9 | provider_batch_ms=314.1 | prefetch_q=96 | elapsed=276826.4s
progress | opt_step=69800/172211 | micro_step=558400/1377681 | stage=stage3 | span=1 | train_loss=2.7252 | lr=0.000133749 | cpu_batch_ms=0.9 | provider_batch_ms=321.0 | prefetch_q=94 | elapsed=276919.5s
eval | opt_step=69800 | micro_step=558400 | train_loss=2.7252 | val_loss=2.8379 | val_ppl=17.08
progress | opt_step=69825/172211 | micro_step=558600/1377681 | stage=stage3 | span=1 | train_loss=2.8076 | lr=0.000133692 | cpu_batch_ms=0.9 | provider_batch_ms=246.2 | prefetch_q=100 | elapsed=277062.3s
progress | opt_step=69850/172211 | micro_step=558800/1377681 | stage=stage3 | span=1 | train_loss=2.2699 | lr=0.000133635 | cpu_batch_ms=0.9 | provider_batch_ms=298.3 | prefetch_q=98 | elapsed=277156.1s
progress | opt_step=69875/172211 | micro_step=559000/1377681 | stage=stage3 | span=1 | train_loss=2.3387 | lr=0.000133578 | cpu_batch_ms=0.9 | provider_batch_ms=312.8 | prefetch_q=100 | elapsed=277249.1s
progress | opt_step=69900/172211 | micro_step=559200/1377681 | stage=stage3 | span=1 | train_loss=2.9797 | lr=0.000133521 | cpu_batch_ms=0.9 | provider_batch_ms=322.7 | prefetch_q=99 | elapsed=277341.9s
progress | opt_step=69925/172211 | micro_step=559400/1377681 | stage=stage3 | span=1 | train_loss=2.5922 | lr=0.000133464 | cpu_batch_ms=0.9 | provider_batch_ms=239.0 | prefetch_q=97 | elapsed=277459.3s
progress | opt_step=69950/172211 | micro_step=559600/1377681 | stage=stage3 | span=1 | train_loss=3.0329 | lr=0.000133407 | cpu_batch_ms=0.9 | provider_batch_ms=290.0 | prefetch_q=96 | elapsed=277552.5s
progress | opt_step=69975/172211 | micro_step=559800/1377681 | stage=stage3 | span=1 | train_loss=1.8393 | lr=0.000133351 | cpu_batch_ms=0.9 | provider_batch_ms=316.3 | prefetch_q=100 | elapsed=277646.2s
progress | opt_step=70000/172211 | micro_step=560000/1377681 | stage=stage3 | span=1 | train_loss=2.7610 | lr=0.000133294 | cpu_batch_ms=0.9 | provider_batch_ms=329.0 | prefetch_q=99 | elapsed=277739.5s
eval | opt_step=70000 | micro_step=560000 | train_loss=2.7610 | val_loss=2.8396 | val_ppl=17.11
progress | opt_step=70025/172211 | micro_step=560200/1377681 | stage=stage3 | span=1 | train_loss=2.8264 | lr=0.000133237 | cpu_batch_ms=0.9 | provider_batch_ms=249.4 | prefetch_q=100 | elapsed=277857.1s
progress | opt_step=70050/172211 | micro_step=560400/1377681 | stage=stage3 | span=1 | train_loss=2.9284 | lr=0.00013318 | cpu_batch_ms=0.9 | provider_batch_ms=303.1 | prefetch_q=100 | elapsed=277950.6s
progress | opt_step=70075/172211 | micro_step=560600/1377681 | stage=stage3 | span=1 | train_loss=2.9635 | lr=0.000133123 | cpu_batch_ms=0.9 | provider_batch_ms=319.8 | prefetch_q=100 | elapsed=278044.0s
progress | opt_step=70100/172211 | micro_step=560800/1377681 | stage=stage3 | span=1 | train_loss=2.6208 | lr=0.000133066 | cpu_batch_ms=0.9 | provider_batch_ms=324.4 | prefetch_q=100 | elapsed=278136.8s
progress | opt_step=70125/172211 | micro_step=561000/1377681 | stage=stage3 | span=1 | train_loss=2.4184 | lr=0.000133009 | cpu_batch_ms=0.9 | provider_batch_ms=263.8 | prefetch_q=97 | elapsed=278245.3s
progress | opt_step=70150/172211 | micro_step=561200/1377681 | stage=stage3 | span=1 | train_loss=2.8160 | lr=0.000132952 | cpu_batch_ms=0.9 | provider_batch_ms=304.1 | prefetch_q=100 | elapsed=278338.1s
progress | opt_step=70175/172211 | micro_step=561400/1377681 | stage=stage3 | span=1 | train_loss=2.4170 | lr=0.000132895 | cpu_batch_ms=0.9 | provider_batch_ms=330.2 | prefetch_q=97 | elapsed=278432.0s
progress | opt_step=70200/172211 | micro_step=561600/1377681 | stage=stage3 | span=1 | train_loss=2.8210 | lr=0.000132838 | cpu_batch_ms=0.9 | provider_batch_ms=336.1 | prefetch_q=97 | elapsed=278525.3s
eval | opt_step=70200 | micro_step=561600 | train_loss=2.8210 | val_loss=2.8449 | val_ppl=17.20
progress | opt_step=70225/172211 | micro_step=561800/1377681 | stage=stage3 | span=1 | train_loss=2.4878 | lr=0.000132781 | cpu_batch_ms=0.9 | provider_batch_ms=230.0 | prefetch_q=97 | elapsed=278642.6s
progress | opt_step=70250/172211 | micro_step=562000/1377681 | stage=stage3 | span=1 | train_loss=2.7536 | lr=0.000132724 | cpu_batch_ms=0.9 | provider_batch_ms=285.1 | prefetch_q=100 | elapsed=278735.7s
progress | opt_step=70275/172211 | micro_step=562200/1377681 | stage=stage3 | span=1 | train_loss=2.6696 | lr=0.000132667 | cpu_batch_ms=0.9 | provider_batch_ms=307.9 | prefetch_q=100 | elapsed=278829.3s
progress | opt_step=70300/172211 | micro_step=562400/1377681 | stage=stage3 | span=1 | train_loss=2.3470 | lr=0.00013261 | cpu_batch_ms=0.9 | provider_batch_ms=324.2 | prefetch_q=100 | elapsed=278922.4s
progress | opt_step=70325/172211 | micro_step=562600/1377681 | stage=stage3 | span=1 | train_loss=2.5850 | lr=0.000132553 | cpu_batch_ms=0.9 | provider_batch_ms=252.1 | prefetch_q=100 | elapsed=279037.9s
progress | opt_step=70350/172211 | micro_step=562800/1377681 | stage=stage3 | span=1 | train_loss=2.2473 | lr=0.000132496 | cpu_batch_ms=0.9 | provider_batch_ms=309.6 | prefetch_q=100 | elapsed=279131.0s
progress | opt_step=70375/172211 | micro_step=563000/1377681 | stage=stage3 | span=1 | train_loss=2.5179 | lr=0.000132439 | cpu_batch_ms=0.9 | provider_batch_ms=329.7 | prefetch_q=100 | elapsed=279224.2s
progress | opt_step=70400/172211 | micro_step=563200/1377681 | stage=stage3 | span=1 | train_loss=2.5368 | lr=0.000132382 | cpu_batch_ms=0.9 | provider_batch_ms=341.1 | prefetch_q=98 | elapsed=279317.3s
eval | opt_step=70400 | micro_step=563200 | train_loss=2.5368 | val_loss=2.8448 | val_ppl=17.20
progress | opt_step=70425/172211 | micro_step=563400/1377681 | stage=stage3 | span=1 | train_loss=2.2754 | lr=0.000132325 | cpu_batch_ms=0.9 | provider_batch_ms=268.3 | prefetch_q=93 | elapsed=279438.9s
progress | opt_step=70450/172211 | micro_step=563600/1377681 | stage=stage3 | span=1 | train_loss=2.9205 | lr=0.000132268 | cpu_batch_ms=0.9 | provider_batch_ms=307.7 | prefetch_q=98 | elapsed=279532.7s
progress | opt_step=70475/172211 | micro_step=563800/1377681 | stage=stage3 | span=1 | train_loss=3.0824 | lr=0.000132211 | cpu_batch_ms=0.9 | provider_batch_ms=321.2 | prefetch_q=98 | elapsed=279626.0s
progress | opt_step=70500/172211 | micro_step=564000/1377681 | stage=stage3 | span=1 | train_loss=2.8416 | lr=0.000132154 | cpu_batch_ms=0.9 | provider_batch_ms=336.9 | prefetch_q=97 | elapsed=279718.7s
progress | opt_step=70525/172211 | micro_step=564200/1377681 | stage=stage3 | span=1 | train_loss=2.6548 | lr=0.000132097 | cpu_batch_ms=0.9 | provider_batch_ms=237.2 | prefetch_q=100 | elapsed=279835.4s
progress | opt_step=70550/172211 | micro_step=564400/1377681 | stage=stage3 | span=1 | train_loss=2.3006 | lr=0.00013204 | cpu_batch_ms=0.9 | provider_batch_ms=303.9 | prefetch_q=100 | elapsed=279929.3s
progress | opt_step=70575/172211 | micro_step=564600/1377681 | stage=stage3 | span=1 | train_loss=2.8452 | lr=0.000131982 | cpu_batch_ms=0.9 | provider_batch_ms=327.5 | prefetch_q=97 | elapsed=280022.3s
progress | opt_step=70600/172211 | micro_step=564800/1377681 | stage=stage3 | span=1 | train_loss=2.1654 | lr=0.000131925 | cpu_batch_ms=0.9 | provider_batch_ms=333.7 | prefetch_q=100 | elapsed=280115.0s
eval | opt_step=70600 | micro_step=564800 | train_loss=2.1654 | val_loss=2.8396 | val_ppl=17.11
progress | opt_step=70625/172211 | micro_step=565000/1377681 | stage=stage3 | span=1 | train_loss=2.9635 | lr=0.000131868 | cpu_batch_ms=0.9 | provider_batch_ms=250.0 | prefetch_q=98 | elapsed=280234.3s
progress | opt_step=70650/172211 | micro_step=565200/1377681 | stage=stage3 | span=1 | train_loss=2.7997 | lr=0.000131811 | cpu_batch_ms=0.9 | provider_batch_ms=284.3 | prefetch_q=93 | elapsed=280327.0s
progress | opt_step=70675/172211 | micro_step=565400/1377681 | stage=stage3 | span=1 | train_loss=2.5281 | lr=0.000131754 | cpu_batch_ms=0.9 | provider_batch_ms=299.5 | prefetch_q=99 | elapsed=280419.2s
progress | opt_step=70700/172211 | micro_step=565600/1377681 | stage=stage3 | span=1 | train_loss=2.8169 | lr=0.000131697 | cpu_batch_ms=0.9 | provider_batch_ms=310.1 | prefetch_q=97 | elapsed=280511.8s
progress | opt_step=70725/172211 | micro_step=565800/1377681 | stage=stage3 | span=1 | train_loss=2.7619 | lr=0.00013164 | cpu_batch_ms=0.9 | provider_batch_ms=247.3 | prefetch_q=99 | elapsed=280630.2s
progress | opt_step=70750/172211 | micro_step=566000/1377681 | stage=stage3 | span=1 | train_loss=2.6387 | lr=0.000131582 | cpu_batch_ms=0.9 | provider_batch_ms=286.8 | prefetch_q=100 | elapsed=280723.5s
progress | opt_step=70775/172211 | micro_step=566200/1377681 | stage=stage3 | span=1 | train_loss=3.0292 | lr=0.000131525 | cpu_batch_ms=0.9 | provider_batch_ms=315.7 | prefetch_q=100 | elapsed=280817.5s
progress | opt_step=70800/172211 | micro_step=566400/1377681 | stage=stage3 | span=1 | train_loss=2.5372 | lr=0.000131468 | cpu_batch_ms=0.9 | provider_batch_ms=323.4 | prefetch_q=100 | elapsed=280910.4s
eval | opt_step=70800 | micro_step=566400 | train_loss=2.5372 | val_loss=2.8348 | val_ppl=17.03
progress | opt_step=70825/172211 | micro_step=566600/1377681 | stage=stage3 | span=1 | train_loss=2.2723 | lr=0.000131411 | cpu_batch_ms=0.9 | provider_batch_ms=268.2 | prefetch_q=100 | elapsed=281040.8s
progress | opt_step=70850/172211 | micro_step=566800/1377681 | stage=stage3 | span=1 | train_loss=2.4053 | lr=0.000131354 | cpu_batch_ms=0.9 | provider_batch_ms=302.8 | prefetch_q=100 | elapsed=281133.7s
progress | opt_step=70875/172211 | micro_step=567000/1377681 | stage=stage3 | span=1 | train_loss=2.6654 | lr=0.000131296 | cpu_batch_ms=0.9 | provider_batch_ms=325.3 | prefetch_q=97 | elapsed=281228.1s
progress | opt_step=70900/172211 | micro_step=567200/1377681 | stage=stage3 | span=1 | train_loss=3.0432 | lr=0.000131239 | cpu_batch_ms=0.9 | provider_batch_ms=342.0 | prefetch_q=99 | elapsed=281321.6s
progress | opt_step=70925/172211 | micro_step=567400/1377681 | stage=stage3 | span=1 | train_loss=2.4531 | lr=0.000131182 | cpu_batch_ms=0.9 | provider_batch_ms=245.0 | prefetch_q=99 | elapsed=281432.7s
progress | opt_step=70950/172211 | micro_step=567600/1377681 | stage=stage3 | span=1 | train_loss=2.6949 | lr=0.000131125 | cpu_batch_ms=0.9 | provider_batch_ms=301.8 | prefetch_q=98 | elapsed=281526.5s
progress | opt_step=70975/172211 | micro_step=567800/1377681 | stage=stage3 | span=1 | train_loss=2.7757 | lr=0.000131067 | cpu_batch_ms=0.9 | provider_batch_ms=321.7 | prefetch_q=97 | elapsed=281619.6s
progress | opt_step=71000/172211 | micro_step=568000/1377681 | stage=stage3 | span=1 | train_loss=2.6817 | lr=0.00013101 | cpu_batch_ms=0.9 | provider_batch_ms=331.7 | prefetch_q=100 | elapsed=281713.1s
eval | opt_step=71000 | micro_step=568000 | train_loss=2.6817 | val_loss=2.8421 | val_ppl=17.15
progress | opt_step=71025/172211 | micro_step=568200/1377681 | stage=stage3 | span=1 | train_loss=2.5345 | lr=0.000130953 | cpu_batch_ms=0.9 | provider_batch_ms=254.2 | prefetch_q=100 | elapsed=281837.9s
progress | opt_step=71050/172211 | micro_step=568400/1377681 | stage=stage3 | span=1 | train_loss=2.3736 | lr=0.000130896 | cpu_batch_ms=0.9 | provider_batch_ms=305.1 | prefetch_q=98 | elapsed=281931.0s
progress | opt_step=71075/172211 | micro_step=568600/1377681 | stage=stage3 | span=1 | train_loss=2.3751 | lr=0.000130838 | cpu_batch_ms=0.9 | provider_batch_ms=324.6 | prefetch_q=98 | elapsed=282024.4s
progress | opt_step=71100/172211 | micro_step=568800/1377681 | stage=stage3 | span=1 | train_loss=2.2903 | lr=0.000130781 | cpu_batch_ms=0.9 | provider_batch_ms=339.4 | prefetch_q=100 | elapsed=282118.2s
progress | opt_step=71125/172211 | micro_step=569000/1377681 | stage=stage3 | span=1 | train_loss=2.5330 | lr=0.000130724 | cpu_batch_ms=0.9 | provider_batch_ms=209.0 | prefetch_q=99 | elapsed=282226.9s
progress | opt_step=71150/172211 | micro_step=569200/1377681 | stage=stage3 | span=1 | train_loss=2.6625 | lr=0.000130666 | cpu_batch_ms=0.9 | provider_batch_ms=279.9 | prefetch_q=97 | elapsed=282320.8s
progress | opt_step=71175/172211 | micro_step=569400/1377681 | stage=stage3 | span=1 | train_loss=2.6203 | lr=0.000130609 | cpu_batch_ms=0.9 | provider_batch_ms=305.0 | prefetch_q=100 | elapsed=282413.6s
progress | opt_step=71200/172211 | micro_step=569600/1377681 | stage=stage3 | span=1 | train_loss=2.4238 | lr=0.000130552 | cpu_batch_ms=0.9 | provider_batch_ms=323.4 | prefetch_q=100 | elapsed=282506.9s
eval | opt_step=71200 | micro_step=569600 | train_loss=2.4238 | val_loss=2.8413 | val_ppl=17.14
progress | opt_step=71225/172211 | micro_step=569800/1377681 | stage=stage3 | span=1 | train_loss=2.4672 | lr=0.000130494 | cpu_batch_ms=0.9 | provider_batch_ms=239.7 | prefetch_q=100 | elapsed=282622.8s
progress | opt_step=71250/172211 | micro_step=570000/1377681 | stage=stage3 | span=1 | train_loss=2.8081 | lr=0.000130437 | cpu_batch_ms=0.9 | provider_batch_ms=295.8 | prefetch_q=96 | elapsed=282716.3s
progress | opt_step=71275/172211 | micro_step=570200/1377681 | stage=stage3 | span=1 | train_loss=2.5682 | lr=0.000130379 | cpu_batch_ms=0.9 | provider_batch_ms=315.1 | prefetch_q=100 | elapsed=282808.8s
progress | opt_step=71300/172211 | micro_step=570400/1377681 | stage=stage3 | span=1 | train_loss=2.6796 | lr=0.000130322 | cpu_batch_ms=0.9 | provider_batch_ms=328.9 | prefetch_q=100 | elapsed=282902.1s
progress | opt_step=71325/172211 | micro_step=570600/1377681 | stage=stage3 | span=1 | train_loss=2.6457 | lr=0.000130265 | cpu_batch_ms=0.9 | provider_batch_ms=255.3 | prefetch_q=93 | elapsed=283011.1s
progress | opt_step=71350/172211 | micro_step=570800/1377681 | stage=stage3 | span=1 | train_loss=2.8396 | lr=0.000130207 | cpu_batch_ms=0.9 | provider_batch_ms=308.0 | prefetch_q=97 | elapsed=283104.8s
progress | opt_step=71375/172211 | micro_step=571000/1377681 | stage=stage3 | span=1 | train_loss=2.6782 | lr=0.00013015 | cpu_batch_ms=0.9 | provider_batch_ms=326.7 | prefetch_q=100 | elapsed=283197.4s
progress | opt_step=71400/172211 | micro_step=571200/1377681 | stage=stage3 | span=1 | train_loss=2.4894 | lr=0.000130093 | cpu_batch_ms=0.9 | provider_batch_ms=334.4 | prefetch_q=100 | elapsed=283290.6s
eval | opt_step=71400 | micro_step=571200 | train_loss=2.4894 | val_loss=2.8435 | val_ppl=17.18
progress | opt_step=71425/172211 | micro_step=571400/1377681 | stage=stage3 | span=1 | train_loss=2.1988 | lr=0.000130035 | cpu_batch_ms=0.9 | provider_batch_ms=251.2 | prefetch_q=100 | elapsed=283405.5s
progress | opt_step=71450/172211 | micro_step=571600/1377681 | stage=stage3 | span=1 | train_loss=2.7430 | lr=0.000129978 | cpu_batch_ms=0.9 | provider_batch_ms=294.7 | prefetch_q=98 | elapsed=283498.3s
progress | opt_step=71475/172211 | micro_step=571800/1377681 | stage=stage3 | span=1 | train_loss=2.6097 | lr=0.00012992 | cpu_batch_ms=0.9 | provider_batch_ms=321.8 | prefetch_q=100 | elapsed=283591.4s
progress | opt_step=71500/172211 | micro_step=572000/1377681 | stage=stage3 | span=1 | train_loss=2.6785 | lr=0.000129863 | cpu_batch_ms=0.9 | provider_batch_ms=331.1 | prefetch_q=98 | elapsed=283684.3s
progress | opt_step=71525/172211 | micro_step=572200/1377681 | stage=stage3 | span=1 | train_loss=2.5572 | lr=0.000129805 | cpu_batch_ms=0.9 | provider_batch_ms=236.8 | prefetch_q=99 | elapsed=283796.8s
progress | opt_step=71550/172211 | micro_step=572400/1377681 | stage=stage3 | span=1 | train_loss=2.7687 | lr=0.000129748 | cpu_batch_ms=0.9 | provider_batch_ms=294.0 | prefetch_q=99 | elapsed=283890.3s
progress | opt_step=71575/172211 | micro_step=572600/1377681 | stage=stage3 | span=1 | train_loss=2.8254 | lr=0.00012969 | cpu_batch_ms=0.9 | provider_batch_ms=311.2 | prefetch_q=100 | elapsed=283982.7s
progress | opt_step=71600/172211 | micro_step=572800/1377681 | stage=stage3 | span=1 | train_loss=3.0679 | lr=0.000129633 | cpu_batch_ms=0.9 | provider_batch_ms=325.3 | prefetch_q=97 | elapsed=284075.9s
eval | opt_step=71600 | micro_step=572800 | train_loss=3.0679 | val_loss=2.8420 | val_ppl=17.15
progress | opt_step=71625/172211 | micro_step=573000/1377681 | stage=stage3 | span=1 | train_loss=2.8439 | lr=0.000129575 | cpu_batch_ms=0.9 | provider_batch_ms=248.3 | prefetch_q=100 | elapsed=284191.5s
progress | opt_step=71650/172211 | micro_step=573200/1377681 | stage=stage3 | span=1 | train_loss=2.9141 | lr=0.000129518 | cpu_batch_ms=0.9 | provider_batch_ms=313.2 | prefetch_q=100 | elapsed=284285.3s
progress | opt_step=71675/172211 | micro_step=573400/1377681 | stage=stage3 | span=1 | train_loss=2.8197 | lr=0.00012946 | cpu_batch_ms=0.9 | provider_batch_ms=336.2 | prefetch_q=95 | elapsed=284379.3s
progress | opt_step=71700/172211 | micro_step=573600/1377681 | stage=stage3 | span=1 | train_loss=2.8534 | lr=0.000129403 | cpu_batch_ms=0.9 | provider_batch_ms=340.3 | prefetch_q=97 | elapsed=284472.0s
progress | opt_step=71725/172211 | micro_step=573800/1377681 | stage=stage3 | span=1 | train_loss=2.9427 | lr=0.000129345 | cpu_batch_ms=0.9 | provider_batch_ms=231.9 | prefetch_q=100 | elapsed=284584.2s
progress | opt_step=71750/172211 | micro_step=574000/1377681 | stage=stage3 | span=1 | train_loss=2.6128 | lr=0.000129288 | cpu_batch_ms=0.9 | provider_batch_ms=271.9 | prefetch_q=99 | elapsed=284677.2s
progress | opt_step=71775/172211 | micro_step=574200/1377681 | stage=stage3 | span=1 | train_loss=2.9748 | lr=0.00012923 | cpu_batch_ms=0.9 | provider_batch_ms=294.6 | prefetch_q=94 | elapsed=284770.4s
progress | opt_step=71800/172211 | micro_step=574400/1377681 | stage=stage3 | span=1 | train_loss=2.5630 | lr=0.000129173 | cpu_batch_ms=0.9 | provider_batch_ms=317.0 | prefetch_q=100 | elapsed=284863.9s
eval | opt_step=71800 | micro_step=574400 | train_loss=2.5630 | val_loss=2.8321 | val_ppl=16.98
progress | opt_step=71825/172211 | micro_step=574600/1377681 | stage=stage3 | span=1 | train_loss=2.9098 | lr=0.000129115 | cpu_batch_ms=0.9 | provider_batch_ms=224.9 | prefetch_q=100 | elapsed=285003.2s
progress | opt_step=71850/172211 | micro_step=574800/1377681 | stage=stage3 | span=1 | train_loss=2.4675 | lr=0.000129058 | cpu_batch_ms=0.9 | provider_batch_ms=275.1 | prefetch_q=100 | elapsed=285096.1s
progress | opt_step=71875/172211 | micro_step=575000/1377681 | stage=stage3 | span=1 | train_loss=3.1387 | lr=0.000129 | cpu_batch_ms=0.9 | provider_batch_ms=306.5 | prefetch_q=100 | elapsed=285188.3s
progress | opt_step=71900/172211 | micro_step=575200/1377681 | stage=stage3 | span=1 | train_loss=2.4533 | lr=0.000128942 | cpu_batch_ms=0.9 | provider_batch_ms=312.7 | prefetch_q=98 | elapsed=285281.0s
progress | opt_step=71925/172211 | micro_step=575400/1377681 | stage=stage3 | span=1 | train_loss=2.5114 | lr=0.000128885 | cpu_batch_ms=0.9 | provider_batch_ms=242.0 | prefetch_q=98 | elapsed=285398.8s
progress | opt_step=71950/172211 | micro_step=575600/1377681 | stage=stage3 | span=1 | train_loss=2.7160 | lr=0.000128827 | cpu_batch_ms=0.9 | provider_batch_ms=291.0 | prefetch_q=100 | elapsed=285492.6s
progress | opt_step=71975/172211 | micro_step=575800/1377681 | stage=stage3 | span=1 | train_loss=3.1048 | lr=0.00012877 | cpu_batch_ms=0.9 | provider_batch_ms=313.3 | prefetch_q=100 | elapsed=285585.9s
progress | opt_step=72000/172211 | micro_step=576000/1377681 | stage=stage3 | span=1 | train_loss=2.5975 | lr=0.000128712 | cpu_batch_ms=0.9 | provider_batch_ms=324.3 | prefetch_q=100 | elapsed=285678.9s
eval | opt_step=72000 | micro_step=576000 | train_loss=2.5975 | val_loss=2.8398 | val_ppl=17.11
progress | opt_step=72025/172211 | micro_step=576200/1377681 | stage=stage3 | span=1 | train_loss=2.3878 | lr=0.000128654 | cpu_batch_ms=0.9 | provider_batch_ms=231.6 | prefetch_q=95 | elapsed=285797.6s
progress | opt_step=72050/172211 | micro_step=576400/1377681 | stage=stage3 | span=1 | train_loss=2.5751 | lr=0.000128597 | cpu_batch_ms=0.9 | provider_batch_ms=296.6 | prefetch_q=95 | elapsed=285890.5s
progress | opt_step=72075/172211 | micro_step=576600/1377681 | stage=stage3 | span=1 | train_loss=2.6732 | lr=0.000128539 | cpu_batch_ms=0.9 | provider_batch_ms=314.3 | prefetch_q=100 | elapsed=285983.2s
progress | opt_step=72100/172211 | micro_step=576800/1377681 | stage=stage3 | span=1 | train_loss=2.7839 | lr=0.000128482 | cpu_batch_ms=0.9 | provider_batch_ms=318.0 | prefetch_q=100 | elapsed=286075.3s
progress | opt_step=72125/172211 | micro_step=577000/1377681 | stage=stage3 | span=1 | train_loss=2.8953 | lr=0.000128424 | cpu_batch_ms=0.9 | provider_batch_ms=244.9 | prefetch_q=100 | elapsed=286192.6s
progress | opt_step=72150/172211 | micro_step=577200/1377681 | stage=stage3 | span=1 | train_loss=2.3511 | lr=0.000128366 | cpu_batch_ms=0.9 | provider_batch_ms=296.4 | prefetch_q=94 | elapsed=286286.1s
progress | opt_step=72175/172211 | micro_step=577400/1377681 | stage=stage3 | span=1 | train_loss=2.6194 | lr=0.000128309 | cpu_batch_ms=0.9 | provider_batch_ms=321.0 | prefetch_q=100 | elapsed=286379.5s
progress | opt_step=72200/172211 | micro_step=577600/1377681 | stage=stage3 | span=1 | train_loss=2.5446 | lr=0.000128251 | cpu_batch_ms=0.9 | provider_batch_ms=330.2 | prefetch_q=95 | elapsed=286472.1s
eval | opt_step=72200 | micro_step=577600 | train_loss=2.5446 | val_loss=2.8357 | val_ppl=17.04
progress | opt_step=72225/172211 | micro_step=577800/1377681 | stage=stage3 | span=1 | train_loss=2.6316 | lr=0.000128193 | cpu_batch_ms=0.9 | provider_batch_ms=250.8 | prefetch_q=100 | elapsed=286584.9s
progress | opt_step=72250/172211 | micro_step=578000/1377681 | stage=stage3 | span=1 | train_loss=3.2084 | lr=0.000128135 | cpu_batch_ms=0.9 | provider_batch_ms=290.3 | prefetch_q=100 | elapsed=286678.1s
progress | opt_step=72275/172211 | micro_step=578200/1377681 | stage=stage3 | span=1 | train_loss=2.5372 | lr=0.000128078 | cpu_batch_ms=0.9 | provider_batch_ms=311.3 | prefetch_q=99 | elapsed=286771.4s
progress | opt_step=72300/172211 | micro_step=578400/1377681 | stage=stage3 | span=1 | train_loss=2.6865 | lr=0.00012802 | cpu_batch_ms=0.9 | provider_batch_ms=321.2 | prefetch_q=100 | elapsed=286864.7s
progress | opt_step=72325/172211 | micro_step=578600/1377681 | stage=stage3 | span=1 | train_loss=2.5152 | lr=0.000127962 | cpu_batch_ms=0.9 | provider_batch_ms=240.9 | prefetch_q=100 | elapsed=286984.1s
progress | opt_step=72350/172211 | micro_step=578800/1377681 | stage=stage3 | span=1 | train_loss=2.5970 | lr=0.000127905 | cpu_batch_ms=0.9 | provider_batch_ms=302.0 | prefetch_q=95 | elapsed=287077.3s
progress | opt_step=72375/172211 | micro_step=579000/1377681 | stage=stage3 | span=1 | train_loss=2.8583 | lr=0.000127847 | cpu_batch_ms=0.9 | provider_batch_ms=320.6 | prefetch_q=99 | elapsed=287170.9s
progress | opt_step=72400/172211 | micro_step=579200/1377681 | stage=stage3 | span=1 | train_loss=2.3719 | lr=0.000127789 | cpu_batch_ms=0.9 | provider_batch_ms=330.4 | prefetch_q=100 | elapsed=287263.9s
eval | opt_step=72400 | micro_step=579200 | train_loss=2.3719 | val_loss=2.8307 | val_ppl=16.96
progress | opt_step=72425/172211 | micro_step=579400/1377681 | stage=stage3 | span=1 | train_loss=2.9195 | lr=0.000127731 | cpu_batch_ms=0.9 | provider_batch_ms=225.9 | prefetch_q=100 | elapsed=287403.4s
progress | opt_step=72450/172211 | micro_step=579600/1377681 | stage=stage3 | span=1 | train_loss=2.8555 | lr=0.000127674 | cpu_batch_ms=0.9 | provider_batch_ms=283.3 | prefetch_q=100 | elapsed=287497.1s
progress | opt_step=72475/172211 | micro_step=579800/1377681 | stage=stage3 | span=1 | train_loss=2.9934 | lr=0.000127616 | cpu_batch_ms=0.9 | provider_batch_ms=305.0 | prefetch_q=96 | elapsed=287589.9s
progress | opt_step=72500/172211 | micro_step=580000/1377681 | stage=stage3 | span=1 | train_loss=2.4356 | lr=0.000127558 | cpu_batch_ms=0.9 | provider_batch_ms=315.7 | prefetch_q=100 | elapsed=287683.1s
progress | opt_step=72525/172211 | micro_step=580200/1377681 | stage=stage3 | span=1 | train_loss=2.8323 | lr=0.0001275 | cpu_batch_ms=0.9 | provider_batch_ms=259.0 | prefetch_q=100 | elapsed=287797.8s
progress | opt_step=72550/172211 | micro_step=580400/1377681 | stage=stage3 | span=1 | train_loss=2.5064 | lr=0.000127443 | cpu_batch_ms=0.9 | provider_batch_ms=293.2 | prefetch_q=100 | elapsed=287890.4s
progress | opt_step=72575/172211 | micro_step=580600/1377681 | stage=stage3 | span=1 | train_loss=2.7751 | lr=0.000127385 | cpu_batch_ms=0.9 | provider_batch_ms=314.6 | prefetch_q=100 | elapsed=287983.9s
progress | opt_step=72600/172211 | micro_step=580800/1377681 | stage=stage3 | span=1 | train_loss=2.5083 | lr=0.000127327 | cpu_batch_ms=0.9 | provider_batch_ms=329.1 | prefetch_q=99 | elapsed=288076.2s
eval | opt_step=72600 | micro_step=580800 | train_loss=2.5083 | val_loss=2.8334 | val_ppl=17.00
progress | opt_step=72625/172211 | micro_step=581000/1377681 | stage=stage3 | span=1 | train_loss=2.7303 | lr=0.000127269 | cpu_batch_ms=0.9 | provider_batch_ms=240.4 | prefetch_q=99 | elapsed=288196.9s
progress | opt_step=72650/172211 | micro_step=581200/1377681 | stage=stage3 | span=1 | train_loss=2.2460 | lr=0.000127211 | cpu_batch_ms=0.9 | provider_batch_ms=292.2 | prefetch_q=100 | elapsed=288290.6s
progress | opt_step=72675/172211 | micro_step=581400/1377681 | stage=stage3 | span=1 | train_loss=2.5264 | lr=0.000127154 | cpu_batch_ms=0.9 | provider_batch_ms=323.4 | prefetch_q=100 | elapsed=288384.8s
progress | opt_step=72700/172211 | micro_step=581600/1377681 | stage=stage3 | span=1 | train_loss=2.5706 | lr=0.000127096 | cpu_batch_ms=0.9 | provider_batch_ms=333.4 | prefetch_q=100 | elapsed=288477.6s
progress | opt_step=72725/172211 | micro_step=581800/1377681 | stage=stage3 | span=1 | train_loss=2.5994 | lr=0.000127038 | cpu_batch_ms=0.9 | provider_batch_ms=249.0 | prefetch_q=100 | elapsed=288596.7s
progress | opt_step=72750/172211 | micro_step=582000/1377681 | stage=stage3 | span=1 | train_loss=2.7850 | lr=0.00012698 | cpu_batch_ms=0.9 | provider_batch_ms=298.2 | prefetch_q=100 | elapsed=288689.5s
progress | opt_step=72775/172211 | micro_step=582200/1377681 | stage=stage3 | span=1 | train_loss=2.1937 | lr=0.000126922 | cpu_batch_ms=0.9 | provider_batch_ms=316.5 | prefetch_q=100 | elapsed=288782.3s
progress | opt_step=72800/172211 | micro_step=582400/1377681 | stage=stage3 | span=1 | train_loss=2.4048 | lr=0.000126864 | cpu_batch_ms=0.9 | provider_batch_ms=326.5 | prefetch_q=100 | elapsed=288875.3s
eval | opt_step=72800 | micro_step=582400 | train_loss=2.4048 | val_loss=2.8314 | val_ppl=16.97
progress | opt_step=72825/172211 | micro_step=582600/1377681 | stage=stage3 | span=1 | train_loss=2.7810 | lr=0.000126806 | cpu_batch_ms=0.9 | provider_batch_ms=257.7 | prefetch_q=96 | elapsed=288989.5s
progress | opt_step=72850/172211 | micro_step=582800/1377681 | stage=stage3 | span=1 | train_loss=2.5110 | lr=0.000126749 | cpu_batch_ms=0.9 | provider_batch_ms=307.7 | prefetch_q=100 | elapsed=289083.5s
progress | opt_step=72875/172211 | micro_step=583000/1377681 | stage=stage3 | span=1 | train_loss=3.0049 | lr=0.000126691 | cpu_batch_ms=0.9 | provider_batch_ms=330.8 | prefetch_q=98 | elapsed=289176.7s
progress | opt_step=72900/172211 | micro_step=583200/1377681 | stage=stage3 | span=1 | train_loss=2.6770 | lr=0.000126633 | cpu_batch_ms=0.9 | provider_batch_ms=338.1 | prefetch_q=98 | elapsed=289269.2s
progress | opt_step=72925/172211 | micro_step=583400/1377681 | stage=stage3 | span=1 | train_loss=2.7885 | lr=0.000126575 | cpu_batch_ms=0.9 | provider_batch_ms=240.5 | prefetch_q=99 | elapsed=289384.4s
progress | opt_step=72950/172211 | micro_step=583600/1377681 | stage=stage3 | span=1 | train_loss=2.5896 | lr=0.000126517 | cpu_batch_ms=0.9 | provider_batch_ms=293.0 | prefetch_q=98 | elapsed=289477.9s
progress | opt_step=72975/172211 | micro_step=583800/1377681 | stage=stage3 | span=1 | train_loss=2.4408 | lr=0.000126459 | cpu_batch_ms=0.9 | provider_batch_ms=314.9 | prefetch_q=93 | elapsed=289570.6s
progress | opt_step=73000/172211 | micro_step=584000/1377681 | stage=stage3 | span=1 | train_loss=2.3187 | lr=0.000126401 | cpu_batch_ms=0.9 | provider_batch_ms=328.4 | prefetch_q=97 | elapsed=289664.4s
eval | opt_step=73000 | micro_step=584000 | train_loss=2.3187 | val_loss=2.8278 | val_ppl=16.91
progress | opt_step=73025/172211 | micro_step=584200/1377681 | stage=stage3 | span=1 | train_loss=2.2966 | lr=0.000126343 | cpu_batch_ms=0.9 | provider_batch_ms=245.8 | prefetch_q=99 | elapsed=289809.0s
progress | opt_step=73050/172211 | micro_step=584400/1377681 | stage=stage3 | span=1 | train_loss=2.6680 | lr=0.000126285 | cpu_batch_ms=0.9 | provider_batch_ms=302.3 | prefetch_q=97 | elapsed=289903.2s
progress | opt_step=73075/172211 | micro_step=584600/1377681 | stage=stage3 | span=1 | train_loss=2.9273 | lr=0.000126227 | cpu_batch_ms=0.9 | provider_batch_ms=329.2 | prefetch_q=94 | elapsed=289996.8s
progress | opt_step=73100/172211 | micro_step=584800/1377681 | stage=stage3 | span=1 | train_loss=2.7133 | lr=0.000126169 | cpu_batch_ms=0.9 | provider_batch_ms=335.2 | prefetch_q=100 | elapsed=290089.8s
progress | opt_step=73125/172211 | micro_step=585000/1377681 | stage=stage3 | span=1 | train_loss=2.7186 | lr=0.000126112 | cpu_batch_ms=0.9 | provider_batch_ms=255.8 | prefetch_q=100 | elapsed=290208.0s
progress | opt_step=73150/172211 | micro_step=585200/1377681 | stage=stage3 | span=1 | train_loss=2.0145 | lr=0.000126054 | cpu_batch_ms=0.9 | provider_batch_ms=312.4 | prefetch_q=100 | elapsed=290301.3s
progress | opt_step=73175/172211 | micro_step=585400/1377681 | stage=stage3 | span=1 | train_loss=2.2623 | lr=0.000125996 | cpu_batch_ms=0.9 | provider_batch_ms=319.0 | prefetch_q=100 | elapsed=290394.4s
progress | opt_step=73200/172211 | micro_step=585600/1377681 | stage=stage3 | span=1 | train_loss=2.8200 | lr=0.000125938 | cpu_batch_ms=0.9 | provider_batch_ms=331.7 | prefetch_q=96 | elapsed=290487.7s
eval | opt_step=73200 | micro_step=585600 | train_loss=2.8200 | val_loss=2.8241 | val_ppl=16.85
progress | opt_step=73225/172211 | micro_step=585800/1377681 | stage=stage3 | span=1 | train_loss=2.9036 | lr=0.00012588 | cpu_batch_ms=0.9 | provider_batch_ms=245.1 | prefetch_q=98 | elapsed=290627.7s
progress | opt_step=73250/172211 | micro_step=586000/1377681 | stage=stage3 | span=1 | train_loss=2.9722 | lr=0.000125822 | cpu_batch_ms=0.9 | provider_batch_ms=296.4 | prefetch_q=100 | elapsed=290721.4s
progress | opt_step=73275/172211 | micro_step=586200/1377681 | stage=stage3 | span=1 | train_loss=2.6397 | lr=0.000125764 | cpu_batch_ms=0.9 | provider_batch_ms=316.0 | prefetch_q=100 | elapsed=290813.9s
progress | opt_step=73300/172211 | micro_step=586400/1377681 | stage=stage3 | span=1 | train_loss=2.6794 | lr=0.000125706 | cpu_batch_ms=0.9 | provider_batch_ms=323.2 | prefetch_q=100 | elapsed=290906.7s
progress | opt_step=73325/172211 | micro_step=586600/1377681 | stage=stage3 | span=1 | train_loss=2.9447 | lr=0.000125648 | cpu_batch_ms=0.9 | provider_batch_ms=264.9 | prefetch_q=98 | elapsed=291022.6s
progress | opt_step=73350/172211 | micro_step=586800/1377681 | stage=stage3 | span=1 | train_loss=2.6948 | lr=0.00012559 | cpu_batch_ms=0.9 | provider_batch_ms=321.6 | prefetch_q=94 | elapsed=291117.2s
progress | opt_step=73375/172211 | micro_step=587000/1377681 | stage=stage3 | span=1 | train_loss=2.5818 | lr=0.000125532 | cpu_batch_ms=0.9 | provider_batch_ms=337.5 | prefetch_q=99 | elapsed=291211.0s
progress | opt_step=73400/172211 | micro_step=587200/1377681 | stage=stage3 | span=1 | train_loss=1.8782 | lr=0.000125474 | cpu_batch_ms=0.9 | provider_batch_ms=346.2 | prefetch_q=94 | elapsed=291303.5s
eval | opt_step=73400 | micro_step=587200 | train_loss=1.8782 | val_loss=2.8272 | val_ppl=16.90
progress | opt_step=73425/172211 | micro_step=587400/1377681 | stage=stage3 | span=1 | train_loss=2.5957 | lr=0.000125416 | cpu_batch_ms=0.9 | provider_batch_ms=247.9 | prefetch_q=100 | elapsed=291424.5s
progress | opt_step=73450/172211 | micro_step=587600/1377681 | stage=stage3 | span=1 | train_loss=2.5224 | lr=0.000125358 | cpu_batch_ms=0.9 | provider_batch_ms=296.3 | prefetch_q=99 | elapsed=291517.3s
progress | opt_step=73475/172211 | micro_step=587800/1377681 | stage=stage3 | span=1 | train_loss=2.8877 | lr=0.0001253 | cpu_batch_ms=0.9 | provider_batch_ms=305.2 | prefetch_q=99 | elapsed=291609.7s
progress | opt_step=73500/172211 | micro_step=588000/1377681 | stage=stage3 | span=1 | train_loss=2.6331 | lr=0.000125241 | cpu_batch_ms=0.9 | provider_batch_ms=314.6 | prefetch_q=100 | elapsed=291702.2s
progress | opt_step=73525/172211 | micro_step=588200/1377681 | stage=stage3 | span=1 | train_loss=2.6739 | lr=0.000125183 | cpu_batch_ms=0.9 | provider_batch_ms=247.5 | prefetch_q=100 | elapsed=291817.6s
progress | opt_step=73550/172211 | micro_step=588400/1377681 | stage=stage3 | span=1 | train_loss=2.6153 | lr=0.000125125 | cpu_batch_ms=0.9 | provider_batch_ms=296.2 | prefetch_q=97 | elapsed=291910.7s
progress | opt_step=73575/172211 | micro_step=588600/1377681 | stage=stage3 | span=1 | train_loss=2.7111 | lr=0.000125067 | cpu_batch_ms=0.9 | provider_batch_ms=311.6 | prefetch_q=100 | elapsed=292004.1s
progress | opt_step=73600/172211 | micro_step=588800/1377681 | stage=stage3 | span=1 | train_loss=2.8887 | lr=0.000125009 | cpu_batch_ms=0.9 | provider_batch_ms=322.0 | prefetch_q=100 | elapsed=292096.3s
eval | opt_step=73600 | micro_step=588800 | train_loss=2.8887 | val_loss=2.8349 | val_ppl=17.03
progress | opt_step=73625/172211 | micro_step=589000/1377681 | stage=stage3 | span=1 | train_loss=2.7486 | lr=0.000124951 | cpu_batch_ms=0.9 | provider_batch_ms=278.7 | prefetch_q=100 | elapsed=292213.5s
progress | opt_step=73650/172211 | micro_step=589200/1377681 | stage=stage3 | span=1 | train_loss=2.7575 | lr=0.000124893 | cpu_batch_ms=0.9 | provider_batch_ms=312.5 | prefetch_q=97 | elapsed=292306.8s
progress | opt_step=73675/172211 | micro_step=589400/1377681 | stage=stage3 | span=1 | train_loss=2.2916 | lr=0.000124835 | cpu_batch_ms=0.9 | provider_batch_ms=331.3 | prefetch_q=100 | elapsed=292400.8s
progress | opt_step=73700/172211 | micro_step=589600/1377681 | stage=stage3 | span=1 | train_loss=2.7520 | lr=0.000124777 | cpu_batch_ms=0.9 | provider_batch_ms=343.9 | prefetch_q=100 | elapsed=292493.5s
progress | opt_step=73725/172211 | micro_step=589800/1377681 | stage=stage3 | span=1 | train_loss=2.7725 | lr=0.000124719 | cpu_batch_ms=0.9 | provider_batch_ms=238.7 | prefetch_q=100 | elapsed=292606.2s
progress | opt_step=73750/172211 | micro_step=590000/1377681 | stage=stage3 | span=1 | train_loss=2.6366 | lr=0.000124661 | cpu_batch_ms=0.9 | provider_batch_ms=294.6 | prefetch_q=99 | elapsed=292699.8s
progress | opt_step=73775/172211 | micro_step=590200/1377681 | stage=stage3 | span=1 | train_loss=2.7044 | lr=0.000124602 | cpu_batch_ms=0.9 | provider_batch_ms=314.0 | prefetch_q=97 | elapsed=292792.6s
progress | opt_step=73800/172211 | micro_step=590400/1377681 | stage=stage3 | span=1 | train_loss=2.6077 | lr=0.000124544 | cpu_batch_ms=0.9 | provider_batch_ms=328.8 | prefetch_q=99 | elapsed=292886.0s
eval | opt_step=73800 | micro_step=590400 | train_loss=2.6077 | val_loss=2.8259 | val_ppl=16.88
progress | opt_step=73825/172211 | micro_step=590600/1377681 | stage=stage3 | span=1 | train_loss=2.0734 | lr=0.000124486 | cpu_batch_ms=0.9 | provider_batch_ms=269.0 | prefetch_q=91 | elapsed=293004.9s
progress | opt_step=73850/172211 | micro_step=590800/1377681 | stage=stage3 | span=1 | train_loss=2.3566 | lr=0.000124428 | cpu_batch_ms=0.9 | provider_batch_ms=285.6 | prefetch_q=97 | elapsed=293097.6s
progress | opt_step=73875/172211 | micro_step=591000/1377681 | stage=stage3 | span=1 | train_loss=2.7166 | lr=0.00012437 | cpu_batch_ms=0.9 | provider_batch_ms=312.6 | prefetch_q=96 | elapsed=293191.0s
progress | opt_step=73900/172211 | micro_step=591200/1377681 | stage=stage3 | span=1 | train_loss=2.5377 | lr=0.000124312 | cpu_batch_ms=0.9 | provider_batch_ms=326.6 | prefetch_q=96 | elapsed=293283.2s
progress | opt_step=73925/172211 | micro_step=591400/1377681 | stage=stage3 | span=1 | train_loss=2.7129 | lr=0.000124254 | cpu_batch_ms=0.9 | provider_batch_ms=264.4 | prefetch_q=100 | elapsed=293403.5s
progress | opt_step=73950/172211 | micro_step=591600/1377681 | stage=stage3 | span=1 | train_loss=2.3356 | lr=0.000124195 | cpu_batch_ms=0.9 | provider_batch_ms=300.5 | prefetch_q=100 | elapsed=293496.8s
progress | opt_step=73975/172211 | micro_step=591800/1377681 | stage=stage3 | span=1 | train_loss=2.3231 | lr=0.000124137 | cpu_batch_ms=0.9 | provider_batch_ms=306.1 | prefetch_q=96 | elapsed=293589.1s
progress | opt_step=74000/172211 | micro_step=592000/1377681 | stage=stage3 | span=1 | train_loss=2.2633 | lr=0.000124079 | cpu_batch_ms=0.9 | provider_batch_ms=327.3 | prefetch_q=100 | elapsed=293682.6s
eval | opt_step=74000 | micro_step=592000 | train_loss=2.2633 | val_loss=2.8227 | val_ppl=16.82
progress | opt_step=74025/172211 | micro_step=592200/1377681 | stage=stage3 | span=1 | train_loss=2.5808 | lr=0.000124021 | cpu_batch_ms=0.9 | provider_batch_ms=247.1 | prefetch_q=100 | elapsed=293822.9s
progress | opt_step=74050/172211 | micro_step=592400/1377681 | stage=stage3 | span=1 | train_loss=2.1584 | lr=0.000123963 | cpu_batch_ms=0.9 | provider_batch_ms=299.4 | prefetch_q=100 | elapsed=293916.6s
progress | opt_step=74075/172211 | micro_step=592600/1377681 | stage=stage3 | span=1 | train_loss=2.6294 | lr=0.000123905 | cpu_batch_ms=0.9 | provider_batch_ms=311.5 | prefetch_q=100 | elapsed=294009.6s
progress | opt_step=74100/172211 | micro_step=592800/1377681 | stage=stage3 | span=1 | train_loss=2.9392 | lr=0.000123846 | cpu_batch_ms=0.9 | provider_batch_ms=328.5 | prefetch_q=98 | elapsed=294103.1s
progress | opt_step=74125/172211 | micro_step=593000/1377681 | stage=stage3 | span=1 | train_loss=2.4698 | lr=0.000123788 | cpu_batch_ms=0.9 | provider_batch_ms=234.4 | prefetch_q=98 | elapsed=294222.9s
progress | opt_step=74150/172211 | micro_step=593200/1377681 | stage=stage3 | span=1 | train_loss=2.2264 | lr=0.00012373 | cpu_batch_ms=0.9 | provider_batch_ms=304.9 | prefetch_q=99 | elapsed=294316.8s
progress | opt_step=74175/172211 | micro_step=593400/1377681 | stage=stage3 | span=1 | train_loss=2.9163 | lr=0.000123672 | cpu_batch_ms=0.9 | provider_batch_ms=325.3 | prefetch_q=100 | elapsed=294410.0s
progress | opt_step=74200/172211 | micro_step=593600/1377681 | stage=stage3 | span=1 | train_loss=2.8353 | lr=0.000123613 | cpu_batch_ms=0.9 | provider_batch_ms=328.4 | prefetch_q=99 | elapsed=294502.8s
eval | opt_step=74200 | micro_step=593600 | train_loss=2.8353 | val_loss=2.8170 | val_ppl=16.73
progress | opt_step=74225/172211 | micro_step=593800/1377681 | stage=stage3 | span=1 | train_loss=2.7498 | lr=0.000123555 | cpu_batch_ms=0.9 | provider_batch_ms=244.5 | prefetch_q=100 | elapsed=294637.8s
progress | opt_step=74250/172211 | micro_step=594000/1377681 | stage=stage3 | span=1 | train_loss=2.4386 | lr=0.000123497 | cpu_batch_ms=0.9 | provider_batch_ms=294.0 | prefetch_q=100 | elapsed=294731.4s
progress | opt_step=74275/172211 | micro_step=594200/1377681 | stage=stage3 | span=1 | train_loss=2.2930 | lr=0.000123439 | cpu_batch_ms=0.9 | provider_batch_ms=321.3 | prefetch_q=100 | elapsed=294824.2s
progress | opt_step=74300/172211 | micro_step=594400/1377681 | stage=stage3 | span=1 | train_loss=2.4629 | lr=0.000123381 | cpu_batch_ms=0.9 | provider_batch_ms=332.3 | prefetch_q=100 | elapsed=294917.0s
progress | opt_step=74325/172211 | micro_step=594600/1377681 | stage=stage3 | span=1 | train_loss=2.4598 | lr=0.000123322 | cpu_batch_ms=0.9 | provider_batch_ms=246.6 | prefetch_q=100 | elapsed=295030.6s
progress | opt_step=74350/172211 | micro_step=594800/1377681 | stage=stage3 | span=1 | train_loss=2.6129 | lr=0.000123264 | cpu_batch_ms=0.9 | provider_batch_ms=293.5 | prefetch_q=89 | elapsed=295124.1s
progress | opt_step=74375/172211 | micro_step=595000/1377681 | stage=stage3 | span=1 | train_loss=2.6101 | lr=0.000123206 | cpu_batch_ms=0.9 | provider_batch_ms=315.4 | prefetch_q=97 | elapsed=295217.4s
progress | opt_step=74400/172211 | micro_step=595200/1377681 | stage=stage3 | span=1 | train_loss=2.7156 | lr=0.000123147 | cpu_batch_ms=0.9 | provider_batch_ms=325.8 | prefetch_q=99 | elapsed=295310.3s
eval | opt_step=74400 | micro_step=595200 | train_loss=2.7156 | val_loss=2.8229 | val_ppl=16.83
progress | opt_step=74425/172211 | micro_step=595400/1377681 | stage=stage3 | span=1 | train_loss=2.3084 | lr=0.000123089 | cpu_batch_ms=0.9 | provider_batch_ms=255.2 | prefetch_q=97 | elapsed=295430.9s
progress | opt_step=74450/172211 | micro_step=595600/1377681 | stage=stage3 | span=1 | train_loss=2.7607 | lr=0.000123031 | cpu_batch_ms=0.9 | provider_batch_ms=298.8 | prefetch_q=97 | elapsed=295523.6s
progress | opt_step=74475/172211 | micro_step=595800/1377681 | stage=stage3 | span=1 | train_loss=2.7504 | lr=0.000122973 | cpu_batch_ms=0.9 | provider_batch_ms=314.6 | prefetch_q=100 | elapsed=295616.8s
progress | opt_step=74500/172211 | micro_step=596000/1377681 | stage=stage3 | span=1 | train_loss=1.9214 | lr=0.000122914 | cpu_batch_ms=0.9 | provider_batch_ms=323.5 | prefetch_q=98 | elapsed=295709.4s
progress | opt_step=74525/172211 | micro_step=596200/1377681 | stage=stage3 | span=1 | train_loss=2.5582 | lr=0.000122856 | cpu_batch_ms=0.9 | provider_batch_ms=251.2 | prefetch_q=97 | elapsed=295831.9s
progress | opt_step=74550/172211 | micro_step=596400/1377681 | stage=stage3 | span=1 | train_loss=2.4349 | lr=0.000122798 | cpu_batch_ms=0.9 | provider_batch_ms=311.2 | prefetch_q=100 | elapsed=295925.1s
progress | opt_step=74575/172211 | micro_step=596600/1377681 | stage=stage3 | span=1 | train_loss=2.2235 | lr=0.000122739 | cpu_batch_ms=0.9 | provider_batch_ms=325.2 | prefetch_q=98 | elapsed=296018.0s
progress | opt_step=74600/172211 | micro_step=596800/1377681 | stage=stage3 | span=1 | train_loss=2.8787 | lr=0.000122681 | cpu_batch_ms=0.9 | provider_batch_ms=333.5 | prefetch_q=100 | elapsed=296111.8s
eval | opt_step=74600 | micro_step=596800 | train_loss=2.8787 | val_loss=2.8164 | val_ppl=16.72
progress | opt_step=74625/172211 | micro_step=597000/1377681 | stage=stage3 | span=1 | train_loss=2.5571 | lr=0.000122623 | cpu_batch_ms=0.9 | provider_batch_ms=234.1 | prefetch_q=100 | elapsed=296249.4s
progress | opt_step=74650/172211 | micro_step=597200/1377681 | stage=stage3 | span=1 | train_loss=2.4489 | lr=0.000122564 | cpu_batch_ms=0.9 | provider_batch_ms=290.6 | prefetch_q=99 | elapsed=296342.2s
progress | opt_step=74675/172211 | micro_step=597400/1377681 | stage=stage3 | span=1 | train_loss=2.6611 | lr=0.000122506 | cpu_batch_ms=0.9 | provider_batch_ms=306.7 | prefetch_q=100 | elapsed=296434.7s
progress | opt_step=74700/172211 | micro_step=597600/1377681 | stage=stage3 | span=1 | train_loss=2.8397 | lr=0.000122448 | cpu_batch_ms=0.9 | provider_batch_ms=316.0 | prefetch_q=100 | elapsed=296527.5s
progress | opt_step=74725/172211 | micro_step=597800/1377681 | stage=stage3 | span=1 | train_loss=2.7328 | lr=0.000122389 | cpu_batch_ms=0.9 | provider_batch_ms=247.1 | prefetch_q=98 | elapsed=296641.9s
progress | opt_step=74750/172211 | micro_step=598000/1377681 | stage=stage3 | span=1 | train_loss=2.7610 | lr=0.000122331 | cpu_batch_ms=0.9 | provider_batch_ms=287.9 | prefetch_q=100 | elapsed=296734.8s
progress | opt_step=74775/172211 | micro_step=598200/1377681 | stage=stage3 | span=1 | train_loss=2.6701 | lr=0.000122273 | cpu_batch_ms=0.9 | provider_batch_ms=300.5 | prefetch_q=100 | elapsed=296827.8s
progress | opt_step=74800/172211 | micro_step=598400/1377681 | stage=stage3 | span=1 | train_loss=2.8282 | lr=0.000122214 | cpu_batch_ms=0.9 | provider_batch_ms=322.4 | prefetch_q=100 | elapsed=296921.5s
eval | opt_step=74800 | micro_step=598400 | train_loss=2.8282 | val_loss=2.8249 | val_ppl=16.86
progress | opt_step=74825/172211 | micro_step=598600/1377681 | stage=stage3 | span=1 | train_loss=2.7925 | lr=0.000122156 | cpu_batch_ms=0.9 | provider_batch_ms=252.4 | prefetch_q=100 | elapsed=297041.6s
progress | opt_step=74850/172211 | micro_step=598800/1377681 | stage=stage3 | span=1 | train_loss=2.6008 | lr=0.000122098 | cpu_batch_ms=0.9 | provider_batch_ms=296.8 | prefetch_q=98 | elapsed=297134.7s
progress | opt_step=74875/172211 | micro_step=599000/1377681 | stage=stage3 | span=1 | train_loss=2.6971 | lr=0.000122039 | cpu_batch_ms=0.9 | provider_batch_ms=311.6 | prefetch_q=100 | elapsed=297227.5s
progress | opt_step=74900/172211 | micro_step=599200/1377681 | stage=stage3 | span=1 | train_loss=2.8529 | lr=0.000121981 | cpu_batch_ms=0.9 | provider_batch_ms=321.4 | prefetch_q=99 | elapsed=297320.9s
progress | opt_step=74925/172211 | micro_step=599400/1377681 | stage=stage3 | span=1 | train_loss=2.8642 | lr=0.000121923 | cpu_batch_ms=0.9 | provider_batch_ms=267.2 | prefetch_q=92 | elapsed=297437.8s
progress | opt_step=74950/172211 | micro_step=599600/1377681 | stage=stage3 | span=1 | train_loss=2.5744 | lr=0.000121864 | cpu_batch_ms=0.9 | provider_batch_ms=312.0 | prefetch_q=95 | elapsed=297531.1s
progress | opt_step=74975/172211 | micro_step=599800/1377681 | stage=stage3 | span=1 | train_loss=2.8394 | lr=0.000121806 | cpu_batch_ms=0.9 | provider_batch_ms=317.3 | prefetch_q=98 | elapsed=297624.1s
progress | opt_step=75000/172211 | micro_step=600000/1377681 | stage=stage3 | span=1 | train_loss=2.5308 | lr=0.000121747 | cpu_batch_ms=0.9 | provider_batch_ms=328.9 | prefetch_q=96 | elapsed=297717.2s
eval | opt_step=75000 | micro_step=600000 | train_loss=2.5308 | val_loss=2.8259 | val_ppl=16.88
progress | opt_step=75025/172211 | micro_step=600200/1377681 | stage=stage3 | span=1 | train_loss=2.8488 | lr=0.000121689 | cpu_batch_ms=0.9 | provider_batch_ms=242.5 | prefetch_q=99 | elapsed=297838.6s
progress | opt_step=75050/172211 | micro_step=600400/1377681 | stage=stage3 | span=1 | train_loss=2.5197 | lr=0.000121631 | cpu_batch_ms=0.9 | provider_batch_ms=293.1 | prefetch_q=100 | elapsed=297931.7s
progress | opt_step=75075/172211 | micro_step=600600/1377681 | stage=stage3 | span=1 | train_loss=2.4731 | lr=0.000121572 | cpu_batch_ms=0.9 | provider_batch_ms=307.0 | prefetch_q=99 | elapsed=298024.5s
progress | opt_step=75100/172211 | micro_step=600800/1377681 | stage=stage3 | span=1 | train_loss=3.0003 | lr=0.000121514 | cpu_batch_ms=0.9 | provider_batch_ms=321.8 | prefetch_q=100 | elapsed=298117.0s
progress | opt_step=75125/172211 | micro_step=601000/1377681 | stage=stage3 | span=1 | train_loss=2.6252 | lr=0.000121455 | cpu_batch_ms=0.9 | provider_batch_ms=242.7 | prefetch_q=99 | elapsed=298232.3s
progress | opt_step=75150/172211 | micro_step=601200/1377681 | stage=stage3 | span=1 | train_loss=2.5011 | lr=0.000121397 | cpu_batch_ms=0.9 | provider_batch_ms=292.3 | prefetch_q=100 | elapsed=298325.1s
progress | opt_step=75175/172211 | micro_step=601400/1377681 | stage=stage3 | span=1 | train_loss=2.0849 | lr=0.000121338 | cpu_batch_ms=0.9 | provider_batch_ms=311.3 | prefetch_q=95 | elapsed=298417.9s
progress | opt_step=75200/172211 | micro_step=601600/1377681 | stage=stage3 | span=1 | train_loss=2.6798 | lr=0.00012128 | cpu_batch_ms=0.9 | provider_batch_ms=329.7 | prefetch_q=96 | elapsed=298511.5s
eval | opt_step=75200 | micro_step=601600 | train_loss=2.6798 | val_loss=2.8178 | val_ppl=16.74
progress | opt_step=75225/172211 | micro_step=601800/1377681 | stage=stage3 | span=1 | train_loss=3.0297 | lr=0.000121222 | cpu_batch_ms=0.9 | provider_batch_ms=238.5 | prefetch_q=100 | elapsed=298628.5s
progress | opt_step=75250/172211 | micro_step=602000/1377681 | stage=stage3 | span=1 | train_loss=2.8660 | lr=0.000121163 | cpu_batch_ms=0.9 | provider_batch_ms=290.1 | prefetch_q=98 | elapsed=298721.6s
progress | opt_step=75275/172211 | micro_step=602200/1377681 | stage=stage3 | span=1 | train_loss=2.6526 | lr=0.000121105 | cpu_batch_ms=0.9 | provider_batch_ms=314.0 | prefetch_q=100 | elapsed=298815.1s
progress | opt_step=75300/172211 | micro_step=602400/1377681 | stage=stage3 | span=1 | train_loss=2.8287 | lr=0.000121046 | cpu_batch_ms=0.9 | provider_batch_ms=333.1 | prefetch_q=100 | elapsed=298908.9s
progress | opt_step=75325/172211 | micro_step=602600/1377681 | stage=stage3 | span=1 | train_loss=2.6352 | lr=0.000120988 | cpu_batch_ms=0.9 | provider_batch_ms=250.5 | prefetch_q=97 | elapsed=299028.1s
progress | opt_step=75350/172211 | micro_step=602800/1377681 | stage=stage3 | span=1 | train_loss=2.5898 | lr=0.000120929 | cpu_batch_ms=0.9 | provider_batch_ms=306.4 | prefetch_q=100 | elapsed=299122.3s
progress | opt_step=75375/172211 | micro_step=603000/1377681 | stage=stage3 | span=1 | train_loss=2.8834 | lr=0.000120871 | cpu_batch_ms=0.9 | provider_batch_ms=311.5 | prefetch_q=100 | elapsed=299214.7s
progress | opt_step=75400/172211 | micro_step=603200/1377681 | stage=stage3 | span=1 | train_loss=2.2091 | lr=0.000120812 | cpu_batch_ms=0.9 | provider_batch_ms=326.2 | prefetch_q=100 | elapsed=299307.9s
eval | opt_step=75400 | micro_step=603200 | train_loss=2.2091 | val_loss=2.8198 | val_ppl=16.77
progress | opt_step=75425/172211 | micro_step=603400/1377681 | stage=stage3 | span=1 | train_loss=2.3286 | lr=0.000120754 | cpu_batch_ms=0.9 | provider_batch_ms=260.9 | prefetch_q=98 | elapsed=299426.4s
progress | opt_step=75450/172211 | micro_step=603600/1377681 | stage=stage3 | span=1 | train_loss=3.0136 | lr=0.000120695 | cpu_batch_ms=0.9 | provider_batch_ms=288.6 | prefetch_q=100 | elapsed=299519.6s
progress | opt_step=75475/172211 | micro_step=603800/1377681 | stage=stage3 | span=1 | train_loss=2.6923 | lr=0.000120637 | cpu_batch_ms=0.9 | provider_batch_ms=319.4 | prefetch_q=96 | elapsed=299613.0s
progress | opt_step=75500/172211 | micro_step=604000/1377681 | stage=stage3 | span=1 | train_loss=2.5351 | lr=0.000120578 | cpu_batch_ms=0.9 | provider_batch_ms=321.5 | prefetch_q=100 | elapsed=299705.5s
progress | opt_step=75525/172211 | micro_step=604200/1377681 | stage=stage3 | span=1 | train_loss=1.9328 | lr=0.00012052 | cpu_batch_ms=0.9 | provider_batch_ms=246.7 | prefetch_q=100 | elapsed=299816.1s
progress | opt_step=75550/172211 | micro_step=604400/1377681 | stage=stage3 | span=1 | train_loss=2.4624 | lr=0.000120461 | cpu_batch_ms=0.9 | provider_batch_ms=286.8 | prefetch_q=100 | elapsed=299909.2s
progress | opt_step=75575/172211 | micro_step=604600/1377681 | stage=stage3 | span=1 | train_loss=2.6698 | lr=0.000120403 | cpu_batch_ms=0.9 | provider_batch_ms=310.0 | prefetch_q=100 | elapsed=300002.5s
progress | opt_step=75600/172211 | micro_step=604800/1377681 | stage=stage3 | span=1 | train_loss=2.4416 | lr=0.000120344 | cpu_batch_ms=0.9 | provider_batch_ms=324.5 | prefetch_q=100 | elapsed=300096.0s
eval | opt_step=75600 | micro_step=604800 | train_loss=2.4416 | val_loss=2.8176 | val_ppl=16.74
progress | opt_step=75625/172211 | micro_step=605000/1377681 | stage=stage3 | span=1 | train_loss=2.6867 | lr=0.000120286 | cpu_batch_ms=0.9 | provider_batch_ms=264.0 | prefetch_q=99 | elapsed=300215.6s
progress | opt_step=75650/172211 | micro_step=605200/1377681 | stage=stage3 | span=1 | train_loss=2.7835 | lr=0.000120227 | cpu_batch_ms=0.9 | provider_batch_ms=314.3 | prefetch_q=99 | elapsed=300308.6s
progress | opt_step=75675/172211 | micro_step=605400/1377681 | stage=stage3 | span=1 | train_loss=2.7360 | lr=0.000120169 | cpu_batch_ms=0.9 | provider_batch_ms=327.1 | prefetch_q=100 | elapsed=300400.9s
progress | opt_step=75700/172211 | micro_step=605600/1377681 | stage=stage3 | span=1 | train_loss=2.6931 | lr=0.00012011 | cpu_batch_ms=0.9 | provider_batch_ms=335.3 | prefetch_q=100 | elapsed=300493.5s
progress | opt_step=75725/172211 | micro_step=605800/1377681 | stage=stage3 | span=1 | train_loss=3.0561 | lr=0.000120052 | cpu_batch_ms=0.9 | provider_batch_ms=270.8 | prefetch_q=99 | elapsed=300613.0s
progress | opt_step=75750/172211 | micro_step=606000/1377681 | stage=stage3 | span=1 | train_loss=2.4247 | lr=0.000119993 | cpu_batch_ms=0.9 | provider_batch_ms=313.4 | prefetch_q=97 | elapsed=300706.9s
progress | opt_step=75775/172211 | micro_step=606200/1377681 | stage=stage3 | span=1 | train_loss=2.9898 | lr=0.000119935 | cpu_batch_ms=0.9 | provider_batch_ms=335.6 | prefetch_q=99 | elapsed=300800.1s
progress | opt_step=75800/172211 | micro_step=606400/1377681 | stage=stage3 | span=1 | train_loss=2.5965 | lr=0.000119876 | cpu_batch_ms=0.9 | provider_batch_ms=342.4 | prefetch_q=99 | elapsed=300893.1s
eval | opt_step=75800 | micro_step=606400 | train_loss=2.5965 | val_loss=2.8187 | val_ppl=16.76
progress | opt_step=75825/172211 | micro_step=606600/1377681 | stage=stage3 | span=1 | train_loss=2.8519 | lr=0.000119818 | cpu_batch_ms=0.9 | provider_batch_ms=238.7 | prefetch_q=100 | elapsed=301008.3s
progress | opt_step=75850/172211 | micro_step=606800/1377681 | stage=stage3 | span=1 | train_loss=2.6293 | lr=0.000119759 | cpu_batch_ms=0.9 | provider_batch_ms=290.1 | prefetch_q=100 | elapsed=301101.5s
progress | opt_step=75875/172211 | micro_step=607000/1377681 | stage=stage3 | span=1 | train_loss=2.5071 | lr=0.0001197 | cpu_batch_ms=0.9 | provider_batch_ms=305.1 | prefetch_q=97 | elapsed=301194.5s
progress | opt_step=75900/172211 | micro_step=607200/1377681 | stage=stage3 | span=1 | train_loss=2.7486 | lr=0.000119642 | cpu_batch_ms=0.9 | provider_batch_ms=317.9 | prefetch_q=100 | elapsed=301288.0s
progress | opt_step=75925/172211 | micro_step=607400/1377681 | stage=stage3 | span=1 | train_loss=2.5964 | lr=0.000119583 | cpu_batch_ms=0.9 | provider_batch_ms=258.7 | prefetch_q=100 | elapsed=301406.6s
progress | opt_step=75950/172211 | micro_step=607600/1377681 | stage=stage3 | span=1 | train_loss=3.0298 | lr=0.000119525 | cpu_batch_ms=0.9 | provider_batch_ms=299.7 | prefetch_q=99 | elapsed=301500.6s
progress | opt_step=75975/172211 | micro_step=607800/1377681 | stage=stage3 | span=1 | train_loss=2.5425 | lr=0.000119466 | cpu_batch_ms=0.9 | provider_batch_ms=314.7 | prefetch_q=95 | elapsed=301593.7s
progress | opt_step=76000/172211 | micro_step=608000/1377681 | stage=stage3 | span=1 | train_loss=2.6773 | lr=0.000119408 | cpu_batch_ms=0.9 | provider_batch_ms=316.3 | prefetch_q=93 | elapsed=301686.0s
eval | opt_step=76000 | micro_step=608000 | train_loss=2.6773 | val_loss=2.8241 | val_ppl=16.84
progress | opt_step=76025/172211 | micro_step=608200/1377681 | stage=stage3 | span=1 | train_loss=2.8540 | lr=0.000119349 | cpu_batch_ms=0.9 | provider_batch_ms=257.6 | prefetch_q=88 | elapsed=301806.8s
progress | opt_step=76050/172211 | micro_step=608400/1377681 | stage=stage3 | span=1 | train_loss=2.6110 | lr=0.00011929 | cpu_batch_ms=0.9 | provider_batch_ms=307.3 | prefetch_q=98 | elapsed=301901.3s
progress | opt_step=76075/172211 | micro_step=608600/1377681 | stage=stage3 | span=1 | train_loss=2.5667 | lr=0.000119232 | cpu_batch_ms=0.9 | provider_batch_ms=328.6 | prefetch_q=100 | elapsed=301995.0s
progress | opt_step=76100/172211 | micro_step=608800/1377681 | stage=stage3 | span=1 | train_loss=2.7400 | lr=0.000119173 | cpu_batch_ms=0.9 | provider_batch_ms=339.7 | prefetch_q=97 | elapsed=302088.4s
progress | opt_step=76125/172211 | micro_step=609000/1377681 | stage=stage3 | span=1 | train_loss=2.2525 | lr=0.000119115 | cpu_batch_ms=0.9 | provider_batch_ms=247.4 | prefetch_q=99 | elapsed=302206.2s
progress | opt_step=76150/172211 | micro_step=609200/1377681 | stage=stage3 | span=1 | train_loss=2.9029 | lr=0.000119056 | cpu_batch_ms=0.9 | provider_batch_ms=302.4 | prefetch_q=100 | elapsed=302300.3s
progress | opt_step=76175/172211 | micro_step=609400/1377681 | stage=stage3 | span=1 | train_loss=2.6185 | lr=0.000118997 | cpu_batch_ms=0.9 | provider_batch_ms=321.5 | prefetch_q=100 | elapsed=302393.5s
progress | opt_step=76200/172211 | micro_step=609600/1377681 | stage=stage3 | span=1 | train_loss=2.6435 | lr=0.000118939 | cpu_batch_ms=0.9 | provider_batch_ms=334.6 | prefetch_q=97 | elapsed=302486.7s
eval | opt_step=76200 | micro_step=609600 | train_loss=2.6435 | val_loss=2.8216 | val_ppl=16.80
progress | opt_step=76225/172211 | micro_step=609800/1377681 | stage=stage3 | span=1 | train_loss=2.4184 | lr=0.00011888 | cpu_batch_ms=0.9 | provider_batch_ms=253.7 | prefetch_q=100 | elapsed=302609.9s
progress | opt_step=76250/172211 | micro_step=610000/1377681 | stage=stage3 | span=1 | train_loss=2.9025 | lr=0.000118822 | cpu_batch_ms=0.9 | provider_batch_ms=295.8 | prefetch_q=100 | elapsed=302703.9s
progress | opt_step=76275/172211 | micro_step=610200/1377681 | stage=stage3 | span=1 | train_loss=2.9455 | lr=0.000118763 | cpu_batch_ms=0.9 | provider_batch_ms=323.8 | prefetch_q=98 | elapsed=302798.5s
progress | opt_step=76300/172211 | micro_step=610400/1377681 | stage=stage3 | span=1 | train_loss=2.0815 | lr=0.000118704 | cpu_batch_ms=0.9 | provider_batch_ms=332.4 | prefetch_q=100 | elapsed=302891.8s
progress | opt_step=76325/172211 | micro_step=610600/1377681 | stage=stage3 | span=1 | train_loss=2.6963 | lr=0.000118646 | cpu_batch_ms=0.9 | provider_batch_ms=229.8 | prefetch_q=100 | elapsed=303008.0s
progress | opt_step=76350/172211 | micro_step=610800/1377681 | stage=stage3 | span=1 | train_loss=2.6923 | lr=0.000118587 | cpu_batch_ms=0.9 | provider_batch_ms=276.8 | prefetch_q=100 | elapsed=303101.1s
progress | opt_step=76375/172211 | micro_step=611000/1377681 | stage=stage3 | span=1 | train_loss=2.4354 | lr=0.000118528 | cpu_batch_ms=0.9 | provider_batch_ms=307.1 | prefetch_q=97 | elapsed=303195.0s
progress | opt_step=76400/172211 | micro_step=611200/1377681 | stage=stage3 | span=1 | train_loss=2.3982 | lr=0.00011847 | cpu_batch_ms=0.9 | provider_batch_ms=323.6 | prefetch_q=88 | elapsed=303288.0s
eval | opt_step=76400 | micro_step=611200 | train_loss=2.3982 | val_loss=2.8219 | val_ppl=16.81
progress | opt_step=76425/172211 | micro_step=611400/1377681 | stage=stage3 | span=1 | train_loss=2.8150 | lr=0.000118411 | cpu_batch_ms=0.9 | provider_batch_ms=244.9 | prefetch_q=99 | elapsed=303402.6s
progress | opt_step=76450/172211 | micro_step=611600/1377681 | stage=stage3 | span=1 | train_loss=2.6562 | lr=0.000118352 | cpu_batch_ms=0.9 | provider_batch_ms=304.2 | prefetch_q=100 | elapsed=303496.9s
progress | opt_step=76475/172211 | micro_step=611800/1377681 | stage=stage3 | span=1 | train_loss=2.8422 | lr=0.000118294 | cpu_batch_ms=0.9 | provider_batch_ms=320.6 | prefetch_q=100 | elapsed=303590.1s
progress | opt_step=76500/172211 | micro_step=612000/1377681 | stage=stage3 | span=1 | train_loss=2.7191 | lr=0.000118235 | cpu_batch_ms=0.9 | provider_batch_ms=331.8 | prefetch_q=98 | elapsed=303683.3s
progress | opt_step=76525/172211 | micro_step=612200/1377681 | stage=stage3 | span=1 | train_loss=2.3642 | lr=0.000118176 | cpu_batch_ms=0.9 | provider_batch_ms=256.4 | prefetch_q=100 | elapsed=303797.9s
progress | opt_step=76550/172211 | micro_step=612400/1377681 | stage=stage3 | span=1 | train_loss=2.6246 | lr=0.000118118 | cpu_batch_ms=0.9 | provider_batch_ms=293.8 | prefetch_q=99 | elapsed=303890.9s
progress | opt_step=76575/172211 | micro_step=612600/1377681 | stage=stage3 | span=1 | train_loss=2.5432 | lr=0.000118059 | cpu_batch_ms=0.9 | provider_batch_ms=314.3 | prefetch_q=100 | elapsed=303984.3s
progress | opt_step=76600/172211 | micro_step=612800/1377681 | stage=stage3 | span=1 | train_loss=2.7317 | lr=0.000118 | cpu_batch_ms=0.9 | provider_batch_ms=325.2 | prefetch_q=100 | elapsed=304077.6s
eval | opt_step=76600 | micro_step=612800 | train_loss=2.7317 | val_loss=2.8183 | val_ppl=16.75
progress | opt_step=76625/172211 | micro_step=613000/1377681 | stage=stage3 | span=1 | train_loss=2.6726 | lr=0.000117942 | cpu_batch_ms=0.9 | provider_batch_ms=265.7 | prefetch_q=95 | elapsed=304196.4s
progress | opt_step=76650/172211 | micro_step=613200/1377681 | stage=stage3 | span=1 | train_loss=2.5448 | lr=0.000117883 | cpu_batch_ms=0.9 | provider_batch_ms=315.0 | prefetch_q=100 | elapsed=304290.9s
progress | opt_step=76675/172211 | micro_step=613400/1377681 | stage=stage3 | span=1 | train_loss=2.6469 | lr=0.000117824 | cpu_batch_ms=0.9 | provider_batch_ms=321.1 | prefetch_q=100 | elapsed=304384.0s
progress | opt_step=76700/172211 | micro_step=613600/1377681 | stage=stage3 | span=1 | train_loss=2.7630 | lr=0.000117766 | cpu_batch_ms=0.9 | provider_batch_ms=337.1 | prefetch_q=98 | elapsed=304477.5s
progress | opt_step=76725/172211 | micro_step=613800/1377681 | stage=stage3 | span=1 | train_loss=2.2363 | lr=0.000117707 | cpu_batch_ms=0.9 | provider_batch_ms=261.8 | prefetch_q=100 | elapsed=304614.8s
progress | opt_step=76750/172211 | micro_step=614000/1377681 | stage=stage3 | span=1 | train_loss=2.8616 | lr=0.000117648 | cpu_batch_ms=0.9 | provider_batch_ms=313.2 | prefetch_q=100 | elapsed=304709.0s
progress | opt_step=76775/172211 | micro_step=614200/1377681 | stage=stage3 | span=1 | train_loss=2.4740 | lr=0.00011759 | cpu_batch_ms=0.9 | provider_batch_ms=321.9 | prefetch_q=100 | elapsed=304801.7s
progress | opt_step=76800/172211 | micro_step=614400/1377681 | stage=stage3 | span=1 | train_loss=3.0671 | lr=0.000117531 | cpu_batch_ms=0.9 | provider_batch_ms=327.4 | prefetch_q=100 | elapsed=304894.7s
eval | opt_step=76800 | micro_step=614400 | train_loss=3.0671 | val_loss=2.8212 | val_ppl=16.80
progress | opt_step=76825/172211 | micro_step=614600/1377681 | stage=stage3 | span=1 | train_loss=2.4409 | lr=0.000117472 | cpu_batch_ms=0.9 | provider_batch_ms=235.9 | prefetch_q=95 | elapsed=305026.9s
progress | opt_step=76850/172211 | micro_step=614800/1377681 | stage=stage3 | span=1 | train_loss=2.6653 | lr=0.000117414 | cpu_batch_ms=0.9 | provider_batch_ms=283.9 | prefetch_q=97 | elapsed=305120.0s
progress | opt_step=76875/172211 | micro_step=615000/1377681 | stage=stage3 | span=1 | train_loss=2.5806 | lr=0.000117355 | cpu_batch_ms=0.9 | provider_batch_ms=310.6 | prefetch_q=99 | elapsed=305214.0s
progress | opt_step=76900/172211 | micro_step=615200/1377681 | stage=stage3 | span=1 | train_loss=2.4961 | lr=0.000117296 | cpu_batch_ms=0.9 | provider_batch_ms=326.5 | prefetch_q=100 | elapsed=305307.5s
progress | opt_step=76925/172211 | micro_step=615400/1377681 | stage=stage3 | span=1 | train_loss=2.6129 | lr=0.000117237 | cpu_batch_ms=0.9 | provider_batch_ms=262.7 | prefetch_q=98 | elapsed=305430.9s
progress | opt_step=76950/172211 | micro_step=615600/1377681 | stage=stage3 | span=1 | train_loss=2.5455 | lr=0.000117179 | cpu_batch_ms=0.9 | provider_batch_ms=302.5 | prefetch_q=96 | elapsed=305524.1s
progress | opt_step=76975/172211 | micro_step=615800/1377681 | stage=stage3 | span=1 | train_loss=2.4513 | lr=0.00011712 | cpu_batch_ms=0.9 | provider_batch_ms=317.4 | prefetch_q=100 | elapsed=305617.5s
progress | opt_step=77000/172211 | micro_step=616000/1377681 | stage=stage3 | span=1 | train_loss=2.1495 | lr=0.000117061 | cpu_batch_ms=0.9 | provider_batch_ms=319.3 | prefetch_q=100 | elapsed=305710.1s
eval | opt_step=77000 | micro_step=616000 | train_loss=2.1495 | val_loss=2.8220 | val_ppl=16.81
progress | opt_step=77025/172211 | micro_step=616200/1377681 | stage=stage3 | span=1 | train_loss=2.8347 | lr=0.000117003 | cpu_batch_ms=0.9 | provider_batch_ms=246.0 | prefetch_q=98 | elapsed=305839.9s
progress | opt_step=77050/172211 | micro_step=616400/1377681 | stage=stage3 | span=1 | train_loss=2.3756 | lr=0.000116944 | cpu_batch_ms=0.9 | provider_batch_ms=293.9 | prefetch_q=100 | elapsed=305933.4s
progress | opt_step=77075/172211 | micro_step=616600/1377681 | stage=stage3 | span=1 | train_loss=2.7383 | lr=0.000116885 | cpu_batch_ms=0.9 | provider_batch_ms=312.3 | prefetch_q=100 | elapsed=306025.9s
progress | opt_step=77100/172211 | micro_step=616800/1377681 | stage=stage3 | span=1 | train_loss=2.8553 | lr=0.000116826 | cpu_batch_ms=0.9 | provider_batch_ms=328.3 | prefetch_q=94 | elapsed=306119.5s
progress | opt_step=77125/172211 | micro_step=617000/1377681 | stage=stage3 | span=1 | train_loss=2.7340 | lr=0.000116768 | cpu_batch_ms=0.9 | provider_batch_ms=246.7 | prefetch_q=100 | elapsed=306242.8s
progress | opt_step=77150/172211 | micro_step=617200/1377681 | stage=stage3 | span=1 | train_loss=2.4251 | lr=0.000116709 | cpu_batch_ms=0.9 | provider_batch_ms=292.7 | prefetch_q=100 | elapsed=306336.2s
progress | opt_step=77175/172211 | micro_step=617400/1377681 | stage=stage3 | span=1 | train_loss=2.6649 | lr=0.00011665 | cpu_batch_ms=0.9 | provider_batch_ms=312.8 | prefetch_q=100 | elapsed=306429.3s
progress | opt_step=77200/172211 | micro_step=617600/1377681 | stage=stage3 | span=1 | train_loss=2.9630 | lr=0.000116591 | cpu_batch_ms=0.9 | provider_batch_ms=324.9 | prefetch_q=100 | elapsed=306522.5s
eval | opt_step=77200 | micro_step=617600 | train_loss=2.9630 | val_loss=2.8194 | val_ppl=16.77
progress | opt_step=77225/172211 | micro_step=617800/1377681 | stage=stage3 | span=1 | train_loss=2.5409 | lr=0.000116533 | cpu_batch_ms=0.9 | provider_batch_ms=217.0 | prefetch_q=100 | elapsed=306656.8s
progress | opt_step=77250/172211 | micro_step=618000/1377681 | stage=stage3 | span=1 | train_loss=2.5088 | lr=0.000116474 | cpu_batch_ms=0.9 | provider_batch_ms=289.3 | prefetch_q=100 | elapsed=306750.8s
progress | opt_step=77275/172211 | micro_step=618200/1377681 | stage=stage3 | span=1 | train_loss=2.5309 | lr=0.000116415 | cpu_batch_ms=0.9 | provider_batch_ms=314.5 | prefetch_q=99 | elapsed=306844.0s
progress | opt_step=77300/172211 | micro_step=618400/1377681 | stage=stage3 | span=1 | train_loss=1.8140 | lr=0.000116356 | cpu_batch_ms=0.9 | provider_batch_ms=331.0 | prefetch_q=99 | elapsed=306938.3s
progress | opt_step=77325/172211 | micro_step=618600/1377681 | stage=stage3 | span=1 | train_loss=2.2190 | lr=0.000116298 | cpu_batch_ms=0.9 | provider_batch_ms=235.2 | prefetch_q=100 | elapsed=307065.3s
progress | opt_step=77350/172211 | micro_step=618800/1377681 | stage=stage3 | span=1 | train_loss=2.3317 | lr=0.000116239 | cpu_batch_ms=0.9 | provider_batch_ms=291.7 | prefetch_q=99 | elapsed=307158.5s
progress | opt_step=77375/172211 | micro_step=619000/1377681 | stage=stage3 | span=1 | train_loss=2.9022 | lr=0.00011618 | cpu_batch_ms=0.9 | provider_batch_ms=310.7 | prefetch_q=96 | elapsed=307251.9s
progress | opt_step=77400/172211 | micro_step=619200/1377681 | stage=stage3 | span=1 | train_loss=2.5373 | lr=0.000116121 | cpu_batch_ms=0.9 | provider_batch_ms=324.5 | prefetch_q=100 | elapsed=307345.7s
eval | opt_step=77400 | micro_step=619200 | train_loss=2.5373 | val_loss=2.8355 | val_ppl=17.04
progress | opt_step=77425/172211 | micro_step=619400/1377681 | stage=stage3 | span=1 | train_loss=2.3626 | lr=0.000116063 | cpu_batch_ms=0.9 | provider_batch_ms=252.1 | prefetch_q=95 | elapsed=307469.7s
progress | opt_step=77450/172211 | micro_step=619600/1377681 | stage=stage3 | span=1 | train_loss=2.9231 | lr=0.000116004 | cpu_batch_ms=0.9 | provider_batch_ms=295.7 | prefetch_q=100 | elapsed=307563.6s
progress | opt_step=77475/172211 | micro_step=619800/1377681 | stage=stage3 | span=1 | train_loss=1.9369 | lr=0.000115945 | cpu_batch_ms=0.9 | provider_batch_ms=324.6 | prefetch_q=100 | elapsed=307656.9s
progress | opt_step=77500/172211 | micro_step=620000/1377681 | stage=stage3 | span=1 | train_loss=2.3851 | lr=0.000115886 | cpu_batch_ms=0.9 | provider_batch_ms=331.2 | prefetch_q=100 | elapsed=307750.0s
progress | opt_step=77525/172211 | micro_step=620200/1377681 | stage=stage3 | span=1 | train_loss=2.6709 | lr=0.000115828 | cpu_batch_ms=0.9 | provider_batch_ms=237.6 | prefetch_q=99 | elapsed=307863.9s
progress | opt_step=77550/172211 | micro_step=620400/1377681 | stage=stage3 | span=1 | train_loss=2.6161 | lr=0.000115769 | cpu_batch_ms=0.9 | provider_batch_ms=281.1 | prefetch_q=99 | elapsed=307956.7s
progress | opt_step=77575/172211 | micro_step=620600/1377681 | stage=stage3 | span=1 | train_loss=2.0785 | lr=0.00011571 | cpu_batch_ms=0.9 | provider_batch_ms=299.6 | prefetch_q=96 | elapsed=308049.5s
progress | opt_step=77600/172211 | micro_step=620800/1377681 | stage=stage3 | span=1 | train_loss=2.4458 | lr=0.000115651 | cpu_batch_ms=0.9 | provider_batch_ms=319.0 | prefetch_q=99 | elapsed=308143.2s
eval | opt_step=77600 | micro_step=620800 | train_loss=2.4458 | val_loss=2.8232 | val_ppl=16.83
progress | opt_step=77625/172211 | micro_step=621000/1377681 | stage=stage3 | span=1 | train_loss=2.8866 | lr=0.000115592 | cpu_batch_ms=0.9 | provider_batch_ms=233.5 | prefetch_q=99 | elapsed=308261.1s
progress | opt_step=77650/172211 | micro_step=621200/1377681 | stage=stage3 | span=1 | train_loss=2.5784 | lr=0.000115534 | cpu_batch_ms=0.9 | provider_batch_ms=288.7 | prefetch_q=100 | elapsed=308354.8s
progress | opt_step=77675/172211 | micro_step=621400/1377681 | stage=stage3 | span=1 | train_loss=2.3151 | lr=0.000115475 | cpu_batch_ms=0.9 | provider_batch_ms=302.9 | prefetch_q=100 | elapsed=308447.6s
progress | opt_step=77700/172211 | micro_step=621600/1377681 | stage=stage3 | span=1 | train_loss=2.5297 | lr=0.000115416 | cpu_batch_ms=0.9 | provider_batch_ms=320.3 | prefetch_q=97 | elapsed=308540.9s
progress | opt_step=77725/172211 | micro_step=621800/1377681 | stage=stage3 | span=1 | train_loss=2.5471 | lr=0.000115357 | cpu_batch_ms=0.9 | provider_batch_ms=245.5 | prefetch_q=99 | elapsed=308654.0s
progress | opt_step=77750/172211 | micro_step=622000/1377681 | stage=stage3 | span=1 | train_loss=2.3326 | lr=0.000115298 | cpu_batch_ms=0.9 | provider_batch_ms=287.6 | prefetch_q=100 | elapsed=308746.7s
progress | opt_step=77775/172211 | micro_step=622200/1377681 | stage=stage3 | span=1 | train_loss=1.6116 | lr=0.00011524 | cpu_batch_ms=0.9 | provider_batch_ms=307.2 | prefetch_q=100 | elapsed=308840.0s
progress | opt_step=77800/172211 | micro_step=622400/1377681 | stage=stage3 | span=1 | train_loss=2.0214 | lr=0.000115181 | cpu_batch_ms=0.9 | provider_batch_ms=318.0 | prefetch_q=100 | elapsed=308933.7s
eval | opt_step=77800 | micro_step=622400 | train_loss=2.0214 | val_loss=2.8213 | val_ppl=16.80
progress | opt_step=77825/172211 | micro_step=622600/1377681 | stage=stage3 | span=1 | train_loss=2.5731 | lr=0.000115122 | cpu_batch_ms=0.9 | provider_batch_ms=251.3 | prefetch_q=93 | elapsed=309049.0s
progress | opt_step=77850/172211 | micro_step=622800/1377681 | stage=stage3 | span=1 | train_loss=2.6337 | lr=0.000115063 | cpu_batch_ms=0.9 | provider_batch_ms=302.5 | prefetch_q=99 | elapsed=309142.3s
progress | opt_step=77875/172211 | micro_step=623000/1377681 | stage=stage3 | span=1 | train_loss=2.8846 | lr=0.000115004 | cpu_batch_ms=0.9 | provider_batch_ms=321.0 | prefetch_q=97 | elapsed=309235.9s
progress | opt_step=77900/172211 | micro_step=623200/1377681 | stage=stage3 | span=1 | train_loss=2.5151 | lr=0.000114946 | cpu_batch_ms=0.9 | provider_batch_ms=332.7 | prefetch_q=100 | elapsed=309329.8s
progress | opt_step=77925/172211 | micro_step=623400/1377681 | stage=stage3 | span=1 | train_loss=2.3783 | lr=0.000114887 | cpu_batch_ms=0.9 | provider_batch_ms=250.3 | prefetch_q=100 | elapsed=309444.3s
progress | opt_step=77950/172211 | micro_step=623600/1377681 | stage=stage3 | span=1 | train_loss=2.5143 | lr=0.000114828 | cpu_batch_ms=0.9 | provider_batch_ms=290.8 | prefetch_q=100 | elapsed=309538.1s
progress | opt_step=77975/172211 | micro_step=623800/1377681 | stage=stage3 | span=1 | train_loss=2.4998 | lr=0.000114769 | cpu_batch_ms=0.9 | provider_batch_ms=318.3 | prefetch_q=100 | elapsed=309631.8s
progress | opt_step=78000/172211 | micro_step=624000/1377681 | stage=stage3 | span=1 | train_loss=2.1413 | lr=0.00011471 | cpu_batch_ms=0.9 | provider_batch_ms=326.3 | prefetch_q=100 | elapsed=309724.9s
eval | opt_step=78000 | micro_step=624000 | train_loss=2.1413 | val_loss=2.8273 | val_ppl=16.90
progress | opt_step=78025/172211 | micro_step=624200/1377681 | stage=stage3 | span=1 | train_loss=2.3414 | lr=0.000114651 | cpu_batch_ms=0.9 | provider_batch_ms=265.7 | prefetch_q=100 | elapsed=309845.0s
progress | opt_step=78050/172211 | micro_step=624400/1377681 | stage=stage3 | span=1 | train_loss=2.6597 | lr=0.000114593 | cpu_batch_ms=0.9 | provider_batch_ms=301.4 | prefetch_q=100 | elapsed=309937.7s
progress | opt_step=78075/172211 | micro_step=624600/1377681 | stage=stage3 | span=1 | train_loss=2.5133 | lr=0.000114534 | cpu_batch_ms=0.9 | provider_batch_ms=320.3 | prefetch_q=97 | elapsed=310030.8s
progress | opt_step=78100/172211 | micro_step=624800/1377681 | stage=stage3 | span=1 | train_loss=2.6158 | lr=0.000114475 | cpu_batch_ms=0.9 | provider_batch_ms=335.7 | prefetch_q=99 | elapsed=310124.5s
progress | opt_step=78125/172211 | micro_step=625000/1377681 | stage=stage3 | span=1 | train_loss=2.8350 | lr=0.000114416 | cpu_batch_ms=0.9 | provider_batch_ms=234.1 | prefetch_q=94 | elapsed=310238.0s
progress | opt_step=78150/172211 | micro_step=625200/1377681 | stage=stage3 | span=1 | train_loss=2.9425 | lr=0.000114357 | cpu_batch_ms=0.9 | provider_batch_ms=291.3 | prefetch_q=100 | elapsed=310331.6s
progress | opt_step=78175/172211 | micro_step=625400/1377681 | stage=stage3 | span=1 | train_loss=2.8630 | lr=0.000114298 | cpu_batch_ms=0.9 | provider_batch_ms=314.0 | prefetch_q=99 | elapsed=310424.6s
progress | opt_step=78200/172211 | micro_step=625600/1377681 | stage=stage3 | span=1 | train_loss=2.5689 | lr=0.00011424 | cpu_batch_ms=0.9 | provider_batch_ms=324.9 | prefetch_q=100 | elapsed=310517.5s
eval | opt_step=78200 | micro_step=625600 | train_loss=2.5689 | val_loss=2.8234 | val_ppl=16.83
progress | opt_step=78225/172211 | micro_step=625800/1377681 | stage=stage3 | span=1 | train_loss=2.5716 | lr=0.000114181 | cpu_batch_ms=0.9 | provider_batch_ms=256.4 | prefetch_q=100 | elapsed=310633.2s
progress | opt_step=78250/172211 | micro_step=626000/1377681 | stage=stage3 | span=1 | train_loss=2.4513 | lr=0.000114122 | cpu_batch_ms=0.9 | provider_batch_ms=300.8 | prefetch_q=100 | elapsed=310727.0s
progress | opt_step=78275/172211 | micro_step=626200/1377681 | stage=stage3 | span=1 | train_loss=2.4781 | lr=0.000114063 | cpu_batch_ms=0.9 | provider_batch_ms=327.2 | prefetch_q=97 | elapsed=310820.7s
progress | opt_step=78300/172211 | micro_step=626400/1377681 | stage=stage3 | span=1 | train_loss=2.6674 | lr=0.000114004 | cpu_batch_ms=0.9 | provider_batch_ms=326.4 | prefetch_q=100 | elapsed=310913.1s
progress | opt_step=78325/172211 | micro_step=626600/1377681 | stage=stage3 | span=1 | train_loss=2.7295 | lr=0.000113945 | cpu_batch_ms=0.9 | provider_batch_ms=241.3 | prefetch_q=99 | elapsed=311026.2s
progress | opt_step=78350/172211 | micro_step=626800/1377681 | stage=stage3 | span=1 | train_loss=2.5439 | lr=0.000113887 | cpu_batch_ms=0.9 | provider_batch_ms=276.2 | prefetch_q=100 | elapsed=311119.6s
progress | opt_step=78375/172211 | micro_step=627000/1377681 | stage=stage3 | span=1 | train_loss=2.3083 | lr=0.000113828 | cpu_batch_ms=0.9 | provider_batch_ms=304.7 | prefetch_q=100 | elapsed=311212.6s
progress | opt_step=78400/172211 | micro_step=627200/1377681 | stage=stage3 | span=1 | train_loss=2.4823 | lr=0.000113769 | cpu_batch_ms=0.9 | provider_batch_ms=317.1 | prefetch_q=98 | elapsed=311305.8s
eval | opt_step=78400 | micro_step=627200 | train_loss=2.4823 | val_loss=2.8196 | val_ppl=16.77
progress | opt_step=78425/172211 | micro_step=627400/1377681 | stage=stage3 | span=1 | train_loss=2.6406 | lr=0.00011371 | cpu_batch_ms=0.9 | provider_batch_ms=239.0 | prefetch_q=98 | elapsed=311424.9s
progress | opt_step=78450/172211 | micro_step=627600/1377681 | stage=stage3 | span=1 | train_loss=2.7419 | lr=0.000113651 | cpu_batch_ms=0.9 | provider_batch_ms=293.9 | prefetch_q=100 | elapsed=311518.5s
progress | opt_step=78475/172211 | micro_step=627800/1377681 | stage=stage3 | span=1 | train_loss=2.7313 | lr=0.000113592 | cpu_batch_ms=0.9 | provider_batch_ms=321.7 | prefetch_q=96 | elapsed=311612.6s
progress | opt_step=78500/172211 | micro_step=628000/1377681 | stage=stage3 | span=1 | train_loss=2.5955 | lr=0.000113533 | cpu_batch_ms=0.9 | provider_batch_ms=333.5 | prefetch_q=97 | elapsed=311705.5s
progress | opt_step=78525/172211 | micro_step=628200/1377681 | stage=stage3 | span=1 | train_loss=2.6674 | lr=0.000113475 | cpu_batch_ms=0.9 | provider_batch_ms=247.6 | prefetch_q=100 | elapsed=311825.2s
progress | opt_step=78550/172211 | micro_step=628400/1377681 | stage=stage3 | span=1 | train_loss=2.7182 | lr=0.000113416 | cpu_batch_ms=0.9 | provider_batch_ms=288.1 | prefetch_q=99 | elapsed=311917.9s
progress | opt_step=78575/172211 | micro_step=628600/1377681 | stage=stage3 | span=1 | train_loss=2.4418 | lr=0.000113357 | cpu_batch_ms=0.9 | provider_batch_ms=311.9 | prefetch_q=99 | elapsed=312011.3s
progress | opt_step=78600/172211 | micro_step=628800/1377681 | stage=stage3 | span=1 | train_loss=2.4769 | lr=0.000113298 | cpu_batch_ms=0.9 | provider_batch_ms=322.8 | prefetch_q=99 | elapsed=312105.1s
eval | opt_step=78600 | micro_step=628800 | train_loss=2.4769 | val_loss=2.8196 | val_ppl=16.77
progress | opt_step=78625/172211 | micro_step=629000/1377681 | stage=stage3 | span=1 | train_loss=2.4435 | lr=0.000113239 | cpu_batch_ms=0.9 | provider_batch_ms=241.7 | prefetch_q=98 | elapsed=312219.8s
progress | opt_step=78650/172211 | micro_step=629200/1377681 | stage=stage3 | span=1 | train_loss=2.8964 | lr=0.00011318 | cpu_batch_ms=0.9 | provider_batch_ms=290.8 | prefetch_q=98 | elapsed=312314.0s
progress | opt_step=78675/172211 | micro_step=629400/1377681 | stage=stage3 | span=1 | train_loss=2.6286 | lr=0.000113121 | cpu_batch_ms=0.9 | provider_batch_ms=315.5 | prefetch_q=100 | elapsed=312407.6s
progress | opt_step=78700/172211 | micro_step=629600/1377681 | stage=stage3 | span=1 | train_loss=2.9587 | lr=0.000113062 | cpu_batch_ms=0.9 | provider_batch_ms=328.9 | prefetch_q=100 | elapsed=312501.1s
progress | opt_step=78725/172211 | micro_step=629800/1377681 | stage=stage3 | span=1 | train_loss=2.9149 | lr=0.000113004 | cpu_batch_ms=0.9 | provider_batch_ms=231.0 | prefetch_q=100 | elapsed=312612.8s
progress | opt_step=78750/172211 | micro_step=630000/1377681 | stage=stage3 | span=1 | train_loss=2.7112 | lr=0.000112945 | cpu_batch_ms=0.9 | provider_batch_ms=295.5 | prefetch_q=100 | elapsed=312706.7s
progress | opt_step=78775/172211 | micro_step=630200/1377681 | stage=stage3 | span=1 | train_loss=2.6600 | lr=0.000112886 | cpu_batch_ms=0.9 | provider_batch_ms=320.9 | prefetch_q=100 | elapsed=312800.1s
progress | opt_step=78800/172211 | micro_step=630400/1377681 | stage=stage3 | span=1 | train_loss=2.6991 | lr=0.000112827 | cpu_batch_ms=0.9 | provider_batch_ms=331.6 | prefetch_q=98 | elapsed=312892.8s
eval | opt_step=78800 | micro_step=630400 | train_loss=2.6991 | val_loss=2.8122 | val_ppl=16.65
progress | opt_step=78825/172211 | micro_step=630600/1377681 | stage=stage3 | span=1 | train_loss=2.7827 | lr=0.000112768 | cpu_batch_ms=0.9 | provider_batch_ms=246.5 | prefetch_q=100 | elapsed=313031.1s
progress | opt_step=78850/172211 | micro_step=630800/1377681 | stage=stage3 | span=1 | train_loss=2.3927 | lr=0.000112709 | cpu_batch_ms=0.9 | provider_batch_ms=285.8 | prefetch_q=100 | elapsed=313123.9s
progress | opt_step=78875/172211 | micro_step=631000/1377681 | stage=stage3 | span=1 | train_loss=2.7646 | lr=0.00011265 | cpu_batch_ms=0.9 | provider_batch_ms=313.3 | prefetch_q=99 | elapsed=313217.4s
progress | opt_step=78900/172211 | micro_step=631200/1377681 | stage=stage3 | span=1 | train_loss=2.3379 | lr=0.000112591 | cpu_batch_ms=0.9 | provider_batch_ms=327.7 | prefetch_q=100 | elapsed=313311.2s
progress | opt_step=78925/172211 | micro_step=631400/1377681 | stage=stage3 | span=1 | train_loss=2.7274 | lr=0.000112533 | cpu_batch_ms=0.9 | provider_batch_ms=256.3 | prefetch_q=99 | elapsed=313429.9s
progress | opt_step=78950/172211 | micro_step=631600/1377681 | stage=stage3 | span=1 | train_loss=2.7846 | lr=0.000112474 | cpu_batch_ms=0.9 | provider_batch_ms=295.5 | prefetch_q=98 | elapsed=313523.5s
progress | opt_step=78975/172211 | micro_step=631800/1377681 | stage=stage3 | span=1 | train_loss=3.0565 | lr=0.000112415 | cpu_batch_ms=0.9 | provider_batch_ms=309.6 | prefetch_q=99 | elapsed=313616.5s
progress | opt_step=79000/172211 | micro_step=632000/1377681 | stage=stage3 | span=1 | train_loss=2.5604 | lr=0.000112356 | cpu_batch_ms=0.9 | provider_batch_ms=327.1 | prefetch_q=100 | elapsed=313710.9s
eval | opt_step=79000 | micro_step=632000 | train_loss=2.5604 | val_loss=2.8096 | val_ppl=16.60
progress | opt_step=79025/172211 | micro_step=632200/1377681 | stage=stage3 | span=1 | train_loss=2.5149 | lr=0.000112297 | cpu_batch_ms=0.9 | provider_batch_ms=251.0 | prefetch_q=97 | elapsed=313849.3s
progress | opt_step=79050/172211 | micro_step=632400/1377681 | stage=stage3 | span=1 | train_loss=2.8831 | lr=0.000112238 | cpu_batch_ms=0.9 | provider_batch_ms=299.6 | prefetch_q=100 | elapsed=313943.3s
progress | opt_step=79075/172211 | micro_step=632600/1377681 | stage=stage3 | span=1 | train_loss=2.7333 | lr=0.000112179 | cpu_batch_ms=0.9 | provider_batch_ms=317.1 | prefetch_q=98 | elapsed=314036.9s
progress | opt_step=79100/172211 | micro_step=632800/1377681 | stage=stage3 | span=1 | train_loss=3.0479 | lr=0.00011212 | cpu_batch_ms=0.9 | provider_batch_ms=332.8 | prefetch_q=95 | elapsed=314130.3s
progress | opt_step=79125/172211 | micro_step=633000/1377681 | stage=stage3 | span=1 | train_loss=2.0228 | lr=0.000112061 | cpu_batch_ms=0.9 | provider_batch_ms=215.2 | prefetch_q=100 | elapsed=314241.3s
progress | opt_step=79150/172211 | micro_step=633200/1377681 | stage=stage3 | span=1 | train_loss=2.7899 | lr=0.000112003 | cpu_batch_ms=0.9 | provider_batch_ms=272.4 | prefetch_q=97 | elapsed=314334.6s
progress | opt_step=79175/172211 | micro_step=633400/1377681 | stage=stage3 | span=1 | train_loss=2.4507 | lr=0.000111944 | cpu_batch_ms=0.9 | provider_batch_ms=294.4 | prefetch_q=94 | elapsed=314427.6s
progress | opt_step=79200/172211 | micro_step=633600/1377681 | stage=stage3 | span=1 | train_loss=2.7684 | lr=0.000111885 | cpu_batch_ms=0.9 | provider_batch_ms=302.5 | prefetch_q=100 | elapsed=314521.1s
eval | opt_step=79200 | micro_step=633600 | train_loss=2.7684 | val_loss=2.8155 | val_ppl=16.70
progress | opt_step=79225/172211 | micro_step=633800/1377681 | stage=stage3 | span=1 | train_loss=2.7892 | lr=0.000111826 | cpu_batch_ms=0.9 | provider_batch_ms=249.5 | prefetch_q=100 | elapsed=314643.3s
progress | opt_step=79250/172211 | micro_step=634000/1377681 | stage=stage3 | span=1 | train_loss=2.8317 | lr=0.000111767 | cpu_batch_ms=0.9 | provider_batch_ms=297.6 | prefetch_q=99 | elapsed=314736.4s
progress | opt_step=79275/172211 | micro_step=634200/1377681 | stage=stage3 | span=1 | train_loss=2.8997 | lr=0.000111708 | cpu_batch_ms=0.9 | provider_batch_ms=315.4 | prefetch_q=98 | elapsed=314829.5s
progress | opt_step=79300/172211 | micro_step=634400/1377681 | stage=stage3 | span=1 | train_loss=2.7157 | lr=0.000111649 | cpu_batch_ms=0.9 | provider_batch_ms=324.1 | prefetch_q=100 | elapsed=314922.3s
progress | opt_step=79325/172211 | micro_step=634600/1377681 | stage=stage3 | span=1 | train_loss=2.4366 | lr=0.00011159 | cpu_batch_ms=0.9 | provider_batch_ms=255.2 | prefetch_q=99 | elapsed=315040.9s
progress | opt_step=79350/172211 | micro_step=634800/1377681 | stage=stage3 | span=1 | train_loss=2.3412 | lr=0.000111531 | cpu_batch_ms=0.9 | provider_batch_ms=291.9 | prefetch_q=94 | elapsed=315133.6s
progress | opt_step=79375/172211 | micro_step=635000/1377681 | stage=stage3 | span=1 | train_loss=2.4497 | lr=0.000111473 | cpu_batch_ms=0.9 | provider_batch_ms=309.6 | prefetch_q=99 | elapsed=315227.3s
progress | opt_step=79400/172211 | micro_step=635200/1377681 | stage=stage3 | span=1 | train_loss=2.9767 | lr=0.000111414 | cpu_batch_ms=0.9 | provider_batch_ms=319.7 | prefetch_q=96 | elapsed=315320.4s
eval | opt_step=79400 | micro_step=635200 | train_loss=2.9767 | val_loss=2.8065 | val_ppl=16.55
progress | opt_step=79425/172211 | micro_step=635400/1377681 | stage=stage3 | span=1 | train_loss=1.8396 | lr=0.000111355 | cpu_batch_ms=0.9 | provider_batch_ms=228.3 | prefetch_q=97 | elapsed=315477.0s
progress | opt_step=79450/172211 | micro_step=635600/1377681 | stage=stage3 | span=1 | train_loss=2.7564 | lr=0.000111296 | cpu_batch_ms=0.9 | provider_batch_ms=278.7 | prefetch_q=100 | elapsed=315570.3s
progress | opt_step=79475/172211 | micro_step=635800/1377681 | stage=stage3 | span=1 | train_loss=2.3448 | lr=0.000111237 | cpu_batch_ms=0.9 | provider_batch_ms=299.6 | prefetch_q=98 | elapsed=315663.1s
progress | opt_step=79500/172211 | micro_step=636000/1377681 | stage=stage3 | span=1 | train_loss=2.5681 | lr=0.000111178 | cpu_batch_ms=0.9 | provider_batch_ms=320.0 | prefetch_q=100 | elapsed=315756.0s
progress | opt_step=79525/172211 | micro_step=636200/1377681 | stage=stage3 | span=1 | train_loss=2.8427 | lr=0.000111119 | cpu_batch_ms=0.9 | provider_batch_ms=260.2 | prefetch_q=98 | elapsed=315890.5s
progress | opt_step=79550/172211 | micro_step=636400/1377681 | stage=stage3 | span=1 | train_loss=2.5662 | lr=0.00011106 | cpu_batch_ms=0.9 | provider_batch_ms=298.7 | prefetch_q=100 | elapsed=315983.9s
progress | opt_step=79575/172211 | micro_step=636600/1377681 | stage=stage3 | span=1 | train_loss=2.3537 | lr=0.000111001 | cpu_batch_ms=0.9 | provider_batch_ms=316.4 | prefetch_q=97 | elapsed=316077.4s
progress | opt_step=79600/172211 | micro_step=636800/1377681 | stage=stage3 | span=1 | train_loss=2.4701 | lr=0.000110942 | cpu_batch_ms=0.9 | provider_batch_ms=328.1 | prefetch_q=97 | elapsed=316170.7s
eval | opt_step=79600 | micro_step=636800 | train_loss=2.4701 | val_loss=2.8125 | val_ppl=16.65
progress | opt_step=79625/172211 | micro_step=637000/1377681 | stage=stage3 | span=1 | train_loss=2.7269 | lr=0.000110884 | cpu_batch_ms=0.9 | provider_batch_ms=247.5 | prefetch_q=100 | elapsed=316305.1s
progress | opt_step=79650/172211 | micro_step=637200/1377681 | stage=stage3 | span=1 | train_loss=2.6442 | lr=0.000110825 | cpu_batch_ms=0.9 | provider_batch_ms=299.5 | prefetch_q=96 | elapsed=316398.4s
progress | opt_step=79675/172211 | micro_step=637400/1377681 | stage=stage3 | span=1 | train_loss=2.7302 | lr=0.000110766 | cpu_batch_ms=0.9 | provider_batch_ms=314.3 | prefetch_q=99 | elapsed=316491.1s
progress | opt_step=79700/172211 | micro_step=637600/1377681 | stage=stage3 | span=1 | train_loss=2.4980 | lr=0.000110707 | cpu_batch_ms=0.9 | provider_batch_ms=317.8 | prefetch_q=100 | elapsed=316584.1s
progress | opt_step=79725/172211 | micro_step=637800/1377681 | stage=stage3 | span=1 | train_loss=2.5932 | lr=0.000110648 | cpu_batch_ms=0.9 | provider_batch_ms=278.8 | prefetch_q=94 | elapsed=316703.1s
progress | opt_step=79750/172211 | micro_step=638000/1377681 | stage=stage3 | span=1 | train_loss=3.0049 | lr=0.000110589 | cpu_batch_ms=0.9 | provider_batch_ms=313.6 | prefetch_q=100 | elapsed=316796.8s
progress | opt_step=79775/172211 | micro_step=638200/1377681 | stage=stage3 | span=1 | train_loss=2.7766 | lr=0.00011053 | cpu_batch_ms=0.9 | provider_batch_ms=324.8 | prefetch_q=100 | elapsed=316890.2s
progress | opt_step=79800/172211 | micro_step=638400/1377681 | stage=stage3 | span=1 | train_loss=2.5183 | lr=0.000110471 | cpu_batch_ms=0.9 | provider_batch_ms=334.4 | prefetch_q=100 | elapsed=316983.5s
eval | opt_step=79800 | micro_step=638400 | train_loss=2.5183 | val_loss=2.8146 | val_ppl=16.69
progress | opt_step=79825/172211 | micro_step=638600/1377681 | stage=stage3 | span=1 | train_loss=2.4937 | lr=0.000110412 | cpu_batch_ms=0.9 | provider_batch_ms=260.9 | prefetch_q=100 | elapsed=317118.1s
progress | opt_step=79850/172211 | micro_step=638800/1377681 | stage=stage3 | span=1 | train_loss=2.3420 | lr=0.000110353 | cpu_batch_ms=0.9 | provider_batch_ms=315.2 | prefetch_q=91 | elapsed=317211.8s
progress | opt_step=79875/172211 | micro_step=639000/1377681 | stage=stage3 | span=1 | train_loss=2.7782 | lr=0.000110295 | cpu_batch_ms=0.9 | provider_batch_ms=320.6 | prefetch_q=99 | elapsed=317305.0s
progress | opt_step=79900/172211 | micro_step=639200/1377681 | stage=stage3 | span=1 | train_loss=2.5186 | lr=0.000110236 | cpu_batch_ms=0.9 | provider_batch_ms=332.9 | prefetch_q=91 | elapsed=317398.0s
progress | opt_step=79925/172211 | micro_step=639400/1377681 | stage=stage3 | span=1 | train_loss=3.0113 | lr=0.000110177 | cpu_batch_ms=0.9 | provider_batch_ms=232.4 | prefetch_q=100 | elapsed=317523.5s
progress | opt_step=79950/172211 | micro_step=639600/1377681 | stage=stage3 | span=1 | train_loss=2.4312 | lr=0.000110118 | cpu_batch_ms=0.9 | provider_batch_ms=280.6 | prefetch_q=100 | elapsed=317616.6s
progress | opt_step=79975/172211 | micro_step=639800/1377681 | stage=stage3 | span=1 | train_loss=2.2137 | lr=0.000110059 | cpu_batch_ms=0.9 | provider_batch_ms=305.1 | prefetch_q=98 | elapsed=317709.3s
progress | opt_step=80000/172211 | micro_step=640000/1377681 | stage=stage3 | span=1 | train_loss=2.7619 | lr=0.00011 | cpu_batch_ms=0.9 | provider_batch_ms=322.9 | prefetch_q=97 | elapsed=317802.8s
eval | opt_step=80000 | micro_step=640000 | train_loss=2.7619 | val_loss=2.8142 | val_ppl=16.68
progress | opt_step=80025/172211 | micro_step=640200/1377681 | stage=stage3 | span=1 | train_loss=2.1526 | lr=0.000109941 | cpu_batch_ms=0.9 | provider_batch_ms=266.5 | prefetch_q=100 | elapsed=317934.4s
progress | opt_step=80050/172211 | micro_step=640400/1377681 | stage=stage3 | span=1 | train_loss=2.7066 | lr=0.000109882 | cpu_batch_ms=0.9 | provider_batch_ms=306.4 | prefetch_q=100 | elapsed=318028.2s
progress | opt_step=80075/172211 | micro_step=640600/1377681 | stage=stage3 | span=1 | train_loss=2.6161 | lr=0.000109823 | cpu_batch_ms=0.9 | provider_batch_ms=323.6 | prefetch_q=99 | elapsed=318121.3s
progress | opt_step=80100/172211 | micro_step=640800/1377681 | stage=stage3 | span=1 | train_loss=2.5062 | lr=0.000109764 | cpu_batch_ms=0.9 | provider_batch_ms=336.4 | prefetch_q=100 | elapsed=318214.5s
progress | opt_step=80125/172211 | micro_step=641000/1377681 | stage=stage3 | span=1 | train_loss=2.2037 | lr=0.000109705 | cpu_batch_ms=0.9 | provider_batch_ms=253.3 | prefetch_q=100 | elapsed=318346.4s
progress | opt_step=80150/172211 | micro_step=641200/1377681 | stage=stage3 | span=1 | train_loss=2.0768 | lr=0.000109647 | cpu_batch_ms=0.9 | provider_batch_ms=306.5 | prefetch_q=99 | elapsed=318440.6s
progress | opt_step=80175/172211 | micro_step=641400/1377681 | stage=stage3 | span=1 | train_loss=2.7771 | lr=0.000109588 | cpu_batch_ms=0.9 | provider_batch_ms=331.7 | prefetch_q=96 | elapsed=318534.4s
progress | opt_step=80200/172211 | micro_step=641600/1377681 | stage=stage3 | span=1 | train_loss=2.6355 | lr=0.000109529 | cpu_batch_ms=0.9 | provider_batch_ms=339.1 | prefetch_q=100 | elapsed=318627.6s
eval | opt_step=80200 | micro_step=641600 | train_loss=2.6355 | val_loss=2.8047 | val_ppl=16.52
progress | opt_step=80225/172211 | micro_step=641800/1377681 | stage=stage3 | span=1 | train_loss=2.7354 | lr=0.00010947 | cpu_batch_ms=0.9 | provider_batch_ms=229.4 | prefetch_q=99 | elapsed=318784.5s
progress | opt_step=80250/172211 | micro_step=642000/1377681 | stage=stage3 | span=1 | train_loss=2.1908 | lr=0.000109411 | cpu_batch_ms=0.9 | provider_batch_ms=294.3 | prefetch_q=99 | elapsed=318879.1s
progress | opt_step=80275/172211 | micro_step=642200/1377681 | stage=stage3 | span=1 | train_loss=2.5655 | lr=0.000109352 | cpu_batch_ms=0.9 | provider_batch_ms=320.1 | prefetch_q=100 | elapsed=318971.8s
progress | opt_step=80300/172211 | micro_step=642400/1377681 | stage=stage3 | span=1 | train_loss=2.5980 | lr=0.000109293 | cpu_batch_ms=0.9 | provider_batch_ms=332.1 | prefetch_q=98 | elapsed=319064.9s
progress | opt_step=80325/172211 | micro_step=642600/1377681 | stage=stage3 | span=1 | train_loss=2.9558 | lr=0.000109234 | cpu_batch_ms=0.9 | provider_batch_ms=267.9 | prefetch_q=98 | elapsed=319193.3s
progress | opt_step=80350/172211 | micro_step=642800/1377681 | stage=stage3 | span=1 | train_loss=2.9770 | lr=0.000109175 | cpu_batch_ms=0.9 | provider_batch_ms=300.4 | prefetch_q=99 | elapsed=319286.5s
progress | opt_step=80375/172211 | micro_step=643000/1377681 | stage=stage3 | span=1 | train_loss=2.7882 | lr=0.000109116 | cpu_batch_ms=0.9 | provider_batch_ms=322.6 | prefetch_q=94 | elapsed=319380.4s
progress | opt_step=80400/172211 | micro_step=643200/1377681 | stage=stage3 | span=1 | train_loss=2.3680 | lr=0.000109058 | cpu_batch_ms=0.9 | provider_batch_ms=325.1 | prefetch_q=97 | elapsed=319472.9s
eval | opt_step=80400 | micro_step=643200 | train_loss=2.3680 | val_loss=2.8081 | val_ppl=16.58
progress | opt_step=80425/172211 | micro_step=643400/1377681 | stage=stage3 | span=1 | train_loss=2.1361 | lr=0.000108999 | cpu_batch_ms=0.9 | provider_batch_ms=231.6 | prefetch_q=99 | elapsed=319593.3s
progress | opt_step=80450/172211 | micro_step=643600/1377681 | stage=stage3 | span=1 | train_loss=2.8085 | lr=0.00010894 | cpu_batch_ms=0.9 | provider_batch_ms=295.7 | prefetch_q=85 | elapsed=319686.1s
progress | opt_step=80475/172211 | micro_step=643800/1377681 | stage=stage3 | span=1 | train_loss=2.0754 | lr=0.000108881 | cpu_batch_ms=0.9 | provider_batch_ms=319.1 | prefetch_q=91 | elapsed=319778.9s
progress | opt_step=80500/172211 | micro_step=644000/1377681 | stage=stage3 | span=1 | train_loss=2.0708 | lr=0.000108822 | cpu_batch_ms=0.9 | provider_batch_ms=328.4 | prefetch_q=100 | elapsed=319872.1s
progress | opt_step=80525/172211 | micro_step=644200/1377681 | stage=stage3 | span=1 | train_loss=3.0016 | lr=0.000108763 | cpu_batch_ms=0.9 | provider_batch_ms=230.1 | prefetch_q=98 | elapsed=319994.4s
progress | opt_step=80550/172211 | micro_step=644400/1377681 | stage=stage3 | span=1 | train_loss=2.6619 | lr=0.000108704 | cpu_batch_ms=0.9 | provider_batch_ms=285.6 | prefetch_q=100 | elapsed=320087.9s
progress | opt_step=80575/172211 | micro_step=644600/1377681 | stage=stage3 | span=1 | train_loss=2.2744 | lr=0.000108645 | cpu_batch_ms=0.9 | provider_batch_ms=311.5 | prefetch_q=100 | elapsed=320181.4s
progress | opt_step=80600/172211 | micro_step=644800/1377681 | stage=stage3 | span=1 | train_loss=2.6910 | lr=0.000108586 | cpu_batch_ms=0.9 | provider_batch_ms=327.3 | prefetch_q=91 | elapsed=320274.1s
eval | opt_step=80600 | micro_step=644800 | train_loss=2.6910 | val_loss=2.8052 | val_ppl=16.53
progress | opt_step=80625/172211 | micro_step=645000/1377681 | stage=stage3 | span=1 | train_loss=2.4811 | lr=0.000108527 | cpu_batch_ms=0.9 | provider_batch_ms=237.3 | prefetch_q=100 | elapsed=320396.5s
progress | opt_step=80650/172211 | micro_step=645200/1377681 | stage=stage3 | span=1 | train_loss=2.3554 | lr=0.000108469 | cpu_batch_ms=0.9 | provider_batch_ms=288.1 | prefetch_q=100 | elapsed=320489.7s
progress | opt_step=80675/172211 | micro_step=645400/1377681 | stage=stage3 | span=1 | train_loss=2.2914 | lr=0.00010841 | cpu_batch_ms=0.9 | provider_batch_ms=313.3 | prefetch_q=100 | elapsed=320583.2s
progress | opt_step=80700/172211 | micro_step=645600/1377681 | stage=stage3 | span=1 | train_loss=2.5772 | lr=0.000108351 | cpu_batch_ms=0.9 | provider_batch_ms=320.7 | prefetch_q=100 | elapsed=320676.4s
progress | opt_step=80725/172211 | micro_step=645800/1377681 | stage=stage3 | span=1 | train_loss=2.5498 | lr=0.000108292 | cpu_batch_ms=0.9 | provider_batch_ms=254.2 | prefetch_q=96 | elapsed=320793.8s
progress | opt_step=80750/172211 | micro_step=646000/1377681 | stage=stage3 | span=1 | train_loss=2.3321 | lr=0.000108233 | cpu_batch_ms=0.9 | provider_batch_ms=291.7 | prefetch_q=100 | elapsed=320887.2s
progress | opt_step=80775/172211 | micro_step=646200/1377681 | stage=stage3 | span=1 | train_loss=2.9397 | lr=0.000108174 | cpu_batch_ms=0.9 | provider_batch_ms=305.2 | prefetch_q=98 | elapsed=320980.4s
progress | opt_step=80800/172211 | micro_step=646400/1377681 | stage=stage3 | span=1 | train_loss=2.9207 | lr=0.000108115 | cpu_batch_ms=0.9 | provider_batch_ms=319.1 | prefetch_q=96 | elapsed=321073.4s
eval | opt_step=80800 | micro_step=646400 | train_loss=2.9207 | val_loss=2.8069 | val_ppl=16.56
progress | opt_step=80825/172211 | micro_step=646600/1377681 | stage=stage3 | span=1 | train_loss=3.0101 | lr=0.000108056 | cpu_batch_ms=0.9 | provider_batch_ms=249.2 | prefetch_q=100 | elapsed=321194.4s
progress | opt_step=80850/172211 | micro_step=646800/1377681 | stage=stage3 | span=1 | train_loss=2.9118 | lr=0.000107997 | cpu_batch_ms=0.9 | provider_batch_ms=300.2 | prefetch_q=93 | elapsed=321287.8s
progress | opt_step=80875/172211 | micro_step=647000/1377681 | stage=stage3 | span=1 | train_loss=2.5661 | lr=0.000107939 | cpu_batch_ms=0.9 | provider_batch_ms=325.3 | prefetch_q=97 | elapsed=321381.7s
progress | opt_step=80900/172211 | micro_step=647200/1377681 | stage=stage3 | span=1 | train_loss=2.1802 | lr=0.00010788 | cpu_batch_ms=0.9 | provider_batch_ms=334.2 | prefetch_q=97 | elapsed=321474.9s
progress | opt_step=80925/172211 | micro_step=647400/1377681 | stage=stage3 | span=1 | train_loss=2.5187 | lr=0.000107821 | cpu_batch_ms=0.9 | provider_batch_ms=245.4 | prefetch_q=99 | elapsed=321592.0s
progress | opt_step=80950/172211 | micro_step=647600/1377681 | stage=stage3 | span=1 | train_loss=2.9270 | lr=0.000107762 | cpu_batch_ms=0.9 | provider_batch_ms=294.6 | prefetch_q=99 | elapsed=321685.6s
progress | opt_step=80975/172211 | micro_step=647800/1377681 | stage=stage3 | span=1 | train_loss=2.7800 | lr=0.000107703 | cpu_batch_ms=0.9 | provider_batch_ms=312.6 | prefetch_q=100 | elapsed=321778.6s
progress | opt_step=81000/172211 | micro_step=648000/1377681 | stage=stage3 | span=1 | train_loss=2.4563 | lr=0.000107644 | cpu_batch_ms=0.9 | provider_batch_ms=334.1 | prefetch_q=97 | elapsed=321873.1s
eval | opt_step=81000 | micro_step=648000 | train_loss=2.4563 | val_loss=2.8110 | val_ppl=16.63
progress | opt_step=81025/172211 | micro_step=648200/1377681 | stage=stage3 | span=1 | train_loss=2.5783 | lr=0.000107585 | cpu_batch_ms=0.9 | provider_batch_ms=253.6 | prefetch_q=97 | elapsed=322000.1s
progress | opt_step=81050/172211 | micro_step=648400/1377681 | stage=stage3 | span=1 | train_loss=2.6074 | lr=0.000107526 | cpu_batch_ms=0.9 | provider_batch_ms=296.3 | prefetch_q=97 | elapsed=322093.4s
progress | opt_step=81075/172211 | micro_step=648600/1377681 | stage=stage3 | span=1 | train_loss=2.6443 | lr=0.000107467 | cpu_batch_ms=0.9 | provider_batch_ms=319.8 | prefetch_q=98 | elapsed=322186.7s
progress | opt_step=81100/172211 | micro_step=648800/1377681 | stage=stage3 | span=1 | train_loss=2.8588 | lr=0.000107409 | cpu_batch_ms=0.9 | provider_batch_ms=340.2 | prefetch_q=94 | elapsed=322280.4s
progress | opt_step=81125/172211 | micro_step=649000/1377681 | stage=stage3 | span=1 | train_loss=2.4563 | lr=0.00010735 | cpu_batch_ms=0.9 | provider_batch_ms=255.4 | prefetch_q=100 | elapsed=322391.4s
progress | opt_step=81150/172211 | micro_step=649200/1377681 | stage=stage3 | span=1 | train_loss=2.5113 | lr=0.000107291 | cpu_batch_ms=0.9 | provider_batch_ms=309.0 | prefetch_q=95 | elapsed=322486.0s
progress | opt_step=81175/172211 | micro_step=649400/1377681 | stage=stage3 | span=1 | train_loss=2.7569 | lr=0.000107232 | cpu_batch_ms=0.9 | provider_batch_ms=316.0 | prefetch_q=100 | elapsed=322578.9s
progress | opt_step=81200/172211 | micro_step=649600/1377681 | stage=stage3 | span=1 | train_loss=2.6878 | lr=0.000107173 | cpu_batch_ms=0.9 | provider_batch_ms=323.6 | prefetch_q=99 | elapsed=322672.2s
eval | opt_step=81200 | micro_step=649600 | train_loss=2.6878 | val_loss=2.8054 | val_ppl=16.53
progress | opt_step=81225/172211 | micro_step=649800/1377681 | stage=stage3 | span=1 | train_loss=2.2091 | lr=0.000107114 | cpu_batch_ms=0.9 | provider_batch_ms=219.1 | prefetch_q=99 | elapsed=322794.0s
progress | opt_step=81250/172211 | micro_step=650000/1377681 | stage=stage3 | span=1 | train_loss=2.5479 | lr=0.000107055 | cpu_batch_ms=0.9 | provider_batch_ms=266.7 | prefetch_q=98 | elapsed=322887.5s
progress | opt_step=81275/172211 | micro_step=650200/1377681 | stage=stage3 | span=1 | train_loss=2.8146 | lr=0.000106996 | cpu_batch_ms=0.9 | provider_batch_ms=302.9 | prefetch_q=97 | elapsed=322981.5s
progress | opt_step=81300/172211 | micro_step=650400/1377681 | stage=stage3 | span=1 | train_loss=2.6114 | lr=0.000106938 | cpu_batch_ms=0.9 | provider_batch_ms=308.2 | prefetch_q=99 | elapsed=323073.5s
progress | opt_step=81325/172211 | micro_step=650600/1377681 | stage=stage3 | span=1 | train_loss=2.9100 | lr=0.000106879 | cpu_batch_ms=0.9 | provider_batch_ms=240.1 | prefetch_q=96 | elapsed=323182.1s
progress | opt_step=81350/172211 | micro_step=650800/1377681 | stage=stage3 | span=1 | train_loss=2.4254 | lr=0.00010682 | cpu_batch_ms=0.9 | provider_batch_ms=291.1 | prefetch_q=98 | elapsed=323275.9s
progress | opt_step=81375/172211 | micro_step=651000/1377681 | stage=stage3 | span=1 | train_loss=2.3834 | lr=0.000106761 | cpu_batch_ms=0.9 | provider_batch_ms=316.0 | prefetch_q=99 | elapsed=323369.4s
progress | opt_step=81400/172211 | micro_step=651200/1377681 | stage=stage3 | span=1 | train_loss=2.2661 | lr=0.000106702 | cpu_batch_ms=0.9 | provider_batch_ms=333.0 | prefetch_q=95 | elapsed=323463.0s
eval | opt_step=81400 | micro_step=651200 | train_loss=2.2661 | val_loss=2.8029 | val_ppl=16.49
progress | opt_step=81425/172211 | micro_step=651400/1377681 | stage=stage3 | span=1 | train_loss=2.8699 | lr=0.000106643 | cpu_batch_ms=0.9 | provider_batch_ms=224.2 | prefetch_q=100 | elapsed=323598.8s
progress | opt_step=81450/172211 | micro_step=651600/1377681 | stage=stage3 | span=1 | train_loss=2.1164 | lr=0.000106584 | cpu_batch_ms=0.9 | provider_batch_ms=272.4 | prefetch_q=99 | elapsed=323692.4s
progress | opt_step=81475/172211 | micro_step=651800/1377681 | stage=stage3 | span=1 | train_loss=2.4641 | lr=0.000106525 | cpu_batch_ms=0.9 | provider_batch_ms=291.5 | prefetch_q=100 | elapsed=323785.9s
progress | opt_step=81500/172211 | micro_step=652000/1377681 | stage=stage3 | span=1 | train_loss=2.6526 | lr=0.000106467 | cpu_batch_ms=0.9 | provider_batch_ms=307.5 | prefetch_q=100 | elapsed=323879.5s
progress | opt_step=81525/172211 | micro_step=652200/1377681 | stage=stage3 | span=1 | train_loss=2.6050 | lr=0.000106408 | cpu_batch_ms=0.9 | provider_batch_ms=247.4 | prefetch_q=100 | elapsed=323992.0s
progress | opt_step=81550/172211 | micro_step=652400/1377681 | stage=stage3 | span=1 | train_loss=2.6091 | lr=0.000106349 | cpu_batch_ms=0.9 | provider_batch_ms=299.4 | prefetch_q=99 | elapsed=324086.0s
progress | opt_step=81575/172211 | micro_step=652600/1377681 | stage=stage3 | span=1 | train_loss=2.5807 | lr=0.00010629 | cpu_batch_ms=0.9 | provider_batch_ms=318.7 | prefetch_q=100 | elapsed=324179.8s
progress | opt_step=81600/172211 | micro_step=652800/1377681 | stage=stage3 | span=1 | train_loss=2.5082 | lr=0.000106231 | cpu_batch_ms=0.9 | provider_batch_ms=328.6 | prefetch_q=100 | elapsed=324272.3s
eval | opt_step=81600 | micro_step=652800 | train_loss=2.5082 | val_loss=2.8011 | val_ppl=16.46
progress | opt_step=81625/172211 | micro_step=653000/1377681 | stage=stage3 | span=1 | train_loss=2.2126 | lr=0.000106172 | cpu_batch_ms=0.9 | provider_batch_ms=213.8 | prefetch_q=100 | elapsed=324404.1s
progress | opt_step=81650/172211 | micro_step=653200/1377681 | stage=stage3 | span=1 | train_loss=2.7396 | lr=0.000106113 | cpu_batch_ms=0.9 | provider_batch_ms=271.4 | prefetch_q=100 | elapsed=324497.7s
progress | opt_step=81675/172211 | micro_step=653400/1377681 | stage=stage3 | span=1 | train_loss=2.3307 | lr=0.000106055 | cpu_batch_ms=0.9 | provider_batch_ms=299.0 | prefetch_q=100 | elapsed=324590.6s
progress | opt_step=81700/172211 | micro_step=653600/1377681 | stage=stage3 | span=1 | train_loss=2.4249 | lr=0.000105996 | cpu_batch_ms=0.9 | provider_batch_ms=318.4 | prefetch_q=100 | elapsed=324684.2s
progress | opt_step=81725/172211 | micro_step=653800/1377681 | stage=stage3 | span=1 | train_loss=2.7135 | lr=0.000105937 | cpu_batch_ms=0.9 | provider_batch_ms=261.3 | prefetch_q=96 | elapsed=324797.5s
progress | opt_step=81750/172211 | micro_step=654000/1377681 | stage=stage3 | span=1 | train_loss=2.3921 | lr=0.000105878 | cpu_batch_ms=0.9 | provider_batch_ms=318.1 | prefetch_q=91 | elapsed=324891.4s
progress | opt_step=81775/172211 | micro_step=654200/1377681 | stage=stage3 | span=1 | train_loss=2.4546 | lr=0.000105819 | cpu_batch_ms=0.9 | provider_batch_ms=333.2 | prefetch_q=94 | elapsed=324985.4s
progress | opt_step=81800/172211 | micro_step=654400/1377681 | stage=stage3 | span=1 | train_loss=3.2713 | lr=0.00010576 | cpu_batch_ms=0.9 | provider_batch_ms=335.7 | prefetch_q=100 | elapsed=325078.5s
eval | opt_step=81800 | micro_step=654400 | train_loss=3.2713 | val_loss=2.7967 | val_ppl=16.39
progress | opt_step=81825/172211 | micro_step=654600/1377681 | stage=stage3 | span=1 | train_loss=2.6440 | lr=0.000105702 | cpu_batch_ms=0.9 | provider_batch_ms=238.4 | prefetch_q=95 | elapsed=325216.6s
progress | opt_step=81850/172211 | micro_step=654800/1377681 | stage=stage3 | span=1 | train_loss=2.5147 | lr=0.000105643 | cpu_batch_ms=0.9 | provider_batch_ms=285.4 | prefetch_q=100 | elapsed=325310.2s
progress | opt_step=81875/172211 | micro_step=655000/1377681 | stage=stage3 | span=1 | train_loss=2.4469 | lr=0.000105584 | cpu_batch_ms=0.9 | provider_batch_ms=314.6 | prefetch_q=100 | elapsed=325403.9s
progress | opt_step=81900/172211 | micro_step=655200/1377681 | stage=stage3 | span=1 | train_loss=2.5030 | lr=0.000105525 | cpu_batch_ms=0.9 | provider_batch_ms=327.7 | prefetch_q=99 | elapsed=325497.4s
progress | opt_step=81925/172211 | micro_step=655400/1377681 | stage=stage3 | span=1 | train_loss=2.2517 | lr=0.000105466 | cpu_batch_ms=0.9 | provider_batch_ms=230.6 | prefetch_q=98 | elapsed=325609.7s
progress | opt_step=81950/172211 | micro_step=655600/1377681 | stage=stage3 | span=1 | train_loss=2.7010 | lr=0.000105407 | cpu_batch_ms=0.9 | provider_batch_ms=280.1 | prefetch_q=100 | elapsed=325703.5s
progress | opt_step=81975/172211 | micro_step=655800/1377681 | stage=stage3 | span=1 | train_loss=2.3841 | lr=0.000105349 | cpu_batch_ms=0.9 | provider_batch_ms=298.0 | prefetch_q=96 | elapsed=325796.4s
progress | opt_step=82000/172211 | micro_step=656000/1377681 | stage=stage3 | span=1 | train_loss=2.6329 | lr=0.00010529 | cpu_batch_ms=0.9 | provider_batch_ms=308.7 | prefetch_q=100 | elapsed=325889.3s
eval | opt_step=82000 | micro_step=656000 | train_loss=2.6329 | val_loss=2.8018 | val_ppl=16.47
progress | opt_step=82025/172211 | micro_step=656200/1377681 | stage=stage3 | span=1 | train_loss=2.5488 | lr=0.000105231 | cpu_batch_ms=0.9 | provider_batch_ms=243.8 | prefetch_q=96 | elapsed=326004.6s
progress | opt_step=82050/172211 | micro_step=656400/1377681 | stage=stage3 | span=1 | train_loss=2.3155 | lr=0.000105172 | cpu_batch_ms=0.9 | provider_batch_ms=288.9 | prefetch_q=100 | elapsed=326098.0s
progress | opt_step=82075/172211 | micro_step=656600/1377681 | stage=stage3 | span=1 | train_loss=2.8370 | lr=0.000105113 | cpu_batch_ms=0.9 | provider_batch_ms=314.7 | prefetch_q=100 | elapsed=326191.7s
progress | opt_step=82100/172211 | micro_step=656800/1377681 | stage=stage3 | span=1 | train_loss=2.4850 | lr=0.000105054 | cpu_batch_ms=0.9 | provider_batch_ms=327.8 | prefetch_q=100 | elapsed=326285.1s
progress | opt_step=82125/172211 | micro_step=657000/1377681 | stage=stage3 | span=1 | train_loss=2.2032 | lr=0.000104996 | cpu_batch_ms=0.9 | provider_batch_ms=253.6 | prefetch_q=100 | elapsed=326398.7s
progress | opt_step=82150/172211 | micro_step=657200/1377681 | stage=stage3 | span=1 | train_loss=2.6459 | lr=0.000104937 | cpu_batch_ms=0.9 | provider_batch_ms=293.1 | prefetch_q=100 | elapsed=326491.8s
progress | opt_step=82175/172211 | micro_step=657400/1377681 | stage=stage3 | span=1 | train_loss=2.9098 | lr=0.000104878 | cpu_batch_ms=0.9 | provider_batch_ms=317.2 | prefetch_q=92 | elapsed=326584.8s
progress | opt_step=82200/172211 | micro_step=657600/1377681 | stage=stage3 | span=1 | train_loss=2.5016 | lr=0.000104819 | cpu_batch_ms=0.9 | provider_batch_ms=326.6 | prefetch_q=100 | elapsed=326678.4s
eval | opt_step=82200 | micro_step=657600 | train_loss=2.5016 | val_loss=2.8029 | val_ppl=16.49
progress | opt_step=82225/172211 | micro_step=657800/1377681 | stage=stage3 | span=1 | train_loss=2.5456 | lr=0.00010476 | cpu_batch_ms=0.9 | provider_batch_ms=241.6 | prefetch_q=100 | elapsed=326797.2s
progress | opt_step=82250/172211 | micro_step=658000/1377681 | stage=stage3 | span=1 | train_loss=2.9234 | lr=0.000104702 | cpu_batch_ms=0.9 | provider_batch_ms=297.9 | prefetch_q=99 | elapsed=326891.2s
progress | opt_step=82275/172211 | micro_step=658200/1377681 | stage=stage3 | span=1 | train_loss=2.4483 | lr=0.000104643 | cpu_batch_ms=0.9 | provider_batch_ms=317.4 | prefetch_q=95 | elapsed=326984.1s
progress | opt_step=82300/172211 | micro_step=658400/1377681 | stage=stage3 | span=1 | train_loss=2.7347 | lr=0.000104584 | cpu_batch_ms=0.9 | provider_batch_ms=322.9 | prefetch_q=100 | elapsed=327076.9s
progress | opt_step=82325/172211 | micro_step=658600/1377681 | stage=stage3 | span=1 | train_loss=2.7414 | lr=0.000104525 | cpu_batch_ms=0.9 | provider_batch_ms=245.9 | prefetch_q=98 | elapsed=327191.3s
progress | opt_step=82350/172211 | micro_step=658800/1377681 | stage=stage3 | span=1 | train_loss=2.7730 | lr=0.000104466 | cpu_batch_ms=0.9 | provider_batch_ms=291.3 | prefetch_q=99 | elapsed=327284.7s
progress | opt_step=82375/172211 | micro_step=659000/1377681 | stage=stage3 | span=1 | train_loss=2.5573 | lr=0.000104408 | cpu_batch_ms=0.9 | provider_batch_ms=316.1 | prefetch_q=100 | elapsed=327378.1s
progress | opt_step=82400/172211 | micro_step=659200/1377681 | stage=stage3 | span=1 | train_loss=2.5934 | lr=0.000104349 | cpu_batch_ms=0.9 | provider_batch_ms=328.2 | prefetch_q=99 | elapsed=327472.2s
eval | opt_step=82400 | micro_step=659200 | train_loss=2.5934 | val_loss=2.7916 | val_ppl=16.31
progress | opt_step=82425/172211 | micro_step=659400/1377681 | stage=stage3 | span=1 | train_loss=2.7921 | lr=0.00010429 | cpu_batch_ms=0.9 | provider_batch_ms=233.8 | prefetch_q=100 | elapsed=327608.9s
progress | opt_step=82450/172211 | micro_step=659600/1377681 | stage=stage3 | span=1 | train_loss=2.6762 | lr=0.000104231 | cpu_batch_ms=0.9 | provider_batch_ms=283.4 | prefetch_q=99 | elapsed=327702.7s
progress | opt_step=82475/172211 | micro_step=659800/1377681 | stage=stage3 | span=1 | train_loss=2.6425 | lr=0.000104172 | cpu_batch_ms=0.9 | provider_batch_ms=306.1 | prefetch_q=100 | elapsed=327795.5s
progress | opt_step=82500/172211 | micro_step=660000/1377681 | stage=stage3 | span=1 | train_loss=2.8630 | lr=0.000104114 | cpu_batch_ms=0.9 | provider_batch_ms=317.6 | prefetch_q=100 | elapsed=327888.1s
progress | opt_step=82525/172211 | micro_step=660200/1377681 | stage=stage3 | span=1 | train_loss=2.8770 | lr=0.000104055 | cpu_batch_ms=0.9 | provider_batch_ms=211.8 | prefetch_q=100 | elapsed=328002.0s
progress | opt_step=82550/172211 | micro_step=660400/1377681 | stage=stage3 | span=1 | train_loss=2.9421 | lr=0.000103996 | cpu_batch_ms=0.9 | provider_batch_ms=264.3 | prefetch_q=98 | elapsed=328094.9s
progress | opt_step=82575/172211 | micro_step=660600/1377681 | stage=stage3 | span=1 | train_loss=2.4617 | lr=0.000103937 | cpu_batch_ms=0.9 | provider_batch_ms=306.6 | prefetch_q=100 | elapsed=328189.3s
progress | opt_step=82600/172211 | micro_step=660800/1377681 | stage=stage3 | span=1 | train_loss=1.9755 | lr=0.000103879 | cpu_batch_ms=0.9 | provider_batch_ms=315.2 | prefetch_q=100 | elapsed=328282.4s
eval | opt_step=82600 | micro_step=660800 | train_loss=1.9755 | val_loss=2.7993 | val_ppl=16.43
progress | opt_step=82625/172211 | micro_step=661000/1377681 | stage=stage3 | span=1 | train_loss=2.3234 | lr=0.00010382 | cpu_batch_ms=0.9 | provider_batch_ms=260.4 | prefetch_q=100 | elapsed=328403.7s
progress | opt_step=82650/172211 | micro_step=661200/1377681 | stage=stage3 | span=1 | train_loss=2.5390 | lr=0.000103761 | cpu_batch_ms=0.9 | provider_batch_ms=310.9 | prefetch_q=100 | elapsed=328497.7s
progress | opt_step=82675/172211 | micro_step=661400/1377681 | stage=stage3 | span=1 | train_loss=2.8571 | lr=0.000103702 | cpu_batch_ms=0.9 | provider_batch_ms=331.4 | prefetch_q=100 | elapsed=328591.2s
progress | opt_step=82700/172211 | micro_step=661600/1377681 | stage=stage3 | span=1 | train_loss=2.6391 | lr=0.000103644 | cpu_batch_ms=0.9 | provider_batch_ms=343.6 | prefetch_q=98 | elapsed=328684.7s
progress | opt_step=82725/172211 | micro_step=661800/1377681 | stage=stage3 | span=1 | train_loss=2.3250 | lr=0.000103585 | cpu_batch_ms=0.9 | provider_batch_ms=259.1 | prefetch_q=100 | elapsed=328820.5s
progress | opt_step=82750/172211 | micro_step=662000/1377681 | stage=stage3 | span=1 | train_loss=3.0638 | lr=0.000103526 | cpu_batch_ms=0.9 | provider_batch_ms=293.2 | prefetch_q=100 | elapsed=328913.5s
progress | opt_step=82775/172211 | micro_step=662200/1377681 | stage=stage3 | span=1 | train_loss=2.9493 | lr=0.000103467 | cpu_batch_ms=0.9 | provider_batch_ms=320.6 | prefetch_q=100 | elapsed=329007.9s
progress | opt_step=82800/172211 | micro_step=662400/1377681 | stage=stage3 | span=1 | train_loss=2.8252 | lr=0.000103409 | cpu_batch_ms=0.9 | provider_batch_ms=323.6 | prefetch_q=98 | elapsed=329100.1s
eval | opt_step=82800 | micro_step=662400 | train_loss=2.8252 | val_loss=2.8011 | val_ppl=16.46
progress | opt_step=82825/172211 | micro_step=662600/1377681 | stage=stage3 | span=1 | train_loss=2.4684 | lr=0.00010335 | cpu_batch_ms=0.9 | provider_batch_ms=220.5 | prefetch_q=97 | elapsed=329231.9s
progress | opt_step=82850/172211 | micro_step=662800/1377681 | stage=stage3 | span=1 | train_loss=2.8019 | lr=0.000103291 | cpu_batch_ms=0.9 | provider_batch_ms=276.7 | prefetch_q=100 | elapsed=329325.3s
progress | opt_step=82875/172211 | micro_step=663000/1377681 | stage=stage3 | span=1 | train_loss=2.4008 | lr=0.000103232 | cpu_batch_ms=0.9 | provider_batch_ms=292.8 | prefetch_q=99 | elapsed=329418.2s
progress | opt_step=82900/172211 | micro_step=663200/1377681 | stage=stage3 | span=1 | train_loss=2.3207 | lr=0.000103174 | cpu_batch_ms=0.9 | provider_batch_ms=309.4 | prefetch_q=94 | elapsed=329511.4s
progress | opt_step=82925/172211 | micro_step=663400/1377681 | stage=stage3 | span=1 | train_loss=3.0261 | lr=0.000103115 | cpu_batch_ms=0.9 | provider_batch_ms=255.0 | prefetch_q=100 | elapsed=329647.2s
progress | opt_step=82950/172211 | micro_step=663600/1377681 | stage=stage3 | span=1 | train_loss=2.7094 | lr=0.000103056 | cpu_batch_ms=0.9 | provider_batch_ms=302.8 | prefetch_q=96 | elapsed=329740.9s
progress | opt_step=82975/172211 | micro_step=663800/1377681 | stage=stage3 | span=1 | train_loss=2.5497 | lr=0.000102997 | cpu_batch_ms=0.9 | provider_batch_ms=315.6 | prefetch_q=98 | elapsed=329834.1s
progress | opt_step=83000/172211 | micro_step=664000/1377681 | stage=stage3 | span=1 | train_loss=2.5977 | lr=0.000102939 | cpu_batch_ms=0.9 | provider_batch_ms=325.5 | prefetch_q=100 | elapsed=329927.0s
eval | opt_step=83000 | micro_step=664000 | train_loss=2.5977 | val_loss=2.7953 | val_ppl=16.37
progress | opt_step=83025/172211 | micro_step=664200/1377681 | stage=stage3 | span=1 | train_loss=2.2685 | lr=0.00010288 | cpu_batch_ms=0.9 | provider_batch_ms=247.6 | prefetch_q=99 | elapsed=330066.3s
progress | opt_step=83050/172211 | micro_step=664400/1377681 | stage=stage3 | span=1 | train_loss=2.7526 | lr=0.000102821 | cpu_batch_ms=0.9 | provider_batch_ms=285.7 | prefetch_q=100 | elapsed=330159.4s
progress | opt_step=83075/172211 | micro_step=664600/1377681 | stage=stage3 | span=1 | train_loss=2.7043 | lr=0.000102763 | cpu_batch_ms=0.9 | provider_batch_ms=314.3 | prefetch_q=98 | elapsed=330253.2s
progress | opt_step=83100/172211 | micro_step=664800/1377681 | stage=stage3 | span=1 | train_loss=2.7008 | lr=0.000102704 | cpu_batch_ms=0.9 | provider_batch_ms=327.4 | prefetch_q=100 | elapsed=330347.1s
progress | opt_step=83125/172211 | micro_step=665000/1377681 | stage=stage3 | span=1 | train_loss=2.4251 | lr=0.000102645 | cpu_batch_ms=0.9 | provider_batch_ms=263.4 | prefetch_q=100 | elapsed=330487.4s
progress | opt_step=83150/172211 | micro_step=665200/1377681 | stage=stage3 | span=1 | train_loss=2.6721 | lr=0.000102586 | cpu_batch_ms=0.9 | provider_batch_ms=299.2 | prefetch_q=100 | elapsed=330581.7s
progress | opt_step=83175/172211 | micro_step=665400/1377681 | stage=stage3 | span=1 | train_loss=2.3795 | lr=0.000102528 | cpu_batch_ms=0.9 | provider_batch_ms=314.3 | prefetch_q=100 | elapsed=330675.0s
progress | opt_step=83200/172211 | micro_step=665600/1377681 | stage=stage3 | span=1 | train_loss=2.3696 | lr=0.000102469 | cpu_batch_ms=0.9 | provider_batch_ms=326.7 | prefetch_q=100 | elapsed=330768.6s
eval | opt_step=83200 | micro_step=665600 | train_loss=2.3696 | val_loss=2.7985 | val_ppl=16.42
progress | opt_step=83225/172211 | micro_step=665800/1377681 | stage=stage3 | span=1 | train_loss=2.7934 | lr=0.00010241 | cpu_batch_ms=0.9 | provider_batch_ms=257.5 | prefetch_q=98 | elapsed=330903.7s
progress | opt_step=83250/172211 | micro_step=666000/1377681 | stage=stage3 | span=1 | train_loss=2.7983 | lr=0.000102352 | cpu_batch_ms=0.9 | provider_batch_ms=295.6 | prefetch_q=100 | elapsed=330997.2s
progress | opt_step=83275/172211 | micro_step=666200/1377681 | stage=stage3 | span=1 | train_loss=2.6756 | lr=0.000102293 | cpu_batch_ms=0.9 | provider_batch_ms=315.9 | prefetch_q=96 | elapsed=331090.2s
progress | opt_step=83300/172211 | micro_step=666400/1377681 | stage=stage3 | span=1 | train_loss=2.8592 | lr=0.000102234 | cpu_batch_ms=0.9 | provider_batch_ms=327.2 | prefetch_q=97 | elapsed=331183.4s
progress | opt_step=83325/172211 | micro_step=666600/1377681 | stage=stage3 | span=1 | train_loss=1.9337 | lr=0.000102176 | cpu_batch_ms=0.9 | provider_batch_ms=252.4 | prefetch_q=94 | elapsed=331310.9s
progress | opt_step=83350/172211 | micro_step=666800/1377681 | stage=stage3 | span=1 | train_loss=2.8815 | lr=0.000102117 | cpu_batch_ms=0.9 | provider_batch_ms=308.2 | prefetch_q=100 | elapsed=331405.0s
progress | opt_step=83375/172211 | micro_step=667000/1377681 | stage=stage3 | span=1 | train_loss=2.7207 | lr=0.000102058 | cpu_batch_ms=0.9 | provider_batch_ms=327.6 | prefetch_q=98 | elapsed=331498.0s
progress | opt_step=83400/172211 | micro_step=667200/1377681 | stage=stage3 | span=1 | train_loss=2.6676 | lr=0.000102 | cpu_batch_ms=0.9 | provider_batch_ms=338.6 | prefetch_q=97 | elapsed=331591.4s
eval | opt_step=83400 | micro_step=667200 | train_loss=2.6676 | val_loss=2.7987 | val_ppl=16.42
progress | opt_step=83425/172211 | micro_step=667400/1377681 | stage=stage3 | span=1 | train_loss=2.8143 | lr=0.000101941 | cpu_batch_ms=0.9 | provider_batch_ms=255.3 | prefetch_q=97 | elapsed=331720.9s
progress | opt_step=83450/172211 | micro_step=667600/1377681 | stage=stage3 | span=1 | train_loss=2.7443 | lr=0.000101882 | cpu_batch_ms=0.9 | provider_batch_ms=306.0 | prefetch_q=100 | elapsed=331814.6s
progress | opt_step=83475/172211 | micro_step=667800/1377681 | stage=stage3 | span=1 | train_loss=2.9013 | lr=0.000101824 | cpu_batch_ms=0.9 | provider_batch_ms=319.2 | prefetch_q=100 | elapsed=331907.7s
progress | opt_step=83500/172211 | micro_step=668000/1377681 | stage=stage3 | span=1 | train_loss=2.6337 | lr=0.000101765 | cpu_batch_ms=0.9 | provider_batch_ms=335.5 | prefetch_q=100 | elapsed=332001.3s
progress | opt_step=83525/172211 | micro_step=668200/1377681 | stage=stage3 | span=1 | train_loss=2.4772 | lr=0.000101706 | cpu_batch_ms=0.9 | provider_batch_ms=253.9 | prefetch_q=98 | elapsed=332128.3s
progress | opt_step=83550/172211 | micro_step=668400/1377681 | stage=stage3 | span=1 | train_loss=3.0021 | lr=0.000101648 | cpu_batch_ms=0.9 | provider_batch_ms=296.0 | prefetch_q=99 | elapsed=332221.8s
progress | opt_step=83575/172211 | micro_step=668600/1377681 | stage=stage3 | span=1 | train_loss=2.5667 | lr=0.000101589 | cpu_batch_ms=0.9 | provider_batch_ms=324.1 | prefetch_q=99 | elapsed=332315.7s
progress | opt_step=83600/172211 | micro_step=668800/1377681 | stage=stage3 | span=1 | train_loss=2.7401 | lr=0.00010153 | cpu_batch_ms=0.9 | provider_batch_ms=333.0 | prefetch_q=98 | elapsed=332408.9s
eval | opt_step=83600 | micro_step=668800 | train_loss=2.7401 | val_loss=2.7957 | val_ppl=16.37
progress | opt_step=83625/172211 | micro_step=669000/1377681 | stage=stage3 | span=1 | train_loss=2.8036 | lr=0.000101472 | cpu_batch_ms=0.9 | provider_batch_ms=239.6 | prefetch_q=100 | elapsed=332526.9s
progress | opt_step=83650/172211 | micro_step=669200/1377681 | stage=stage3 | span=1 | train_loss=2.3584 | lr=0.000101413 | cpu_batch_ms=0.9 | provider_batch_ms=295.4 | prefetch_q=98 | elapsed=332620.6s
progress | opt_step=83675/172211 | micro_step=669400/1377681 | stage=stage3 | span=1 | train_loss=2.4353 | lr=0.000101354 | cpu_batch_ms=0.9 | provider_batch_ms=314.2 | prefetch_q=100 | elapsed=332714.1s
progress | opt_step=83700/172211 | micro_step=669600/1377681 | stage=stage3 | span=1 | train_loss=2.9570 | lr=0.000101296 | cpu_batch_ms=0.9 | provider_batch_ms=328.8 | prefetch_q=100 | elapsed=332807.5s
progress | opt_step=83725/172211 | micro_step=669800/1377681 | stage=stage3 | span=1 | train_loss=2.6236 | lr=0.000101237 | cpu_batch_ms=0.9 | provider_batch_ms=246.2 | prefetch_q=98 | elapsed=332921.9s
progress | opt_step=83750/172211 | micro_step=670000/1377681 | stage=stage3 | span=1 | train_loss=2.7562 | lr=0.000101178 | cpu_batch_ms=0.9 | provider_batch_ms=289.4 | prefetch_q=100 | elapsed=333015.5s
progress | opt_step=83775/172211 | micro_step=670200/1377681 | stage=stage3 | span=1 | train_loss=2.6721 | lr=0.00010112 | cpu_batch_ms=0.9 | provider_batch_ms=313.5 | prefetch_q=97 | elapsed=333109.1s
progress | opt_step=83800/172211 | micro_step=670400/1377681 | stage=stage3 | span=1 | train_loss=2.4931 | lr=0.000101061 | cpu_batch_ms=0.9 | provider_batch_ms=331.3 | prefetch_q=99 | elapsed=333202.9s
eval | opt_step=83800 | micro_step=670400 | train_loss=2.4931 | val_loss=2.7929 | val_ppl=16.33
progress | opt_step=83825/172211 | micro_step=670600/1377681 | stage=stage3 | span=1 | train_loss=2.6299 | lr=0.000101003 | cpu_batch_ms=0.9 | provider_batch_ms=228.8 | prefetch_q=100 | elapsed=333318.2s
progress | opt_step=83850/172211 | micro_step=670800/1377681 | stage=stage3 | span=1 | train_loss=2.6575 | lr=0.000100944 | cpu_batch_ms=0.9 | provider_batch_ms=289.8 | prefetch_q=100 | elapsed=333411.8s
progress | opt_step=83875/172211 | micro_step=671000/1377681 | stage=stage3 | span=1 | train_loss=2.7806 | lr=0.000100885 | cpu_batch_ms=0.9 | provider_batch_ms=315.2 | prefetch_q=98 | elapsed=333505.0s
progress | opt_step=83900/172211 | micro_step=671200/1377681 | stage=stage3 | span=1 | train_loss=2.4966 | lr=0.000100827 | cpu_batch_ms=0.9 | provider_batch_ms=338.8 | prefetch_q=94 | elapsed=333599.1s
progress | opt_step=83925/172211 | micro_step=671400/1377681 | stage=stage3 | span=1 | train_loss=2.3435 | lr=0.000100768 | cpu_batch_ms=0.9 | provider_batch_ms=223.0 | prefetch_q=100 | elapsed=333713.9s
progress | opt_step=83950/172211 | micro_step=671600/1377681 | stage=stage3 | span=1 | train_loss=2.7078 | lr=0.00010071 | cpu_batch_ms=0.9 | provider_batch_ms=290.3 | prefetch_q=97 | elapsed=333808.1s
progress | opt_step=83975/172211 | micro_step=671800/1377681 | stage=stage3 | span=1 | train_loss=2.6882 | lr=0.000100651 | cpu_batch_ms=0.9 | provider_batch_ms=306.1 | prefetch_q=100 | elapsed=333900.8s
progress | opt_step=84000/172211 | micro_step=672000/1377681 | stage=stage3 | span=1 | train_loss=2.7237 | lr=0.000100592 | cpu_batch_ms=0.9 | provider_batch_ms=322.8 | prefetch_q=99 | elapsed=333994.8s
eval | opt_step=84000 | micro_step=672000 | train_loss=2.7237 | val_loss=2.7950 | val_ppl=16.36
progress | opt_step=84025/172211 | micro_step=672200/1377681 | stage=stage3 | span=1 | train_loss=2.4821 | lr=0.000100534 | cpu_batch_ms=0.9 | provider_batch_ms=247.8 | prefetch_q=100 | elapsed=334110.4s
progress | opt_step=84050/172211 | micro_step=672400/1377681 | stage=stage3 | span=1 | train_loss=2.7187 | lr=0.000100475 | cpu_batch_ms=0.9 | provider_batch_ms=296.9 | prefetch_q=100 | elapsed=334203.4s
progress | opt_step=84075/172211 | micro_step=672600/1377681 | stage=stage3 | span=1 | train_loss=2.7519 | lr=0.000100417 | cpu_batch_ms=0.9 | provider_batch_ms=320.4 | prefetch_q=100 | elapsed=334296.6s
progress | opt_step=84100/172211 | micro_step=672800/1377681 | stage=stage3 | span=1 | train_loss=2.7333 | lr=0.000100358 | cpu_batch_ms=0.9 | provider_batch_ms=334.9 | prefetch_q=96 | elapsed=334390.7s
progress | opt_step=84125/172211 | micro_step=673000/1377681 | stage=stage3 | span=1 | train_loss=2.4453 | lr=0.0001003 | cpu_batch_ms=0.9 | provider_batch_ms=245.6 | prefetch_q=100 | elapsed=334507.4s
progress | opt_step=84150/172211 | micro_step=673200/1377681 | stage=stage3 | span=1 | train_loss=2.9172 | lr=0.000100241 | cpu_batch_ms=0.9 | provider_batch_ms=285.7 | prefetch_q=98 | elapsed=334600.6s
progress | opt_step=84175/172211 | micro_step=673400/1377681 | stage=stage3 | span=1 | train_loss=2.5512 | lr=0.000100182 | cpu_batch_ms=0.9 | provider_batch_ms=313.9 | prefetch_q=100 | elapsed=334694.1s
progress | opt_step=84200/172211 | micro_step=673600/1377681 | stage=stage3 | span=1 | train_loss=1.9385 | lr=0.000100124 | cpu_batch_ms=0.9 | provider_batch_ms=331.1 | prefetch_q=99 | elapsed=334787.2s
eval | opt_step=84200 | micro_step=673600 | train_loss=1.9385 | val_loss=2.7888 | val_ppl=16.26
progress | opt_step=84225/172211 | micro_step=673800/1377681 | stage=stage3 | span=1 | train_loss=2.8061 | lr=0.000100065 | cpu_batch_ms=0.9 | provider_batch_ms=253.1 | prefetch_q=98 | elapsed=334946.4s
progress | opt_step=84250/172211 | micro_step=674000/1377681 | stage=stage3 | span=1 | train_loss=2.4746 | lr=0.000100007 | cpu_batch_ms=0.9 | provider_batch_ms=303.5 | prefetch_q=94 | elapsed=335040.2s
progress | opt_step=84275/172211 | micro_step=674200/1377681 | stage=stage3 | span=1 | train_loss=2.4200 | lr=9.99483e-05 | cpu_batch_ms=0.9 | provider_batch_ms=329.2 | prefetch_q=100 | elapsed=335134.3s
progress | opt_step=84300/172211 | micro_step=674400/1377681 | stage=stage3 | span=1 | train_loss=2.6228 | lr=9.98897e-05 | cpu_batch_ms=0.9 | provider_batch_ms=339.0 | prefetch_q=99 | elapsed=335227.6s
progress | opt_step=84325/172211 | micro_step=674600/1377681 | stage=stage3 | span=1 | train_loss=2.2490 | lr=9.98312e-05 | cpu_batch_ms=0.9 | provider_batch_ms=273.5 | prefetch_q=92 | elapsed=335352.7s
progress | opt_step=84350/172211 | micro_step=674800/1377681 | stage=stage3 | span=1 | train_loss=2.2378 | lr=9.97727e-05 | cpu_batch_ms=0.9 | provider_batch_ms=301.6 | prefetch_q=100 | elapsed=335445.7s
progress | opt_step=84375/172211 | micro_step=675000/1377681 | stage=stage3 | span=1 | train_loss=2.8193 | lr=9.97142e-05 | cpu_batch_ms=0.9 | provider_batch_ms=318.4 | prefetch_q=98 | elapsed=335538.8s
progress | opt_step=84400/172211 | micro_step=675200/1377681 | stage=stage3 | span=1 | train_loss=2.3251 | lr=9.96557e-05 | cpu_batch_ms=0.9 | provider_batch_ms=332.6 | prefetch_q=100 | elapsed=335631.9s
eval | opt_step=84400 | micro_step=675200 | train_loss=2.3251 | val_loss=2.7987 | val_ppl=16.42
progress | opt_step=84425/172211 | micro_step=675400/1377681 | stage=stage3 | span=1 | train_loss=2.8593 | lr=9.95971e-05 | cpu_batch_ms=0.9 | provider_batch_ms=252.9 | prefetch_q=100 | elapsed=335745.0s
progress | opt_step=84450/172211 | micro_step=675600/1377681 | stage=stage3 | span=1 | train_loss=2.6346 | lr=9.95386e-05 | cpu_batch_ms=0.9 | provider_batch_ms=299.7 | prefetch_q=99 | elapsed=335838.2s
progress | opt_step=84475/172211 | micro_step=675800/1377681 | stage=stage3 | span=1 | train_loss=2.7120 | lr=9.94801e-05 | cpu_batch_ms=0.9 | provider_batch_ms=320.7 | prefetch_q=95 | elapsed=335930.5s
progress | opt_step=84500/172211 | micro_step=676000/1377681 | stage=stage3 | span=1 | train_loss=2.8954 | lr=9.94216e-05 | cpu_batch_ms=0.9 | provider_batch_ms=329.5 | prefetch_q=100 | elapsed=336022.9s
progress | opt_step=84525/172211 | micro_step=676200/1377681 | stage=stage3 | span=1 | train_loss=2.3196 | lr=9.93631e-05 | cpu_batch_ms=0.9 | provider_batch_ms=247.7 | prefetch_q=100 | elapsed=336136.3s
progress | opt_step=84550/172211 | micro_step=676400/1377681 | stage=stage3 | span=1 | train_loss=2.4530 | lr=9.93047e-05 | cpu_batch_ms=0.9 | provider_batch_ms=294.3 | prefetch_q=100 | elapsed=336230.1s
progress | opt_step=84575/172211 | micro_step=676600/1377681 | stage=stage3 | span=1 | train_loss=2.7955 | lr=9.92462e-05 | cpu_batch_ms=0.9 | provider_batch_ms=313.9 | prefetch_q=99 | elapsed=336323.0s
progress | opt_step=84600/172211 | micro_step=676800/1377681 | stage=stage3 | span=1 | train_loss=2.8461 | lr=9.91877e-05 | cpu_batch_ms=0.9 | provider_batch_ms=318.4 | prefetch_q=99 | elapsed=336414.7s
eval | opt_step=84600 | micro_step=676800 | train_loss=2.8461 | val_loss=2.7926 | val_ppl=16.32
progress | opt_step=84625/172211 | micro_step=677000/1377681 | stage=stage3 | span=1 | train_loss=2.7008 | lr=9.91292e-05 | cpu_batch_ms=0.9 | provider_batch_ms=215.9 | prefetch_q=98 | elapsed=336526.9s
progress | opt_step=84650/172211 | micro_step=677200/1377681 | stage=stage3 | span=1 | train_loss=2.1759 | lr=9.90707e-05 | cpu_batch_ms=0.9 | provider_batch_ms=285.6 | prefetch_q=99 | elapsed=336619.6s
progress | opt_step=84675/172211 | micro_step=677400/1377681 | stage=stage3 | span=1 | train_loss=2.7996 | lr=9.90123e-05 | cpu_batch_ms=0.9 | provider_batch_ms=308.4 | prefetch_q=99 | elapsed=336712.4s
progress | opt_step=84700/172211 | micro_step=677600/1377681 | stage=stage3 | span=1 | train_loss=2.7790 | lr=9.89538e-05 | cpu_batch_ms=0.9 | provider_batch_ms=316.4 | prefetch_q=99 | elapsed=336805.1s
progress | opt_step=84725/172211 | micro_step=677800/1377681 | stage=stage3 | span=1 | train_loss=2.3256 | lr=9.88954e-05 | cpu_batch_ms=0.9 | provider_batch_ms=230.2 | prefetch_q=98 | elapsed=336923.0s
progress | opt_step=84750/172211 | micro_step=678000/1377681 | stage=stage3 | span=1 | train_loss=2.3845 | lr=9.88369e-05 | cpu_batch_ms=0.9 | provider_batch_ms=285.9 | prefetch_q=100 | elapsed=337016.6s
progress | opt_step=84775/172211 | micro_step=678200/1377681 | stage=stage3 | span=1 | train_loss=2.7960 | lr=9.87785e-05 | cpu_batch_ms=0.9 | provider_batch_ms=306.3 | prefetch_q=100 | elapsed=337109.9s
progress | opt_step=84800/172211 | micro_step=678400/1377681 | stage=stage3 | span=1 | train_loss=2.1300 | lr=9.872e-05 | cpu_batch_ms=0.9 | provider_batch_ms=315.8 | prefetch_q=100 | elapsed=337202.9s
eval | opt_step=84800 | micro_step=678400 | train_loss=2.1300 | val_loss=2.7918 | val_ppl=16.31
